subjid,event,meanamp
Per_Choice_119_rb.ept,CorrectFdbk,4.137277004
Per_Choice_119_rb.ept,CorrectFdbk,8.515430276
Per_Choice_119_rb.ept,CorrectFdbk,-3.061610672
Per_Choice_119_rb.ept,CorrectFdbk,1.017663211
Per_Choice_119_rb.ept,CorrectFdbk,5.45939726
Per_Choice_119_rb.ept,CorrectFdbk,0.311290079
Per_Choice_119_rb.ept,CorrectFdbk,5.300638171
Per_Choice_119_rb.ept,CorrectFdbk,0.005046049
Per_Choice_119_rb.ept,CorrectFdbk,-0.119202911
Per_Choice_119_rb.ept,CorrectFdbk,6.80189805
Per_Choice_119_rb.ept,CorrectFdbk,7.958879035
Per_Choice_119_rb.ept,CorrectFdbk,2.832475827
Per_Choice_119_rb.ept,CorrectFdbk,3.199621254
Per_Choice_119_rb.ept,CorrectFdbk,2.609074688
Per_Choice_119_rb.ept,CorrectFdbk,8.056593066
Per_Choice_119_rb.ept,CorrectFdbk,7.816532624
Per_Choice_119_rb.ept,CorrectFdbkFood,4.137322918
Per_Choice_119_rb.ept,CorrectFdbkFood,8.515430276
Per_Choice_119_rb.ept,CorrectFdbkFood,-3.061610672
Per_Choice_119_rb.ept,CorrectFdbkFood,1.017663211
Per_Choice_119_rb.ept,CorrectFdbkFood,0.311290079
Per_Choice_119_rb.ept,CorrectFdbkFood,5.300638171
Per_Choice_119_rb.ept,CorrectFdbkFood,0.005051881
Per_Choice_119_rb.ept,CorrectFdbkFood,-0.119202911
Per_Choice_119_rb.ept,CorrectFdbkFood,6.80189805
Per_Choice_119_rb.ept,CorrectFdbkFood,7.958879035
Per_Choice_119_rb.ept,CorrectFdbkFood,2.832702456
Per_Choice_119_rb.ept,CorrectFdbkFood,3.199621254
Per_Choice_119_rb.ept,CorrectFdbkFood,8.056593066
Per_Choice_119_rb.ept,CorrectFdbkFood,7.816511374
Per_Choice_119_rb.ept,IncorrectFdbk,-2.680939021
Per_Choice_119_rb.ept,IncorrectFdbk,-6.630971934
Per_Choice_119_rb.ept,IncorrectFdbk,-0.402924721
Per_Choice_119_rb.ept,IncorrectFdbk,3.201126501
Per_Choice_119_rb.ept,IncorrectFdbk,-4.062581214
Per_Choice_119_rb.ept,IncorrectFdbk,0.303974719
Per_Choice_119_rb.ept,IncorrectFdbk,-0.671506945
Per_Choice_119_rb.ept,IncorrectFdbk,1.501162889
Per_Choice_119_rb.ept,IncorrectFdbk,0.014273258
Per_Choice_119_rb.ept,IncorrectFdbk,1.166012778
Per_Choice_119_rb.ept,IncorrectFdbk,2.207081067
Per_Choice_119_rb.ept,IncorrectFdbk,4.358473344
Per_Choice_119_rb.ept,IncorrectFdbk,-0.211055053
Per_Choice_119_rb.ept,IncorrectFdbk,0.930916161
Per_Choice_119_rb.ept,IncorrectFdbk,-7.094382843
Per_Choice_119_rb.ept,IncorrectFdbk,0.077540464
Per_Choice_119_rb.ept,IncorrectFdbk,-0.195651325
Per_Choice_119_rb.ept,IncorrectFdbk,2.167881368
Per_Choice_119_rb.ept,IncorrectFdbk,4.60986149
Per_Choice_119_rb.ept,IncorrectFdbk,-0.760350777
Per_Choice_120_rb.ept,CorrectFdbk,5.739486201
Per_Choice_120_rb.ept,CorrectFdbk,16.41066393
Per_Choice_120_rb.ept,CorrectFdbk,12.20200159
Per_Choice_120_rb.ept,CorrectFdbk,1.909790353
Per_Choice_120_rb.ept,CorrectFdbk,12.21379788
Per_Choice_120_rb.ept,CorrectFdbk,2.275925348
Per_Choice_120_rb.ept,CorrectFdbk,18.16551847
Per_Choice_120_rb.ept,CorrectFdbk,10.28212546
Per_Choice_120_rb.ept,CorrectFdbk,4.581138035
Per_Choice_120_rb.ept,CorrectFdbk,30.51073374
Per_Choice_120_rb.ept,CorrectFdbk,4.13593497
Per_Choice_120_rb.ept,CorrectFdbk,8.736424381
Per_Choice_120_rb.ept,CorrectFdbk,13.93264286
Per_Choice_120_rb.ept,CorrectFdbk,15.79776935
Per_Choice_120_rb.ept,CorrectFdbk,0.266222435
Per_Choice_120_rb.ept,CorrectFdbkFood,7.960061535
Per_Choice_120_rb.ept,CorrectFdbkFood,16.41090007
Per_Choice_120_rb.ept,CorrectFdbkFood,12.20200159
Per_Choice_120_rb.ept,CorrectFdbkFood,10.28212546
Per_Choice_120_rb.ept,CorrectFdbkFood,4.580818204
Per_Choice_120_rb.ept,CorrectFdbkFood,30.51073374
Per_Choice_120_rb.ept,CorrectFdbkFood,4.13593497
Per_Choice_120_rb.ept,CorrectFdbkFood,13.93264286
Per_Choice_120_rb.ept,CorrectFdbkFood,15.79776906
Per_Choice_120_rb.ept,CorrectFdbkFood,0.266222435
Per_Choice_120_rb.ept,IncorrectFdbk,3.981929731
Per_Choice_120_rb.ept,IncorrectFdbk,6.248939625
Per_Choice_120_rb.ept,IncorrectFdbk,2.17270874
Per_Choice_120_rb.ept,IncorrectFdbk,12.8571742
Per_Choice_120_rb.ept,IncorrectFdbk,9.044161604
Per_Choice_120_rb.ept,IncorrectFdbk,19.45695287
Per_Choice_120_rb.ept,IncorrectFdbk,7.048573717
Per_Choice_120_rb.ept,IncorrectFdbk,6.567500352
Per_Choice_120_rb.ept,IncorrectFdbk,3.13914121
Per_Choice_120_rb.ept,IncorrectFdbk,2.64591065
Per_Choice_120_rb.ept,IncorrectFdbk,1.832098737
Per_Choice_120_rb.ept,IncorrectFdbk,13.19561432
Per_Choice_120_rb.ept,IncorrectFdbk,4.305297233
Per_Choice_120_rb.ept,IncorrectFdbk,1.891041447
Per_Choice_120_rb.ept,IncorrectFdbk,13.66975148
Per_Choice_120_rb.ept,IncorrectFdbk,7.928666189
Per_Choice_120_rb.ept,IncorrectFdbk,4.376805135
Per_Choice_121_rb.ept,CorrectFdbk,0.69471212
Per_Choice_121_rb.ept,CorrectFdbk,5.224630831
Per_Choice_121_rb.ept,CorrectFdbk,-0.888999111
Per_Choice_121_rb.ept,CorrectFdbk,6.172287855
Per_Choice_121_rb.ept,CorrectFdbk,-1.071256206
Per_Choice_121_rb.ept,CorrectFdbk,5.130387784
Per_Choice_121_rb.ept,CorrectFdbk,6.316314357
Per_Choice_121_rb.ept,CorrectFdbk,4.70875132
Per_Choice_121_rb.ept,CorrectFdbk,0.846582702
Per_Choice_121_rb.ept,CorrectFdbkFood,0.694341513
Per_Choice_121_rb.ept,CorrectFdbkFood,-1.071256206
Per_Choice_121_rb.ept,CorrectFdbkFood,5.130387784
Per_Choice_121_rb.ept,CorrectFdbkFood,6.316314357
Per_Choice_121_rb.ept,CorrectFdbkFood,4.70886236
Per_Choice_121_rb.ept,IncorrectFdbk,4.075231514
Per_Choice_121_rb.ept,IncorrectFdbk,8.166464677
Per_Choice_121_rb.ept,IncorrectFdbk,4.894254779
Per_Choice_121_rb.ept,IncorrectFdbk,-1.975904336
Per_Choice_121_rb.ept,IncorrectFdbk,-2.870616075
Per_Choice_122_rb.ept,CorrectFdbk,12.57697196
Per_Choice_122_rb.ept,CorrectFdbk,6.626837911
Per_Choice_122_rb.ept,CorrectFdbk,6.96275714
Per_Choice_122_rb.ept,CorrectFdbk,3.145769702
Per_Choice_122_rb.ept,CorrectFdbk,10.37622747
Per_Choice_122_rb.ept,CorrectFdbk,5.80801742
Per_Choice_122_rb.ept,CorrectFdbk,-3.098442299
Per_Choice_122_rb.ept,CorrectFdbk,8.801408682
Per_Choice_122_rb.ept,CorrectFdbk,7.804075109
Per_Choice_122_rb.ept,CorrectFdbk,10.12220915
Per_Choice_122_rb.ept,CorrectFdbk,8.634204964
Per_Choice_122_rb.ept,CorrectFdbk,0.748495165
Per_Choice_122_rb.ept,CorrectFdbk,3.258079983
Per_Choice_122_rb.ept,CorrectFdbk,23.88434168
Per_Choice_122_rb.ept,CorrectFdbk,11.39327873
Per_Choice_122_rb.ept,CorrectFdbk,11.35191827
Per_Choice_122_rb.ept,CorrectFdbk,2.906470753
Per_Choice_122_rb.ept,CorrectFdbk,13.37833124
Per_Choice_122_rb.ept,CorrectFdbkFood,12.57697196
Per_Choice_122_rb.ept,CorrectFdbkFood,6.62684613
Per_Choice_122_rb.ept,CorrectFdbkFood,3.145769702
Per_Choice_122_rb.ept,CorrectFdbkFood,8.801492527
Per_Choice_122_rb.ept,CorrectFdbkFood,7.804066841
Per_Choice_122_rb.ept,CorrectFdbkFood,10.12220915
Per_Choice_122_rb.ept,CorrectFdbkFood,8.634204964
Per_Choice_122_rb.ept,CorrectFdbkFood,0.681275642
Per_Choice_122_rb.ept,CorrectFdbkFood,11.39328207
Per_Choice_122_rb.ept,CorrectFdbkFood,13.37833124
Per_Choice_122_rb.ept,IncorrectFdbk,15.80980805
Per_Choice_122_rb.ept,IncorrectFdbk,9.030738088
Per_Choice_122_rb.ept,IncorrectFdbk,-4.213893912
Per_Choice_122_rb.ept,IncorrectFdbk,11.74598821
Per_Choice_122_rb.ept,IncorrectFdbk,12.26309459
Per_Choice_122_rb.ept,IncorrectFdbk,-0.556640513
Per_Choice_122_rb.ept,IncorrectFdbk,3.571475741
Per_Choice_122_rb.ept,IncorrectFdbk,12.96799175
Per_Choice_122_rb.ept,IncorrectFdbk,9.435348768
Per_Choice_122_rb.ept,IncorrectFdbk,15.65956918
Per_Choice_122_rb.ept,IncorrectFdbk,12.82806435
Per_Choice_122_rb.ept,IncorrectFdbk,7.124435521
Per_Choice_122_rb.ept,IncorrectFdbk,4.495930001
Per_Choice_122_rb.ept,IncorrectFdbk,4.363461096
Per_Choice_122_rb.ept,IncorrectFdbk,11.12967719
Per_Choice_123_rb.ept,CorrectFdbk,5.690502415
Per_Choice_123_rb.ept,CorrectFdbk,-0.732974527
Per_Choice_123_rb.ept,CorrectFdbk,4.038688908
Per_Choice_123_rb.ept,CorrectFdbk,1.02126662
Per_Choice_123_rb.ept,CorrectFdbk,6.06017228
Per_Choice_123_rb.ept,CorrectFdbk,1.913406283
Per_Choice_123_rb.ept,CorrectFdbk,5.784733172
Per_Choice_123_rb.ept,CorrectFdbk,4.108827962
Per_Choice_123_rb.ept,CorrectFdbk,4.580272215
Per_Choice_123_rb.ept,CorrectFdbk,6.459294046
Per_Choice_123_rb.ept,CorrectFdbk,-0.93176189
Per_Choice_123_rb.ept,CorrectFdbk,-0.261086524
Per_Choice_123_rb.ept,CorrectFdbk,6.407957951
Per_Choice_123_rb.ept,CorrectFdbk,3.397560635
Per_Choice_123_rb.ept,CorrectFdbk,1.83985726
Per_Choice_123_rb.ept,CorrectFdbk,14.39234576
Per_Choice_123_rb.ept,CorrectFdbkFood,-0.732974527
Per_Choice_123_rb.ept,CorrectFdbkFood,1.021038634
Per_Choice_123_rb.ept,CorrectFdbkFood,5.784733172
Per_Choice_123_rb.ept,CorrectFdbkFood,4.108827962
Per_Choice_123_rb.ept,CorrectFdbkFood,4.580271569
Per_Choice_123_rb.ept,CorrectFdbkFood,6.459294046
Per_Choice_123_rb.ept,CorrectFdbkFood,-0.93176189
Per_Choice_123_rb.ept,CorrectFdbkFood,-0.261086524
Per_Choice_123_rb.ept,CorrectFdbkFood,6.407957951
Per_Choice_123_rb.ept,CorrectFdbkFood,1.83985726
Per_Choice_123_rb.ept,CorrectFdbkFood,14.39233809
Per_Choice_123_rb.ept,IncorrectFdbk,2.271746125
Per_Choice_123_rb.ept,IncorrectFdbk,-0.238930059
Per_Choice_123_rb.ept,IncorrectFdbk,7.749761291
Per_Choice_123_rb.ept,IncorrectFdbk,-1.46949808
Per_Choice_123_rb.ept,IncorrectFdbk,7.218811592
Per_Choice_123_rb.ept,IncorrectFdbk,2.563998239
Per_Choice_123_rb.ept,IncorrectFdbk,-2.391226487
Per_Choice_123_rb.ept,IncorrectFdbk,0.29903971
Per_Choice_123_rb.ept,IncorrectFdbk,-0.645407866
Per_Choice_123_rb.ept,IncorrectFdbk,12.0426298
Per_Choice_123_rb.ept,IncorrectFdbk,4.67766498
Per_Choice_123_rb.ept,IncorrectFdbk,-2.07764709
Per_Choice_123_rb.ept,IncorrectFdbk,-0.930481631
Per_Choice_123_rb.ept,IncorrectFdbk,0.676359706
Per_Choice_123_rb.ept,IncorrectFdbk,-6.764527746
Per_Choice_123_rb.ept,IncorrectFdbk,1.520912976
Per_Choice_123_rb.ept,IncorrectFdbk,2.69415244
Per_Choice_124_rb.ept,CorrectFdbk,3.318577719
Per_Choice_124_rb.ept,CorrectFdbk,28.70175908
Per_Choice_124_rb.ept,CorrectFdbk,2.944712993
Per_Choice_124_rb.ept,CorrectFdbk,16.73095201
Per_Choice_124_rb.ept,CorrectFdbk,9.144108896
Per_Choice_124_rb.ept,CorrectFdbk,-1.127545394
Per_Choice_124_rb.ept,CorrectFdbk,9.704252426
Per_Choice_124_rb.ept,CorrectFdbk,8.862609952
Per_Choice_124_rb.ept,CorrectFdbk,8.85787167
Per_Choice_124_rb.ept,CorrectFdbk,8.099059432
Per_Choice_124_rb.ept,CorrectFdbk,12.86910063
Per_Choice_124_rb.ept,CorrectFdbk,13.78360708
Per_Choice_124_rb.ept,CorrectFdbk,6.612523666
Per_Choice_124_rb.ept,CorrectFdbk,1.068603937
Per_Choice_124_rb.ept,CorrectFdbk,-2.018024537
Per_Choice_124_rb.ept,CorrectFdbk,8.181956427
Per_Choice_124_rb.ept,CorrectFdbk,-2.2772279
Per_Choice_124_rb.ept,CorrectFdbk,0.493855183
Per_Choice_124_rb.ept,CorrectFdbk,1.514402578
Per_Choice_124_rb.ept,CorrectFdbk,23.77227391
Per_Choice_124_rb.ept,CorrectFdbk,14.5316699
Per_Choice_124_rb.ept,CorrectFdbk,10.45092852
Per_Choice_124_rb.ept,CorrectFdbkFood,3.318754629
Per_Choice_124_rb.ept,CorrectFdbkFood,28.70175908
Per_Choice_124_rb.ept,CorrectFdbkFood,2.944712993
Per_Choice_124_rb.ept,CorrectFdbkFood,16.73095201
Per_Choice_124_rb.ept,CorrectFdbkFood,9.144108896
Per_Choice_124_rb.ept,CorrectFdbkFood,-1.127545394
Per_Choice_124_rb.ept,CorrectFdbkFood,8.862609952
Per_Choice_124_rb.ept,CorrectFdbkFood,8.85787167
Per_Choice_124_rb.ept,CorrectFdbkFood,8.099059432
Per_Choice_124_rb.ept,CorrectFdbkFood,12.86910063
Per_Choice_124_rb.ept,CorrectFdbkFood,13.78360708
Per_Choice_124_rb.ept,CorrectFdbkFood,1.068603937
Per_Choice_124_rb.ept,CorrectFdbkFood,-2.018024537
Per_Choice_124_rb.ept,CorrectFdbkFood,8.181956427
Per_Choice_124_rb.ept,CorrectFdbkFood,0.118164557
Per_Choice_124_rb.ept,CorrectFdbkFood,23.6239267
Per_Choice_124_rb.ept,CorrectFdbkFood,10.45092852
Per_Choice_124_rb.ept,IncorrectFdbk,6.871118218
Per_Choice_124_rb.ept,IncorrectFdbk,20.12299928
Per_Choice_124_rb.ept,IncorrectFdbk,8.59166162
Per_Choice_124_rb.ept,IncorrectFdbk,14.31862634
Per_Choice_124_rb.ept,IncorrectFdbk,8.364985416
Per_Choice_124_rb.ept,IncorrectFdbk,8.512156929
Per_Choice_124_rb.ept,IncorrectFdbk,15.99856315
Per_Choice_124_rb.ept,IncorrectFdbk,16.45344026
Per_Choice_124_rb.ept,IncorrectFdbk,17.06986973
Per_Choice_124_rb.ept,IncorrectFdbk,4.983156692
Per_Choice_124_rb.ept,IncorrectFdbk,5.234438757
Per_Choice_124_rb.ept,IncorrectFdbk,9.621522842
Per_Choice_124_rb.ept,IncorrectFdbk,13.03668848
Per_Choice_124_rb.ept,IncorrectFdbk,-0.824781828
Per_Choice_124_rb.ept,IncorrectFdbk,1.037445135
Per_Choice_124_rb.ept,IncorrectFdbk,16.51124649
Per_Choice_124_rb.ept,IncorrectFdbk,11.97235031
Per_Choice_124_rb.ept,IncorrectFdbk,0.277615342
Per_Choice_124_rb.ept,IncorrectFdbk,16.87386106
Per_Choice_124_rb.ept,IncorrectFdbk,11.48575631
Per_Choice_125_rb.ept,CorrectFdbk,7.062730481
Per_Choice_125_rb.ept,CorrectFdbk,-0.307655214
Per_Choice_125_rb.ept,CorrectFdbk,-2.430627956
Per_Choice_125_rb.ept,CorrectFdbkFood,7.062730481
Per_Choice_125_rb.ept,CorrectFdbkFood,-0.307655214
Per_Choice_125_rb.ept,IncorrectFdbk,0.195842538
Per_Choice_125_rb.ept,IncorrectFdbk,0.516264973
Per_Choice_125_rb.ept,IncorrectFdbk,-6.766957723
Per_Choice_125_rb.ept,IncorrectFdbk,-0.075641773
Per_Choice_125_rb.ept,IncorrectFdbk,-12.97034836
Per_Choice_126_rb.ept,CorrectFdbk,-0.876468364
Per_Choice_126_rb.ept,CorrectFdbk,5.912032109
Per_Choice_126_rb.ept,CorrectFdbk,0.17775148
Per_Choice_126_rb.ept,CorrectFdbk,10.26194012
Per_Choice_126_rb.ept,CorrectFdbk,2.66947897
Per_Choice_126_rb.ept,CorrectFdbk,8.72744649
Per_Choice_126_rb.ept,CorrectFdbk,10.61847546
Per_Choice_126_rb.ept,CorrectFdbk,-0.099916458
Per_Choice_126_rb.ept,CorrectFdbk,-3.251994164
Per_Choice_126_rb.ept,CorrectFdbk,9.593733156
Per_Choice_126_rb.ept,CorrectFdbk,10.3832054
Per_Choice_126_rb.ept,CorrectFdbk,-0.542794096
Per_Choice_126_rb.ept,CorrectFdbk,4.888280713
Per_Choice_126_rb.ept,CorrectFdbk,1.434991934
Per_Choice_126_rb.ept,CorrectFdbk,0.062079494
Per_Choice_126_rb.ept,CorrectFdbk,-0.488333605
Per_Choice_126_rb.ept,CorrectFdbk,11.58016486
Per_Choice_126_rb.ept,CorrectFdbk,0.15298244
Per_Choice_126_rb.ept,CorrectFdbk,-6.586790081
Per_Choice_126_rb.ept,CorrectFdbk,2.532232384
Per_Choice_126_rb.ept,CorrectFdbk,0.908150097
Per_Choice_126_rb.ept,CorrectFdbk,3.777334452
Per_Choice_126_rb.ept,CorrectFdbkFood,5.912032109
Per_Choice_126_rb.ept,CorrectFdbkFood,0.177751352
Per_Choice_126_rb.ept,CorrectFdbkFood,10.26194012
Per_Choice_126_rb.ept,CorrectFdbkFood,2.668941214
Per_Choice_126_rb.ept,CorrectFdbkFood,8.72744649
Per_Choice_126_rb.ept,CorrectFdbkFood,-0.099851738
Per_Choice_126_rb.ept,CorrectFdbkFood,9.593715141
Per_Choice_126_rb.ept,CorrectFdbkFood,10.38320586
Per_Choice_126_rb.ept,CorrectFdbkFood,-0.542354556
Per_Choice_126_rb.ept,CorrectFdbkFood,-0.488373448
Per_Choice_126_rb.ept,CorrectFdbkFood,11.58017402
Per_Choice_126_rb.ept,CorrectFdbkFood,2.532232384
Per_Choice_126_rb.ept,CorrectFdbkFood,0.908150097
Per_Choice_126_rb.ept,CorrectFdbkFood,3.777334452
Per_Choice_126_rb.ept,IncorrectFdbk,5.419329551
Per_Choice_126_rb.ept,IncorrectFdbk,1.83695738
Per_Choice_126_rb.ept,IncorrectFdbk,3.911026272
Per_Choice_126_rb.ept,IncorrectFdbk,7.529183021
Per_Choice_126_rb.ept,IncorrectFdbk,7.880378792
Per_Choice_126_rb.ept,IncorrectFdbk,0.277013894
Per_Choice_126_rb.ept,IncorrectFdbk,3.898377871
Per_Choice_126_rb.ept,IncorrectFdbk,8.461673733
Per_Choice_126_rb.ept,IncorrectFdbk,2.850939619
Per_Choice_126_rb.ept,IncorrectFdbk,8.810099288
Per_Choice_126_rb.ept,IncorrectFdbk,6.753182808
Per_Choice_126_rb.ept,IncorrectFdbk,1.373968526
Per_Choice_126_rb.ept,IncorrectFdbk,-0.221066958
Per_Choice_126_rb.ept,IncorrectFdbk,8.309340357
Per_Choice_126_rb.ept,IncorrectFdbk,-1.371229122
Per_Choice_126_rb.ept,IncorrectFdbk,10.31362989
Per_Choice_126_rb.ept,IncorrectFdbk,5.431591611
Per_Choice_126_rb.ept,IncorrectFdbk,-2.460324462
Per_Choice_126_rb.ept,IncorrectFdbk,-1.266039977
Per_Choice_126_rb.ept,IncorrectFdbk,-4.124435073
Per_Choice_127_rb.ept,CorrectFdbk,4.952453353
Per_Choice_127_rb.ept,CorrectFdbk,8.353993561
Per_Choice_127_rb.ept,CorrectFdbk,0.043988584
Per_Choice_127_rb.ept,CorrectFdbk,11.27919047
Per_Choice_127_rb.ept,CorrectFdbk,5.189961747
Per_Choice_127_rb.ept,CorrectFdbk,6.740449814
Per_Choice_127_rb.ept,CorrectFdbk,-3.165711464
Per_Choice_127_rb.ept,CorrectFdbk,5.818985764
Per_Choice_127_rb.ept,CorrectFdbk,-1.508259559
Per_Choice_127_rb.ept,CorrectFdbk,-0.054918869
Per_Choice_127_rb.ept,CorrectFdbk,-2.704291246
Per_Choice_127_rb.ept,CorrectFdbk,1.167574211
Per_Choice_127_rb.ept,CorrectFdbk,0.43460766
Per_Choice_127_rb.ept,CorrectFdbk,6.0095147
Per_Choice_127_rb.ept,CorrectFdbk,1.675228631
Per_Choice_127_rb.ept,CorrectFdbk,8.833251652
Per_Choice_127_rb.ept,CorrectFdbk,4.139961658
Per_Choice_127_rb.ept,CorrectFdbk,-1.039122607
Per_Choice_127_rb.ept,CorrectFdbk,14.6320431
Per_Choice_127_rb.ept,CorrectFdbk,7.698405321
Per_Choice_127_rb.ept,CorrectFdbk,2.298141889
Per_Choice_127_rb.ept,CorrectFdbk,-2.609411158
Per_Choice_127_rb.ept,CorrectFdbk,12.17947153
Per_Choice_127_rb.ept,CorrectFdbk,6.777954026
Per_Choice_127_rb.ept,CorrectFdbkFood,4.952453353
Per_Choice_127_rb.ept,CorrectFdbkFood,8.353993561
Per_Choice_127_rb.ept,CorrectFdbkFood,0.043988584
Per_Choice_127_rb.ept,CorrectFdbkFood,11.27920066
Per_Choice_127_rb.ept,CorrectFdbkFood,5.189961747
Per_Choice_127_rb.ept,CorrectFdbkFood,6.740449814
Per_Choice_127_rb.ept,CorrectFdbkFood,5.818985764
Per_Choice_127_rb.ept,CorrectFdbkFood,-1.508259559
Per_Choice_127_rb.ept,CorrectFdbkFood,-0.054918869
Per_Choice_127_rb.ept,CorrectFdbkFood,-2.704291246
Per_Choice_127_rb.ept,CorrectFdbkFood,1.167574211
Per_Choice_127_rb.ept,CorrectFdbkFood,1.675194578
Per_Choice_127_rb.ept,CorrectFdbkFood,8.833251044
Per_Choice_127_rb.ept,CorrectFdbkFood,4.139961658
Per_Choice_127_rb.ept,CorrectFdbkFood,-1.014883896
Per_Choice_127_rb.ept,CorrectFdbkFood,7.698405321
Per_Choice_127_rb.ept,CorrectFdbkFood,-2.609272404
Per_Choice_127_rb.ept,IncorrectFdbk,1.61576569
Per_Choice_127_rb.ept,IncorrectFdbk,4.417236505
Per_Choice_127_rb.ept,IncorrectFdbk,3.276994535
Per_Choice_127_rb.ept,IncorrectFdbk,1.49342307
Per_Choice_127_rb.ept,IncorrectFdbk,0.062947132
Per_Choice_127_rb.ept,IncorrectFdbk,-0.988838587
Per_Choice_127_rb.ept,IncorrectFdbk,-1.358535042
Per_Choice_127_rb.ept,IncorrectFdbk,-0.567726148
Per_Choice_127_rb.ept,IncorrectFdbk,3.33754089
Per_Choice_127_rb.ept,IncorrectFdbk,0.574381312
Per_Choice_127_rb.ept,IncorrectFdbk,6.503177763
Per_Choice_127_rb.ept,IncorrectFdbk,4.933858692
Per_Choice_127_rb.ept,IncorrectFdbk,-1.895615356
Per_Choice_127_rb.ept,IncorrectFdbk,1.368626147
Per_Choice_127_rb.ept,IncorrectFdbk,1.523374984
Per_Choice_127_rb.ept,IncorrectFdbk,0.793827324
Per_Choice_127_rb.ept,IncorrectFdbk,2.526531872
Per_Choice_127_rb.ept,IncorrectFdbk,9.754235185
Per_Choice_127_rb.ept,IncorrectFdbk,2.43298509
Per_Choice_127_rb.ept,IncorrectFdbk,1.580984102
Per_Choice_127_rb.ept,IncorrectFdbk,-4.320074793
Per_Choice_127_rb.ept,IncorrectFdbk,-1.041003942
Per_Choice_127_rb.ept,IncorrectFdbk,-0.263021057
Per_Choice_128_rb.ept,CorrectFdbk,8.665657231
Per_Choice_128_rb.ept,CorrectFdbk,13.90651514
Per_Choice_128_rb.ept,CorrectFdbk,-7.428259119
Per_Choice_128_rb.ept,CorrectFdbk,3.716056936
Per_Choice_128_rb.ept,CorrectFdbkFood,8.665657231
Per_Choice_128_rb.ept,CorrectFdbkFood,13.90645341
Per_Choice_128_rb.ept,CorrectFdbkFood,3.716074352
Per_Choice_128_rb.ept,IncorrectFdbk,5.055295536
Per_Choice_128_rb.ept,IncorrectFdbk,6.635498232
Per_Choice_128_rb.ept,IncorrectFdbk,11.04994503
Per_Choice_128_rb.ept,IncorrectFdbk,-3.659882897
Per_Choice_128_rb.ept,IncorrectFdbk,7.767486318
Per_Choice_128_rb.ept,IncorrectFdbk,7.640636857
Per_Choice_129_rb.ept,CorrectFdbk,1.099270787
Per_Choice_129_rb.ept,CorrectFdbk,7.257914992
Per_Choice_129_rb.ept,CorrectFdbkFood,1.099114672
Per_Choice_129_rb.ept,CorrectFdbkFood,7.257914992
Per_Choice_129_rb.ept,IncorrectFdbk,6.687378199
Per_Choice_129_rb.ept,IncorrectFdbk,-3.759373069
Per_Choice_129_rb.ept,IncorrectFdbk,-2.787230746
Per_Choice_130_rb.ept,CorrectFdbk,1.121542322
Per_Choice_130_rb.ept,CorrectFdbk,4.672858049
Per_Choice_130_rb.ept,CorrectFdbk,8.024082673
Per_Choice_130_rb.ept,CorrectFdbk,13.49764209
Per_Choice_130_rb.ept,CorrectFdbk,2.590451749
Per_Choice_130_rb.ept,CorrectFdbk,4.077649181
Per_Choice_130_rb.ept,CorrectFdbk,5.656741144
Per_Choice_130_rb.ept,CorrectFdbk,1.04686711
Per_Choice_130_rb.ept,CorrectFdbk,8.315576662
Per_Choice_130_rb.ept,CorrectFdbk,-0.767071273
Per_Choice_130_rb.ept,CorrectFdbk,-6.690786481
Per_Choice_130_rb.ept,CorrectFdbk,3.305070681
Per_Choice_130_rb.ept,CorrectFdbk,-9.8179686
Per_Choice_130_rb.ept,CorrectFdbk,19.26438927
Per_Choice_130_rb.ept,CorrectFdbk,8.583996399
Per_Choice_130_rb.ept,CorrectFdbk,5.953734071
Per_Choice_130_rb.ept,CorrectFdbk,9.441018112
Per_Choice_130_rb.ept,CorrectFdbk,8.895633785
Per_Choice_130_rb.ept,CorrectFdbk,9.887306111
Per_Choice_130_rb.ept,CorrectFdbk,8.762571238
Per_Choice_130_rb.ept,CorrectFdbk,12.01295017
Per_Choice_130_rb.ept,CorrectFdbk,8.162101171
Per_Choice_130_rb.ept,CorrectFdbk,9.99435296
Per_Choice_130_rb.ept,CorrectFdbk,7.748658601
Per_Choice_130_rb.ept,CorrectFdbk,7.240927589
Per_Choice_130_rb.ept,CorrectFdbkFood,1.121738658
Per_Choice_130_rb.ept,CorrectFdbkFood,4.672858049
Per_Choice_130_rb.ept,CorrectFdbkFood,8.024082673
Per_Choice_130_rb.ept,CorrectFdbkFood,2.590451749
Per_Choice_130_rb.ept,CorrectFdbkFood,5.656741144
Per_Choice_130_rb.ept,CorrectFdbkFood,8.315576662
Per_Choice_130_rb.ept,CorrectFdbkFood,-9.81796372
Per_Choice_130_rb.ept,CorrectFdbkFood,19.26438927
Per_Choice_130_rb.ept,CorrectFdbkFood,8.583996399
Per_Choice_130_rb.ept,CorrectFdbkFood,5.953734071
Per_Choice_130_rb.ept,CorrectFdbkFood,9.441018112
Per_Choice_130_rb.ept,CorrectFdbkFood,8.895633785
Per_Choice_130_rb.ept,CorrectFdbkFood,9.887306111
Per_Choice_130_rb.ept,CorrectFdbkFood,8.762571238
Per_Choice_130_rb.ept,CorrectFdbkFood,8.162101171
Per_Choice_130_rb.ept,CorrectFdbkFood,9.99435296
Per_Choice_130_rb.ept,CorrectFdbkFood,7.748658601
Per_Choice_130_rb.ept,CorrectFdbkFood,7.240927589
Per_Choice_130_rb.ept,IncorrectFdbk,6.062907034
Per_Choice_130_rb.ept,IncorrectFdbk,2.919058446
Per_Choice_130_rb.ept,IncorrectFdbk,15.47933092
Per_Choice_130_rb.ept,IncorrectFdbk,5.782496705
Per_Choice_130_rb.ept,IncorrectFdbk,15.4039039
Per_Choice_130_rb.ept,IncorrectFdbk,6.351285027
Per_Choice_130_rb.ept,IncorrectFdbk,4.436204174
Per_Choice_130_rb.ept,IncorrectFdbk,-1.311099992
Per_Choice_130_rb.ept,IncorrectFdbk,12.8359639
Per_Choice_130_rb.ept,IncorrectFdbk,1.518723842
Per_Choice_130_rb.ept,IncorrectFdbk,4.636417226
Per_Choice_130_rb.ept,IncorrectFdbk,8.164579019
Per_Choice_130_rb.ept,IncorrectFdbk,12.48543631
Per_Choice_130_rb.ept,IncorrectFdbk,4.004202711
Per_Choice_130_rb.ept,IncorrectFdbk,6.31098018
Per_Choice_130_rb.ept,IncorrectFdbk,5.874121078
Per_Choice_130_rb.ept,IncorrectFdbk,11.26734405
Per_Choice_130_rb.ept,IncorrectFdbk,15.74865394
Per_Choice_130_rb.ept,IncorrectFdbk,8.121420657
Per_Choice_130_rb.ept,IncorrectFdbk,10.092187
Per_Choice_130_rb.ept,IncorrectFdbk,6.67518762
Per_Choice_130_rb.ept,IncorrectFdbk,10.53123267
Per_Choice_130_rb.ept,IncorrectFdbk,11.10072315
Per_Choice_130_rb.ept,IncorrectFdbk,17.93471308
Per_Choice_131_rb.ept,CorrectFdbk,14.98549542
Per_Choice_131_rb.ept,CorrectFdbk,19.85382909
Per_Choice_131_rb.ept,CorrectFdbk,17.60658685
Per_Choice_131_rb.ept,CorrectFdbk,28.18647572
Per_Choice_131_rb.ept,CorrectFdbk,18.87611018
Per_Choice_131_rb.ept,CorrectFdbk,14.40930971
Per_Choice_131_rb.ept,CorrectFdbk,24.6303423
Per_Choice_131_rb.ept,CorrectFdbk,19.84404217
Per_Choice_131_rb.ept,CorrectFdbk,28.61587666
Per_Choice_131_rb.ept,CorrectFdbk,17.59708078
Per_Choice_131_rb.ept,CorrectFdbk,19.78575072
Per_Choice_131_rb.ept,CorrectFdbk,21.7134949
Per_Choice_131_rb.ept,CorrectFdbk,22.7049634
Per_Choice_131_rb.ept,CorrectFdbk,26.04984544
Per_Choice_131_rb.ept,CorrectFdbk,36.21455556
Per_Choice_131_rb.ept,CorrectFdbk,23.04294352
Per_Choice_131_rb.ept,CorrectFdbk,3.103104833
Per_Choice_131_rb.ept,CorrectFdbk,12.5992024
Per_Choice_131_rb.ept,CorrectFdbk,23.84453098
Per_Choice_131_rb.ept,CorrectFdbk,15.41276497
Per_Choice_131_rb.ept,CorrectFdbk,24.43409248
Per_Choice_131_rb.ept,CorrectFdbk,23.68747265
Per_Choice_131_rb.ept,CorrectFdbkFood,17.15695515
Per_Choice_131_rb.ept,CorrectFdbkFood,17.60658685
Per_Choice_131_rb.ept,CorrectFdbkFood,28.18647572
Per_Choice_131_rb.ept,CorrectFdbkFood,18.87611642
Per_Choice_131_rb.ept,CorrectFdbkFood,14.40930971
Per_Choice_131_rb.ept,CorrectFdbkFood,24.6303423
Per_Choice_131_rb.ept,CorrectFdbkFood,19.84404217
Per_Choice_131_rb.ept,CorrectFdbkFood,28.61587666
Per_Choice_131_rb.ept,CorrectFdbkFood,17.5970807
Per_Choice_131_rb.ept,CorrectFdbkFood,19.78575072
Per_Choice_131_rb.ept,CorrectFdbkFood,21.71349086
Per_Choice_131_rb.ept,CorrectFdbkFood,22.7049634
Per_Choice_131_rb.ept,CorrectFdbkFood,26.04984544
Per_Choice_131_rb.ept,CorrectFdbkFood,36.21455556
Per_Choice_131_rb.ept,CorrectFdbkFood,23.04294352
Per_Choice_131_rb.ept,CorrectFdbkFood,23.84453098
Per_Choice_131_rb.ept,CorrectFdbkFood,23.68747265
Per_Choice_131_rb.ept,IncorrectFdbk,4.309220825
Per_Choice_131_rb.ept,IncorrectFdbk,5.037487336
Per_Choice_131_rb.ept,IncorrectFdbk,12.00397729
Per_Choice_131_rb.ept,IncorrectFdbk,12.42803192
Per_Choice_131_rb.ept,IncorrectFdbk,15.66019896
Per_Choice_131_rb.ept,IncorrectFdbk,19.36893345
Per_Choice_131_rb.ept,IncorrectFdbk,12.89088961
Per_Choice_131_rb.ept,IncorrectFdbk,5.828744822
Per_Choice_131_rb.ept,IncorrectFdbk,15.30457678
Per_Choice_131_rb.ept,IncorrectFdbk,21.77229519
Per_Choice_131_rb.ept,IncorrectFdbk,29.06130166
Per_Choice_131_rb.ept,IncorrectFdbk,14.70994554
Per_Choice_131_rb.ept,IncorrectFdbk,25.57441904
Per_Choice_131_rb.ept,IncorrectFdbk,22.00493093
Per_Choice_131_rb.ept,IncorrectFdbk,16.63524017
Per_Choice_132_rb.ept,CorrectFdbk,11.32555971
Per_Choice_132_rb.ept,CorrectFdbk,11.30142618
Per_Choice_132_rb.ept,CorrectFdbk,7.746839055
Per_Choice_132_rb.ept,CorrectFdbk,14.02844727
Per_Choice_132_rb.ept,CorrectFdbk,5.158148116
Per_Choice_132_rb.ept,CorrectFdbk,1.001608256
Per_Choice_132_rb.ept,CorrectFdbk,4.244546308
Per_Choice_132_rb.ept,CorrectFdbk,0.151457837
Per_Choice_132_rb.ept,CorrectFdbk,6.427623717
Per_Choice_132_rb.ept,CorrectFdbk,6.749586883
Per_Choice_132_rb.ept,CorrectFdbk,5.731177352
Per_Choice_132_rb.ept,CorrectFdbk,9.050303799
Per_Choice_132_rb.ept,CorrectFdbk,11.19387562
Per_Choice_132_rb.ept,CorrectFdbk,12.69963877
Per_Choice_132_rb.ept,CorrectFdbk,16.93565817
Per_Choice_132_rb.ept,CorrectFdbk,2.076833518
Per_Choice_132_rb.ept,CorrectFdbk,8.002807316
Per_Choice_132_rb.ept,CorrectFdbk,10.71886147
Per_Choice_132_rb.ept,CorrectFdbk,10.90800458
Per_Choice_132_rb.ept,CorrectFdbk,12.9334686
Per_Choice_132_rb.ept,CorrectFdbk,9.74545694
Per_Choice_132_rb.ept,CorrectFdbk,6.660529656
Per_Choice_132_rb.ept,CorrectFdbk,5.518789089
Per_Choice_132_rb.ept,CorrectFdbkFood,11.32555971
Per_Choice_132_rb.ept,CorrectFdbkFood,11.30142618
Per_Choice_132_rb.ept,CorrectFdbkFood,7.746839055
Per_Choice_132_rb.ept,CorrectFdbkFood,14.02844727
Per_Choice_132_rb.ept,CorrectFdbkFood,5.431789496
Per_Choice_132_rb.ept,CorrectFdbkFood,1.001562872
Per_Choice_132_rb.ept,CorrectFdbkFood,4.244546308
Per_Choice_132_rb.ept,CorrectFdbkFood,6.427623717
Per_Choice_132_rb.ept,CorrectFdbkFood,6.749586883
Per_Choice_132_rb.ept,CorrectFdbkFood,9.050303799
Per_Choice_132_rb.ept,CorrectFdbkFood,12.69964062
Per_Choice_132_rb.ept,CorrectFdbkFood,16.93565817
Per_Choice_132_rb.ept,CorrectFdbkFood,2.076833518
Per_Choice_132_rb.ept,CorrectFdbkFood,8.002807316
Per_Choice_132_rb.ept,CorrectFdbkFood,10.90800458
Per_Choice_132_rb.ept,CorrectFdbkFood,5.518789089
Per_Choice_132_rb.ept,IncorrectFdbk,-1.941195048
Per_Choice_132_rb.ept,IncorrectFdbk,3.533618628
Per_Choice_132_rb.ept,IncorrectFdbk,7.516843456
Per_Choice_132_rb.ept,IncorrectFdbk,6.15345613
Per_Choice_132_rb.ept,IncorrectFdbk,5.488172514
Per_Choice_132_rb.ept,IncorrectFdbk,1.674574462
Per_Choice_132_rb.ept,IncorrectFdbk,-2.705097455
Per_Choice_132_rb.ept,IncorrectFdbk,15.71683352
Per_Choice_132_rb.ept,IncorrectFdbk,13.02449279
Per_Choice_132_rb.ept,IncorrectFdbk,6.405497572
Per_Choice_132_rb.ept,IncorrectFdbk,14.47022593
Per_Choice_132_rb.ept,IncorrectFdbk,0.224913604
Per_Choice_132_rb.ept,IncorrectFdbk,9.477477408
Per_Choice_132_rb.ept,IncorrectFdbk,0.397322107
Per_Choice_132_rb.ept,IncorrectFdbk,-1.837270374
Per_Choice_132_rb.ept,IncorrectFdbk,3.359710963
Per_Choice_132_rb.ept,IncorrectFdbk,1.923702473
Per_Choice_132_rb.ept,IncorrectFdbk,-1.192822269
Per_Choice_132_rb.ept,IncorrectFdbk,-0.080732743
Per_Choice_132_rb.ept,IncorrectFdbk,13.82947394
Per_Choice_132_rb.ept,IncorrectFdbk,-0.875643411
Per_Choice_132_rb.ept,IncorrectFdbk,3.832515571
Per_Choice_132_rb.ept,IncorrectFdbk,9.950860777
Per_Choice_132_rb.ept,IncorrectFdbk,3.450493171
Per_Choice_132_rb.ept,IncorrectFdbk,0.515813267
Per_Choice_133_rb.ept,CorrectFdbk,0.745450061
Per_Choice_133_rb.ept,CorrectFdbk,2.34705192
Per_Choice_133_rb.ept,CorrectFdbk,0.469275303
Per_Choice_133_rb.ept,CorrectFdbk,3.243201588
Per_Choice_133_rb.ept,CorrectFdbk,1.668519911
Per_Choice_133_rb.ept,CorrectFdbk,0.486633814
Per_Choice_133_rb.ept,CorrectFdbk,3.910292321
Per_Choice_133_rb.ept,CorrectFdbk,1.662005708
Per_Choice_133_rb.ept,CorrectFdbk,1.504188322
Per_Choice_133_rb.ept,CorrectFdbk,4.288039863
Per_Choice_133_rb.ept,CorrectFdbk,6.802559661
Per_Choice_133_rb.ept,CorrectFdbk,1.748114652
Per_Choice_133_rb.ept,CorrectFdbk,-2.034935053
Per_Choice_133_rb.ept,CorrectFdbk,-2.591619032
Per_Choice_133_rb.ept,CorrectFdbk,4.335017037
Per_Choice_133_rb.ept,CorrectFdbkFood,2.347075611
Per_Choice_133_rb.ept,CorrectFdbkFood,0.469276521
Per_Choice_133_rb.ept,CorrectFdbkFood,3.243201662
Per_Choice_133_rb.ept,CorrectFdbkFood,1.668403855
Per_Choice_133_rb.ept,CorrectFdbkFood,3.910284717
Per_Choice_133_rb.ept,CorrectFdbkFood,1.662257343
Per_Choice_133_rb.ept,CorrectFdbkFood,2.209481676
Per_Choice_133_rb.ept,CorrectFdbkFood,-2.035012455
Per_Choice_133_rb.ept,CorrectFdbkFood,4.334999581
Per_Choice_133_rb.ept,IncorrectFdbk,-4.280653364
Per_Choice_133_rb.ept,IncorrectFdbk,2.759384923
Per_Choice_133_rb.ept,IncorrectFdbk,4.10746793
Per_Choice_133_rb.ept,IncorrectFdbk,9.115228345
Per_Choice_133_rb.ept,IncorrectFdbk,-5.762453632
Per_Choice_133_rb.ept,IncorrectFdbk,-0.037536949
Per_Choice_133_rb.ept,IncorrectFdbk,-0.147503558
Per_Choice_133_rb.ept,IncorrectFdbk,0.633405741
Per_Choice_133_rb.ept,IncorrectFdbk,-5.512048647
Per_Choice_133_rb.ept,IncorrectFdbk,-1.340560836
Per_Choice_133_rb.ept,IncorrectFdbk,-1.901499785
Per_Choice_133_rb.ept,IncorrectFdbk,0.583644368
Per_Choice_133_rb.ept,IncorrectFdbk,-1.508964617
Per_Choice_133_rb.ept,IncorrectFdbk,0.010883408
Per_Choice_133_rb.ept,IncorrectFdbk,-2.224743923
Per_Choice_134_rb.ept,CorrectFdbk,7.85684375
Per_Choice_134_rb.ept,CorrectFdbk,7.317502518
Per_Choice_134_rb.ept,CorrectFdbk,10.8446701
Per_Choice_134_rb.ept,CorrectFdbk,19.23140514
Per_Choice_134_rb.ept,CorrectFdbk,13.51166674
Per_Choice_134_rb.ept,CorrectFdbk,11.95255573
Per_Choice_134_rb.ept,CorrectFdbk,-0.029642994
Per_Choice_134_rb.ept,CorrectFdbk,11.91204755
Per_Choice_134_rb.ept,CorrectFdbk,18.37835766
Per_Choice_134_rb.ept,CorrectFdbk,13.6400645
Per_Choice_134_rb.ept,CorrectFdbk,14.9156255
Per_Choice_134_rb.ept,CorrectFdbk,3.778960865
Per_Choice_134_rb.ept,CorrectFdbk,18.40218911
Per_Choice_134_rb.ept,CorrectFdbk,8.428972072
Per_Choice_134_rb.ept,CorrectFdbk,0.316900714
Per_Choice_134_rb.ept,CorrectFdbk,1.942380374
Per_Choice_134_rb.ept,CorrectFdbk,6.820169896
Per_Choice_134_rb.ept,CorrectFdbk,16.00204595
Per_Choice_134_rb.ept,CorrectFdbk,16.77521344
Per_Choice_134_rb.ept,CorrectFdbkFood,10.8446701
Per_Choice_134_rb.ept,CorrectFdbkFood,19.23140514
Per_Choice_134_rb.ept,CorrectFdbkFood,13.51166674
Per_Choice_134_rb.ept,CorrectFdbkFood,11.95255573
Per_Choice_134_rb.ept,CorrectFdbkFood,-0.029642994
Per_Choice_134_rb.ept,CorrectFdbkFood,13.6400645
Per_Choice_134_rb.ept,CorrectFdbkFood,18.50655602
Per_Choice_134_rb.ept,CorrectFdbkFood,0.316900714
Per_Choice_134_rb.ept,CorrectFdbkFood,1.942380374
Per_Choice_134_rb.ept,CorrectFdbkFood,6.820169896
Per_Choice_134_rb.ept,CorrectFdbkFood,16.77521344
Per_Choice_134_rb.ept,IncorrectFdbk,8.210943995
Per_Choice_134_rb.ept,IncorrectFdbk,8.502623191
Per_Choice_134_rb.ept,IncorrectFdbk,7.419443228
Per_Choice_134_rb.ept,IncorrectFdbk,7.232186677
Per_Choice_134_rb.ept,IncorrectFdbk,12.13130742
Per_Choice_134_rb.ept,IncorrectFdbk,5.820614231
Per_Choice_134_rb.ept,IncorrectFdbk,10.2219543
Per_Choice_134_rb.ept,IncorrectFdbk,1.633218563
Per_Choice_134_rb.ept,IncorrectFdbk,10.27895903
Per_Choice_134_rb.ept,IncorrectFdbk,10.98633881
Per_Choice_134_rb.ept,IncorrectFdbk,4.867986207
Per_Choice_134_rb.ept,IncorrectFdbk,9.608230302
Per_Choice_134_rb.ept,IncorrectFdbk,9.267208527
Per_Choice_134_rb.ept,IncorrectFdbk,2.730134316
Per_Choice_134_rb.ept,IncorrectFdbk,1.476074305
Per_Choice_134_rb.ept,IncorrectFdbk,7.384916346
Per_Choice_134_rb.ept,IncorrectFdbk,6.830340446
Per_Choice_135_rb.ept,CorrectFdbk,3.33293578
Per_Choice_135_rb.ept,CorrectFdbk,4.060370931
Per_Choice_135_rb.ept,CorrectFdbk,11.02120841
Per_Choice_135_rb.ept,CorrectFdbk,10.58180438
Per_Choice_135_rb.ept,CorrectFdbk,9.574873032
Per_Choice_135_rb.ept,CorrectFdbk,5.210264083
Per_Choice_135_rb.ept,CorrectFdbk,0.020618224
Per_Choice_135_rb.ept,CorrectFdbk,10.69631598
Per_Choice_135_rb.ept,CorrectFdbk,8.054154822
Per_Choice_135_rb.ept,CorrectFdbk,8.710253381
Per_Choice_135_rb.ept,CorrectFdbk,4.001249246
Per_Choice_135_rb.ept,CorrectFdbk,5.581061285
Per_Choice_135_rb.ept,CorrectFdbk,0.997288837
Per_Choice_135_rb.ept,CorrectFdbk,1.479448136
Per_Choice_135_rb.ept,CorrectFdbk,12.23997329
Per_Choice_135_rb.ept,CorrectFdbk,8.589941434
Per_Choice_135_rb.ept,CorrectFdbk,8.285950934
Per_Choice_135_rb.ept,CorrectFdbk,7.81682561
Per_Choice_135_rb.ept,CorrectFdbk,9.675778454
Per_Choice_135_rb.ept,CorrectFdbk,0.781552765
Per_Choice_135_rb.ept,CorrectFdbk,14.56097711
Per_Choice_135_rb.ept,CorrectFdbk,16.1381746
Per_Choice_135_rb.ept,CorrectFdbk,8.158988166
Per_Choice_135_rb.ept,CorrectFdbkFood,3.33293578
Per_Choice_135_rb.ept,CorrectFdbkFood,4.060370931
Per_Choice_135_rb.ept,CorrectFdbkFood,10.91806846
Per_Choice_135_rb.ept,CorrectFdbkFood,9.574837545
Per_Choice_135_rb.ept,CorrectFdbkFood,5.210262859
Per_Choice_135_rb.ept,CorrectFdbkFood,0.020687549
Per_Choice_135_rb.ept,CorrectFdbkFood,8.054154822
Per_Choice_135_rb.ept,CorrectFdbkFood,4.001393397
Per_Choice_135_rb.ept,CorrectFdbkFood,5.581069909
Per_Choice_135_rb.ept,CorrectFdbkFood,0.661188714
Per_Choice_135_rb.ept,CorrectFdbkFood,12.23997329
Per_Choice_135_rb.ept,CorrectFdbkFood,8.589939421
Per_Choice_135_rb.ept,CorrectFdbkFood,8.285950934
Per_Choice_135_rb.ept,CorrectFdbkFood,7.81682561
Per_Choice_135_rb.ept,CorrectFdbkFood,9.675778454
Per_Choice_135_rb.ept,CorrectFdbkFood,0.781552765
Per_Choice_135_rb.ept,CorrectFdbkFood,14.56097977
Per_Choice_135_rb.ept,IncorrectFdbk,4.051652042
Per_Choice_135_rb.ept,IncorrectFdbk,1.125808416
Per_Choice_135_rb.ept,IncorrectFdbk,0.097501203
Per_Choice_135_rb.ept,IncorrectFdbk,5.738500832
Per_Choice_135_rb.ept,IncorrectFdbk,5.565110478
Per_Choice_135_rb.ept,IncorrectFdbk,0.21663716
Per_Choice_135_rb.ept,IncorrectFdbk,2.863767416
Per_Choice_135_rb.ept,IncorrectFdbk,9.933335504
Per_Choice_135_rb.ept,IncorrectFdbk,3.114528474
Per_Choice_135_rb.ept,IncorrectFdbk,3.555230685
Per_Choice_135_rb.ept,IncorrectFdbk,3.567894956
Per_Choice_135_rb.ept,IncorrectFdbk,15.67221632
Per_Choice_135_rb.ept,IncorrectFdbk,7.9572432
Per_Choice_135_rb.ept,IncorrectFdbk,10.31025528
Per_Choice_135_rb.ept,IncorrectFdbk,10.49326283
Per_Choice_135_rb.ept,IncorrectFdbk,3.657453309
Per_Choice_135_rb.ept,IncorrectFdbk,1.723686167
Per_Choice_135_rb.ept,IncorrectFdbk,-2.074463778
Per_Choice_136_rb.ept,CorrectFdbk,-0.386764405
Per_Choice_136_rb.ept,CorrectFdbk,-1.61182114
Per_Choice_136_rb.ept,CorrectFdbk,-1.724422083
Per_Choice_136_rb.ept,CorrectFdbk,3.381143618
Per_Choice_136_rb.ept,CorrectFdbk,2.750549923
Per_Choice_136_rb.ept,CorrectFdbk,-1.543389997
Per_Choice_136_rb.ept,CorrectFdbk,3.023158982
Per_Choice_136_rb.ept,CorrectFdbk,1.653365755
Per_Choice_136_rb.ept,CorrectFdbk,2.575337551
Per_Choice_136_rb.ept,CorrectFdbk,1.229774825
Per_Choice_136_rb.ept,CorrectFdbk,3.808284881
Per_Choice_136_rb.ept,CorrectFdbk,6.02354917
Per_Choice_136_rb.ept,CorrectFdbk,-1.601650524
Per_Choice_136_rb.ept,CorrectFdbk,2.200674087
Per_Choice_136_rb.ept,CorrectFdbk,0.368846807
Per_Choice_136_rb.ept,CorrectFdbk,-2.211359285
Per_Choice_136_rb.ept,CorrectFdbk,0.212256414
Per_Choice_136_rb.ept,CorrectFdbk,-0.716262208
Per_Choice_136_rb.ept,CorrectFdbk,0.827760587
Per_Choice_136_rb.ept,CorrectFdbk,1.007571687
Per_Choice_136_rb.ept,CorrectFdbk,1.355607357
Per_Choice_136_rb.ept,CorrectFdbk,-0.21941466
Per_Choice_136_rb.ept,CorrectFdbk,-2.708192229
Per_Choice_136_rb.ept,CorrectFdbk,3.447684451
Per_Choice_136_rb.ept,CorrectFdbkFood,-0.386764405
Per_Choice_136_rb.ept,CorrectFdbkFood,-1.724422083
Per_Choice_136_rb.ept,CorrectFdbkFood,3.381143618
Per_Choice_136_rb.ept,CorrectFdbkFood,-1.543389997
Per_Choice_136_rb.ept,CorrectFdbkFood,1.229774825
Per_Choice_136_rb.ept,CorrectFdbkFood,3.808284881
Per_Choice_136_rb.ept,CorrectFdbkFood,6.02354917
Per_Choice_136_rb.ept,CorrectFdbkFood,-1.601650524
Per_Choice_136_rb.ept,CorrectFdbkFood,2.200674087
Per_Choice_136_rb.ept,CorrectFdbkFood,0.368846807
Per_Choice_136_rb.ept,CorrectFdbkFood,0.212256414
Per_Choice_136_rb.ept,CorrectFdbkFood,0.82757253
Per_Choice_136_rb.ept,CorrectFdbkFood,-0.21941466
Per_Choice_136_rb.ept,CorrectFdbkFood,-2.708328886
Per_Choice_136_rb.ept,CorrectFdbkFood,3.447684451
Per_Choice_136_rb.ept,IncorrectFdbk,1.468508443
Per_Choice_136_rb.ept,IncorrectFdbk,4.494755269
Per_Choice_136_rb.ept,IncorrectFdbk,1.482625008
Per_Choice_136_rb.ept,IncorrectFdbk,-1.314521939
Per_Choice_136_rb.ept,IncorrectFdbk,3.524179019
Per_Choice_136_rb.ept,IncorrectFdbk,4.872444484
Per_Choice_136_rb.ept,IncorrectFdbk,-1.478001676
Per_Choice_136_rb.ept,IncorrectFdbk,0.784838839
Per_Choice_136_rb.ept,IncorrectFdbk,-0.222540809
Per_Choice_136_rb.ept,IncorrectFdbk,9.027585456
Per_Choice_136_rb.ept,IncorrectFdbk,0.041772628
Per_Choice_136_rb.ept,IncorrectFdbk,0.886139235
Per_Choice_136_rb.ept,IncorrectFdbk,4.822515886
Per_Choice_136_rb.ept,IncorrectFdbk,0.176565222
Per_Choice_136_rb.ept,IncorrectFdbk,8.006037144
Per_Choice_136_rb.ept,IncorrectFdbk,-1.568629384
Per_Choice_136_rb.ept,IncorrectFdbk,8.278876763
Per_Choice_136_rb.ept,IncorrectFdbk,-2.712381439
Per_Choice_136_rb.ept,IncorrectFdbk,2.557309423
Per_Choice_136_rb.ept,IncorrectFdbk,-1.003872647
Per_Choice_136_rb.ept,IncorrectFdbk,6.440434982
Per_Choice_136_rb.ept,IncorrectFdbk,-2.804057586
Per_Choice_137_rb.ept,CorrectFdbk,6.301955096
Per_Choice_137_rb.ept,CorrectFdbk,0.295860466
Per_Choice_137_rb.ept,CorrectFdbk,3.813513092
Per_Choice_137_rb.ept,CorrectFdbk,1.859867731
Per_Choice_137_rb.ept,CorrectFdbk,2.184349518
Per_Choice_137_rb.ept,CorrectFdbk,4.254777474
Per_Choice_137_rb.ept,CorrectFdbk,-2.387252285
Per_Choice_137_rb.ept,CorrectFdbk,4.363269386
Per_Choice_137_rb.ept,CorrectFdbk,2.549479686
Per_Choice_137_rb.ept,CorrectFdbk,2.314542782
Per_Choice_137_rb.ept,CorrectFdbk,2.957432263
Per_Choice_137_rb.ept,CorrectFdbk,4.28091116
Per_Choice_137_rb.ept,CorrectFdbk,-1.110649686
Per_Choice_137_rb.ept,CorrectFdbk,-2.723981543
Per_Choice_137_rb.ept,CorrectFdbk,5.061182786
Per_Choice_137_rb.ept,CorrectFdbk,-2.98968095
Per_Choice_137_rb.ept,CorrectFdbk,4.496674419
Per_Choice_137_rb.ept,CorrectFdbk,-4.939707282
Per_Choice_137_rb.ept,CorrectFdbk,-0.967809893
Per_Choice_137_rb.ept,CorrectFdbk,-3.990297896
Per_Choice_137_rb.ept,CorrectFdbk,1.697137431
Per_Choice_137_rb.ept,CorrectFdbk,1.176473606
Per_Choice_137_rb.ept,CorrectFdbk,0.290758529
Per_Choice_137_rb.ept,CorrectFdbk,-3.336724991
Per_Choice_137_rb.ept,CorrectFdbk,-3.217010589
Per_Choice_137_rb.ept,CorrectFdbkFood,6.301955096
Per_Choice_137_rb.ept,CorrectFdbkFood,0.295860466
Per_Choice_137_rb.ept,CorrectFdbkFood,3.813538768
Per_Choice_137_rb.ept,CorrectFdbkFood,1.859867731
Per_Choice_137_rb.ept,CorrectFdbkFood,4.254777474
Per_Choice_137_rb.ept,CorrectFdbkFood,-2.387252285
Per_Choice_137_rb.ept,CorrectFdbkFood,4.363269386
Per_Choice_137_rb.ept,CorrectFdbkFood,2.5479769
Per_Choice_137_rb.ept,CorrectFdbkFood,4.280902465
Per_Choice_137_rb.ept,CorrectFdbkFood,-2.723981543
Per_Choice_137_rb.ept,CorrectFdbkFood,5.061163201
Per_Choice_137_rb.ept,CorrectFdbkFood,-2.98968095
Per_Choice_137_rb.ept,CorrectFdbkFood,-4.939707282
Per_Choice_137_rb.ept,CorrectFdbkFood,-0.967809893
Per_Choice_137_rb.ept,CorrectFdbkFood,-3.990297896
Per_Choice_137_rb.ept,CorrectFdbkFood,1.697137431
Per_Choice_137_rb.ept,CorrectFdbkFood,0.290758529
Per_Choice_137_rb.ept,CorrectFdbkFood,-3.217010589
Per_Choice_137_rb.ept,IncorrectFdbk,-0.835009389
Per_Choice_137_rb.ept,IncorrectFdbk,2.543586496
Per_Choice_137_rb.ept,IncorrectFdbk,1.679773821
Per_Choice_137_rb.ept,IncorrectFdbk,-4.14822924
Per_Choice_137_rb.ept,IncorrectFdbk,1.082419764
Per_Choice_137_rb.ept,IncorrectFdbk,-3.286501612
Per_Choice_137_rb.ept,IncorrectFdbk,-4.359269827
Per_Choice_137_rb.ept,IncorrectFdbk,-1.418344169
Per_Choice_137_rb.ept,IncorrectFdbk,-0.48480038
Per_Choice_137_rb.ept,IncorrectFdbk,-1.132005745
Per_Choice_137_rb.ept,IncorrectFdbk,-4.83332853
Per_Choice_137_rb.ept,IncorrectFdbk,-1.863458935
Per_Choice_137_rb.ept,IncorrectFdbk,-0.244279983
Per_Choice_137_rb.ept,IncorrectFdbk,-1.245050118
Per_Choice_137_rb.ept,IncorrectFdbk,-0.009450351
Per_Choice_137_rb.ept,IncorrectFdbk,-3.142214485
Per_Choice_137_rb.ept,IncorrectFdbk,-3.522890365
Per_Choice_137_rb.ept,IncorrectFdbk,0.504635033
Per_Choice_137_rb.ept,IncorrectFdbk,-9.076627973
Per_Choice_137_rb.ept,IncorrectFdbk,-4.90788527
Per_Choice_137_rb.ept,IncorrectFdbk,-5.283851437
Per_Choice_138_rb.ept,CorrectFdbk,0.336770026
Per_Choice_138_rb.ept,CorrectFdbk,2.128368876
Per_Choice_138_rb.ept,CorrectFdbk,4.918050568
Per_Choice_138_rb.ept,CorrectFdbk,1.409476929
Per_Choice_138_rb.ept,CorrectFdbk,1.748910438
Per_Choice_138_rb.ept,CorrectFdbk,10.77584956
Per_Choice_138_rb.ept,CorrectFdbk,7.110894467
Per_Choice_138_rb.ept,CorrectFdbk,2.549868099
Per_Choice_138_rb.ept,CorrectFdbk,-6.368737183
Per_Choice_138_rb.ept,CorrectFdbk,1.534907102
Per_Choice_138_rb.ept,CorrectFdbk,0.235217474
Per_Choice_138_rb.ept,CorrectFdbk,0.286181934
Per_Choice_138_rb.ept,CorrectFdbk,-2.877641344
Per_Choice_138_rb.ept,CorrectFdbk,4.558563469
Per_Choice_138_rb.ept,CorrectFdbk,3.928860694
Per_Choice_138_rb.ept,CorrectFdbk,9.942877585
Per_Choice_138_rb.ept,CorrectFdbk,9.028578933
Per_Choice_138_rb.ept,CorrectFdbk,11.31819401
Per_Choice_138_rb.ept,CorrectFdbk,9.640749583
Per_Choice_138_rb.ept,CorrectFdbk,5.632103986
Per_Choice_138_rb.ept,CorrectFdbk,3.468467137
Per_Choice_138_rb.ept,CorrectFdbk,-0.671883521
Per_Choice_138_rb.ept,CorrectFdbk,5.169879854
Per_Choice_138_rb.ept,CorrectFdbkFood,0.336770026
Per_Choice_138_rb.ept,CorrectFdbkFood,2.128368876
Per_Choice_138_rb.ept,CorrectFdbkFood,1.409476929
Per_Choice_138_rb.ept,CorrectFdbkFood,1.748910438
Per_Choice_138_rb.ept,CorrectFdbkFood,6.894318423
Per_Choice_138_rb.ept,CorrectFdbkFood,2.549868099
Per_Choice_138_rb.ept,CorrectFdbkFood,-6.368737183
Per_Choice_138_rb.ept,CorrectFdbkFood,1.534907102
Per_Choice_138_rb.ept,CorrectFdbkFood,0.235217474
Per_Choice_138_rb.ept,CorrectFdbkFood,-2.877641344
Per_Choice_138_rb.ept,CorrectFdbkFood,4.558563469
Per_Choice_138_rb.ept,CorrectFdbkFood,9.942877585
Per_Choice_138_rb.ept,CorrectFdbkFood,9.028578933
Per_Choice_138_rb.ept,CorrectFdbkFood,11.31819401
Per_Choice_138_rb.ept,CorrectFdbkFood,9.640749583
Per_Choice_138_rb.ept,CorrectFdbkFood,5.632103986
Per_Choice_138_rb.ept,CorrectFdbkFood,-0.671883521
Per_Choice_138_rb.ept,CorrectFdbkFood,5.169879854
Per_Choice_138_rb.ept,IncorrectFdbk,2.203045743
Per_Choice_138_rb.ept,IncorrectFdbk,0.911825766
Per_Choice_138_rb.ept,IncorrectFdbk,6.87225837
Per_Choice_138_rb.ept,IncorrectFdbk,6.783714723
Per_Choice_138_rb.ept,IncorrectFdbk,4.372003102
Per_Choice_138_rb.ept,IncorrectFdbk,14.29031031
Per_Choice_138_rb.ept,IncorrectFdbk,2.98252447
Per_Choice_138_rb.ept,IncorrectFdbk,4.143592852
Per_Choice_138_rb.ept,IncorrectFdbk,4.504396044
Per_Choice_138_rb.ept,IncorrectFdbk,4.664961802
Per_Choice_138_rb.ept,IncorrectFdbk,3.54789591
Per_Choice_138_rb.ept,IncorrectFdbk,8.667665319
Per_Choice_138_rb.ept,IncorrectFdbk,1.720906178
Per_Choice_138_rb.ept,IncorrectFdbk,3.458501291
Per_Choice_138_rb.ept,IncorrectFdbk,4.39977218
Per_Choice_138_rb.ept,IncorrectFdbk,4.434057383
Per_Choice_138_rb.ept,IncorrectFdbk,2.448769018
Per_Choice_138_rb.ept,IncorrectFdbk,5.160684796
Per_Choice_138_rb.ept,IncorrectFdbk,3.119858816
Per_Choice_138_rb.ept,IncorrectFdbk,2.223839954
Per_Choice_138_rb.ept,IncorrectFdbk,0.392536772
Per_Choice_138_rb.ept,IncorrectFdbk,1.039238755
Per_Choice_139_rb.ept,CorrectFdbk,-0.124968167
Per_Choice_139_rb.ept,CorrectFdbk,5.584675934
Per_Choice_139_rb.ept,CorrectFdbk,-0.660719402
Per_Choice_139_rb.ept,CorrectFdbk,-0.125215674
Per_Choice_139_rb.ept,CorrectFdbk,0.460775252
Per_Choice_139_rb.ept,CorrectFdbk,3.694313535
Per_Choice_139_rb.ept,CorrectFdbk,3.644896586
Per_Choice_139_rb.ept,CorrectFdbk,-0.248089254
Per_Choice_139_rb.ept,CorrectFdbk,4.139479513
Per_Choice_139_rb.ept,CorrectFdbk,0.98459271
Per_Choice_139_rb.ept,CorrectFdbk,0.091466569
Per_Choice_139_rb.ept,CorrectFdbk,1.976355598
Per_Choice_139_rb.ept,CorrectFdbk,-0.953833685
Per_Choice_139_rb.ept,CorrectFdbk,0.14961344
Per_Choice_139_rb.ept,CorrectFdbk,2.100233341
Per_Choice_139_rb.ept,CorrectFdbk,2.419476846
Per_Choice_139_rb.ept,CorrectFdbk,0.444008793
Per_Choice_139_rb.ept,CorrectFdbk,2.512250973
Per_Choice_139_rb.ept,CorrectFdbk,1.071531504
Per_Choice_139_rb.ept,CorrectFdbk,-0.797355423
Per_Choice_139_rb.ept,CorrectFdbk,4.13041665
Per_Choice_139_rb.ept,CorrectFdbk,2.933306109
Per_Choice_139_rb.ept,CorrectFdbk,-0.071646454
Per_Choice_139_rb.ept,CorrectFdbk,4.85512627
Per_Choice_139_rb.ept,CorrectFdbkFood,5.584675934
Per_Choice_139_rb.ept,CorrectFdbkFood,-0.125215674
Per_Choice_139_rb.ept,CorrectFdbkFood,0.460775252
Per_Choice_139_rb.ept,CorrectFdbkFood,3.694313535
Per_Choice_139_rb.ept,CorrectFdbkFood,-0.248089254
Per_Choice_139_rb.ept,CorrectFdbkFood,0.98459271
Per_Choice_139_rb.ept,CorrectFdbkFood,0.091466569
Per_Choice_139_rb.ept,CorrectFdbkFood,1.976355598
Per_Choice_139_rb.ept,CorrectFdbkFood,-0.953833685
Per_Choice_139_rb.ept,CorrectFdbkFood,0.14961344
Per_Choice_139_rb.ept,CorrectFdbkFood,2.100378076
Per_Choice_139_rb.ept,CorrectFdbkFood,2.512250973
Per_Choice_139_rb.ept,CorrectFdbkFood,-0.79761664
Per_Choice_139_rb.ept,CorrectFdbkFood,4.13041665
Per_Choice_139_rb.ept,CorrectFdbkFood,2.933306109
Per_Choice_139_rb.ept,CorrectFdbkFood,-0.071646454
Per_Choice_139_rb.ept,IncorrectFdbk,-1.489447417
Per_Choice_139_rb.ept,IncorrectFdbk,-1.308017327
Per_Choice_139_rb.ept,IncorrectFdbk,4.021292723
Per_Choice_139_rb.ept,IncorrectFdbk,1.820542677
Per_Choice_139_rb.ept,IncorrectFdbk,0.792976577
Per_Choice_139_rb.ept,IncorrectFdbk,1.455675864
Per_Choice_139_rb.ept,IncorrectFdbk,0.463359477
Per_Choice_139_rb.ept,IncorrectFdbk,-1.806559022
Per_Choice_139_rb.ept,IncorrectFdbk,6.263263789
Per_Choice_139_rb.ept,IncorrectFdbk,2.685423761
Per_Choice_139_rb.ept,IncorrectFdbk,4.248478987
Per_Choice_139_rb.ept,IncorrectFdbk,1.69811809
Per_Choice_139_rb.ept,IncorrectFdbk,4.801586345
Per_Choice_139_rb.ept,IncorrectFdbk,2.839370544
Per_Choice_139_rb.ept,IncorrectFdbk,-3.336970963
Per_Choice_139_rb.ept,IncorrectFdbk,6.922224918
Per_Choice_139_rb.ept,IncorrectFdbk,4.330763117
Per_Choice_139_rb.ept,IncorrectFdbk,0.786469117
Per_Choice_139_rb.ept,IncorrectFdbk,-0.104076841
Per_Choice_139_rb.ept,IncorrectFdbk,1.362028393
Per_Choice_139_rb.ept,IncorrectFdbk,0.723953045
Per_Choice_139_rb.ept,IncorrectFdbk,1.702643914
Per_Choice_139_rb.ept,IncorrectFdbk,5.654912822
Per_Choice_139_rb.ept,IncorrectFdbk,1.300436555
Per_Choice_139_rb.ept,IncorrectFdbk,5.830105126
Per_Choice_140_rb.ept,CorrectFdbk,2.461341272
Per_Choice_140_rb.ept,CorrectFdbk,3.046134915
Per_Choice_140_rb.ept,CorrectFdbk,0.505662934
Per_Choice_140_rb.ept,CorrectFdbk,2.463498735
Per_Choice_140_rb.ept,CorrectFdbk,-0.028552912
Per_Choice_140_rb.ept,CorrectFdbk,0.679583079
Per_Choice_140_rb.ept,CorrectFdbk,3.935928842
Per_Choice_140_rb.ept,CorrectFdbk,0.797563058
Per_Choice_140_rb.ept,CorrectFdbk,-10.95938604
Per_Choice_140_rb.ept,CorrectFdbk,1.17424602
Per_Choice_140_rb.ept,CorrectFdbk,7.447536313
Per_Choice_140_rb.ept,CorrectFdbk,5.479284508
Per_Choice_140_rb.ept,CorrectFdbk,3.96162665
Per_Choice_140_rb.ept,CorrectFdbk,1.479224428
Per_Choice_140_rb.ept,CorrectFdbk,-0.050832014
Per_Choice_140_rb.ept,CorrectFdbk,0.733186525
Per_Choice_140_rb.ept,CorrectFdbk,4.963566642
Per_Choice_140_rb.ept,CorrectFdbk,-1.906126552
Per_Choice_140_rb.ept,CorrectFdbk,1.877627099
Per_Choice_140_rb.ept,CorrectFdbk,-6.136560201
Per_Choice_140_rb.ept,CorrectFdbk,-2.193431765
Per_Choice_140_rb.ept,CorrectFdbk,1.682868401
Per_Choice_140_rb.ept,CorrectFdbk,5.741249941
Per_Choice_140_rb.ept,CorrectFdbk,3.715485269
Per_Choice_140_rb.ept,CorrectFdbkFood,2.463498735
Per_Choice_140_rb.ept,CorrectFdbkFood,-0.028552912
Per_Choice_140_rb.ept,CorrectFdbkFood,0.679583079
Per_Choice_140_rb.ept,CorrectFdbkFood,3.935928842
Per_Choice_140_rb.ept,CorrectFdbkFood,-10.95938604
Per_Choice_140_rb.ept,CorrectFdbkFood,1.17424602
Per_Choice_140_rb.ept,CorrectFdbkFood,7.447536313
Per_Choice_140_rb.ept,CorrectFdbkFood,3.96162665
Per_Choice_140_rb.ept,CorrectFdbkFood,1.479233186
Per_Choice_140_rb.ept,CorrectFdbkFood,0.733089557
Per_Choice_140_rb.ept,CorrectFdbkFood,1.682868401
Per_Choice_140_rb.ept,CorrectFdbkFood,5.741249941
Per_Choice_140_rb.ept,CorrectFdbkFood,3.715485269
Per_Choice_140_rb.ept,IncorrectFdbk,-0.18046171
Per_Choice_140_rb.ept,IncorrectFdbk,8.1063477
Per_Choice_140_rb.ept,IncorrectFdbk,3.074480819
Per_Choice_140_rb.ept,IncorrectFdbk,-5.835736845
Per_Choice_140_rb.ept,IncorrectFdbk,6.584982979
Per_Choice_140_rb.ept,IncorrectFdbk,-0.732705341
Per_Choice_140_rb.ept,IncorrectFdbk,0.223769825
Per_Choice_140_rb.ept,IncorrectFdbk,-8.791056658
Per_Choice_140_rb.ept,IncorrectFdbk,1.764510547
Per_Choice_140_rb.ept,IncorrectFdbk,-2.526165362
Per_Choice_140_rb.ept,IncorrectFdbk,-2.966484006
Per_Choice_140_rb.ept,IncorrectFdbk,6.416739172
Per_Choice_140_rb.ept,IncorrectFdbk,-3.529966033
Per_Choice_140_rb.ept,IncorrectFdbk,0.063788332
Per_Choice_140_rb.ept,IncorrectFdbk,5.95828503
Per_Choice_140_rb.ept,IncorrectFdbk,-6.543767444
Per_Choice_140_rb.ept,IncorrectFdbk,-2.553460066
Per_Choice_140_rb.ept,IncorrectFdbk,0.947258339
Per_Choice_140_rb.ept,IncorrectFdbk,3.077393551
Per_Choice_140_rb.ept,IncorrectFdbk,4.245400979
Per_Choice_140_rb.ept,IncorrectFdbk,1.646920691
Per_Choice_140_rb.ept,IncorrectFdbk,2.368062938
Per_Choice_141_rb.ept,CorrectFdbk,12.86192551
Per_Choice_141_rb.ept,CorrectFdbk,3.101088973
Per_Choice_141_rb.ept,CorrectFdbk,7.389346138
Per_Choice_141_rb.ept,CorrectFdbk,2.698439189
Per_Choice_141_rb.ept,CorrectFdbk,1.774085916
Per_Choice_141_rb.ept,CorrectFdbk,4.276350334
Per_Choice_141_rb.ept,CorrectFdbk,9.131821199
Per_Choice_141_rb.ept,CorrectFdbk,12.0397165
Per_Choice_141_rb.ept,CorrectFdbk,7.617457364
Per_Choice_141_rb.ept,CorrectFdbk,9.791012182
Per_Choice_141_rb.ept,CorrectFdbk,3.578871428
Per_Choice_141_rb.ept,CorrectFdbk,-1.118769054
Per_Choice_141_rb.ept,CorrectFdbk,-2.289108249
Per_Choice_141_rb.ept,CorrectFdbk,11.31362331
Per_Choice_141_rb.ept,CorrectFdbk,5.403939522
Per_Choice_141_rb.ept,CorrectFdbk,7.189608309
Per_Choice_141_rb.ept,CorrectFdbk,12.35857492
Per_Choice_141_rb.ept,CorrectFdbk,12.39514911
Per_Choice_141_rb.ept,CorrectFdbk,6.003735188
Per_Choice_141_rb.ept,CorrectFdbk,4.026263985
Per_Choice_141_rb.ept,CorrectFdbk,1.1678361
Per_Choice_141_rb.ept,CorrectFdbk,0.163576412
Per_Choice_141_rb.ept,CorrectFdbk,-5.748681247
Per_Choice_141_rb.ept,CorrectFdbk,7.269529879
Per_Choice_141_rb.ept,CorrectFdbk,7.810018088
Per_Choice_141_rb.ept,CorrectFdbkFood,12.86192551
Per_Choice_141_rb.ept,CorrectFdbkFood,3.101088973
Per_Choice_141_rb.ept,CorrectFdbkFood,7.389346138
Per_Choice_141_rb.ept,CorrectFdbkFood,1.774085916
Per_Choice_141_rb.ept,CorrectFdbkFood,4.276350334
Per_Choice_141_rb.ept,CorrectFdbkFood,12.0397165
Per_Choice_141_rb.ept,CorrectFdbkFood,7.617457364
Per_Choice_141_rb.ept,CorrectFdbkFood,9.791012182
Per_Choice_141_rb.ept,CorrectFdbkFood,3.578871428
Per_Choice_141_rb.ept,CorrectFdbkFood,-1.118769054
Per_Choice_141_rb.ept,CorrectFdbkFood,11.31362331
Per_Choice_141_rb.ept,CorrectFdbkFood,5.403939522
Per_Choice_141_rb.ept,CorrectFdbkFood,7.189608309
Per_Choice_141_rb.ept,CorrectFdbkFood,12.35857492
Per_Choice_141_rb.ept,CorrectFdbkFood,12.39514911
Per_Choice_141_rb.ept,CorrectFdbkFood,1.1678361
Per_Choice_141_rb.ept,CorrectFdbkFood,0.163576412
Per_Choice_141_rb.ept,CorrectFdbkFood,-5.748681247
Per_Choice_141_rb.ept,CorrectFdbkFood,7.269529879
Per_Choice_141_rb.ept,CorrectFdbkFood,7.810018088
Per_Choice_141_rb.ept,IncorrectFdbk,5.36313371
Per_Choice_141_rb.ept,IncorrectFdbk,-1.326045053
Per_Choice_141_rb.ept,IncorrectFdbk,3.614306683
Per_Choice_141_rb.ept,IncorrectFdbk,2.463153096
Per_Choice_141_rb.ept,IncorrectFdbk,9.629401624
Per_Choice_141_rb.ept,IncorrectFdbk,4.738979369
Per_Choice_141_rb.ept,IncorrectFdbk,8.873668512
Per_Choice_141_rb.ept,IncorrectFdbk,2.988550757
Per_Choice_141_rb.ept,IncorrectFdbk,1.697004061
Per_Choice_141_rb.ept,IncorrectFdbk,4.370869179
Per_Choice_141_rb.ept,IncorrectFdbk,1.535424511
Per_Choice_141_rb.ept,IncorrectFdbk,3.42639904
Per_Choice_141_rb.ept,IncorrectFdbk,2.197512492
Per_Choice_141_rb.ept,IncorrectFdbk,4.447382088
Per_Choice_141_rb.ept,IncorrectFdbk,3.446402531
Per_Choice_141_rb.ept,IncorrectFdbk,0.4125622
Per_Choice_141_rb.ept,IncorrectFdbk,-0.138352032
Per_Choice_141_rb.ept,IncorrectFdbk,8.116199358
Per_Choice_141_rb.ept,IncorrectFdbk,-6.385726299
Per_Choice_141_rb.ept,IncorrectFdbk,0.860693835
Per_Choice_141_rb.ept,IncorrectFdbk,-5.044509345
Per_Choice_141_rb.ept,IncorrectFdbk,2.243930409
Per_Choice_141_rb.ept,IncorrectFdbk,3.279788767
Per_Choice_141_rb.ept,IncorrectFdbk,-6.803869324
Per_Choice_142_rb.ept,CorrectFdbk,-0.205622532
Per_Choice_142_rb.ept,CorrectFdbk,1.233120241
Per_Choice_142_rb.ept,CorrectFdbk,-2.217099315
Per_Choice_142_rb.ept,CorrectFdbk,5.548404838
Per_Choice_142_rb.ept,CorrectFdbk,-3.304890661
Per_Choice_142_rb.ept,CorrectFdbk,5.013015382
Per_Choice_142_rb.ept,CorrectFdbk,2.002221819
Per_Choice_142_rb.ept,CorrectFdbk,2.606428914
Per_Choice_142_rb.ept,CorrectFdbk,9.237248467
Per_Choice_142_rb.ept,CorrectFdbkFood,-0.205612222
Per_Choice_142_rb.ept,CorrectFdbkFood,-3.304890661
Per_Choice_142_rb.ept,CorrectFdbkFood,5.013015382
Per_Choice_142_rb.ept,CorrectFdbkFood,2.002221819
Per_Choice_142_rb.ept,CorrectFdbkFood,9.237208657
Per_Choice_142_rb.ept,IncorrectFdbk,-2.034203629
Per_Choice_142_rb.ept,IncorrectFdbk,0.297789264
Per_Choice_142_rb.ept,IncorrectFdbk,-3.269393573
Per_Choice_142_rb.ept,IncorrectFdbk,-2.264784419
Per_Choice_142_rb.ept,IncorrectFdbk,-1.423794014
Per_Choice_142_rb.ept,IncorrectFdbk,0.064028998
Per_Choice_142_rb.ept,IncorrectFdbk,2.28868581
Per_Choice_142_rb.ept,IncorrectFdbk,-0.057194802
Per_Choice_142_rb.ept,IncorrectFdbk,2.565295268
Per_Choice_142_rb.ept,IncorrectFdbk,-7.428525564
Per_Choice_143_rb.ept,CorrectFdbk,5.861228563
Per_Choice_143_rb.ept,CorrectFdbk,13.63296674
Per_Choice_143_rb.ept,CorrectFdbk,7.212742856
Per_Choice_143_rb.ept,CorrectFdbk,-7.051185888
Per_Choice_143_rb.ept,CorrectFdbk,4.753011033
Per_Choice_143_rb.ept,CorrectFdbk,9.294161954
Per_Choice_143_rb.ept,CorrectFdbk,2.14657537
Per_Choice_143_rb.ept,CorrectFdbk,17.80116531
Per_Choice_143_rb.ept,CorrectFdbk,8.110928547
Per_Choice_143_rb.ept,CorrectFdbk,16.92125158
Per_Choice_143_rb.ept,CorrectFdbk,8.354607077
Per_Choice_143_rb.ept,CorrectFdbk,2.07745096
Per_Choice_143_rb.ept,CorrectFdbk,-3.170373847
Per_Choice_143_rb.ept,CorrectFdbk,20.62781117
Per_Choice_143_rb.ept,CorrectFdbk,4.403342446
Per_Choice_143_rb.ept,CorrectFdbk,15.98348533
Per_Choice_143_rb.ept,CorrectFdbk,17.42973759
Per_Choice_143_rb.ept,CorrectFdbk,15.12414447
Per_Choice_143_rb.ept,CorrectFdbk,11.88965337
Per_Choice_143_rb.ept,CorrectFdbk,9.751706039
Per_Choice_143_rb.ept,CorrectFdbk,18.20056284
Per_Choice_143_rb.ept,CorrectFdbkFood,5.861228563
Per_Choice_143_rb.ept,CorrectFdbkFood,13.63296674
Per_Choice_143_rb.ept,CorrectFdbkFood,7.212742856
Per_Choice_143_rb.ept,CorrectFdbkFood,-7.051185888
Per_Choice_143_rb.ept,CorrectFdbkFood,4.753011033
Per_Choice_143_rb.ept,CorrectFdbkFood,17.80088445
Per_Choice_143_rb.ept,CorrectFdbkFood,8.110928547
Per_Choice_143_rb.ept,CorrectFdbkFood,8.354607077
Per_Choice_143_rb.ept,CorrectFdbkFood,-3.170373847
Per_Choice_143_rb.ept,CorrectFdbkFood,20.62781117
Per_Choice_143_rb.ept,CorrectFdbkFood,4.403342446
Per_Choice_143_rb.ept,CorrectFdbkFood,15.98348533
Per_Choice_143_rb.ept,CorrectFdbkFood,16.66770507
Per_Choice_143_rb.ept,CorrectFdbkFood,15.12414447
Per_Choice_143_rb.ept,CorrectFdbkFood,18.20063345
Per_Choice_143_rb.ept,IncorrectFdbk,0.80504615
Per_Choice_143_rb.ept,IncorrectFdbk,-0.267626935
Per_Choice_143_rb.ept,IncorrectFdbk,2.235070586
Per_Choice_143_rb.ept,IncorrectFdbk,19.28889619
Per_Choice_143_rb.ept,IncorrectFdbk,1.310971477
Per_Choice_143_rb.ept,IncorrectFdbk,-1.166117015
Per_Choice_143_rb.ept,IncorrectFdbk,-4.218646284
Per_Choice_143_rb.ept,IncorrectFdbk,9.22064301
Per_Choice_143_rb.ept,IncorrectFdbk,-4.59013909
Per_Choice_143_rb.ept,IncorrectFdbk,4.563040766
Per_Choice_143_rb.ept,IncorrectFdbk,-0.956886113
Per_Choice_143_rb.ept,IncorrectFdbk,2.596396053
Per_Choice_144_rb.ept,CorrectFdbk,4.871707513
Per_Choice_144_rb.ept,CorrectFdbk,-2.002635324
Per_Choice_144_rb.ept,CorrectFdbk,1.154368163
Per_Choice_144_rb.ept,CorrectFdbk,8.847249633
Per_Choice_144_rb.ept,CorrectFdbk,-3.53892221
Per_Choice_144_rb.ept,CorrectFdbk,1.49344405
Per_Choice_144_rb.ept,CorrectFdbk,6.437052612
Per_Choice_144_rb.ept,CorrectFdbk,1.861077833
Per_Choice_144_rb.ept,CorrectFdbk,6.117267306
Per_Choice_144_rb.ept,CorrectFdbk,-4.54440271
Per_Choice_144_rb.ept,CorrectFdbk,4.746983871
Per_Choice_144_rb.ept,CorrectFdbk,-0.760341226
Per_Choice_144_rb.ept,CorrectFdbk,11.55626209
Per_Choice_144_rb.ept,CorrectFdbk,2.835136333
Per_Choice_144_rb.ept,CorrectFdbk,6.331422001
Per_Choice_144_rb.ept,CorrectFdbk,-0.340418867
Per_Choice_144_rb.ept,CorrectFdbk,8.466821903
Per_Choice_144_rb.ept,CorrectFdbk,1.924274253
Per_Choice_144_rb.ept,CorrectFdbk,11.41110368
Per_Choice_144_rb.ept,CorrectFdbk,5.785007026
Per_Choice_144_rb.ept,CorrectFdbkFood,4.871902375
Per_Choice_144_rb.ept,CorrectFdbkFood,1.154368163
Per_Choice_144_rb.ept,CorrectFdbkFood,1.49344405
Per_Choice_144_rb.ept,CorrectFdbkFood,1.861065707
Per_Choice_144_rb.ept,CorrectFdbkFood,6.117267306
Per_Choice_144_rb.ept,CorrectFdbkFood,-4.54440271
Per_Choice_144_rb.ept,CorrectFdbkFood,2.839049075
Per_Choice_144_rb.ept,CorrectFdbkFood,-0.340431095
Per_Choice_144_rb.ept,CorrectFdbkFood,1.924274253
Per_Choice_144_rb.ept,CorrectFdbkFood,11.81016078
Per_Choice_144_rb.ept,IncorrectFdbk,8.315906217
Per_Choice_144_rb.ept,IncorrectFdbk,4.994423758
Per_Choice_144_rb.ept,IncorrectFdbk,-0.844711009
Per_Choice_144_rb.ept,IncorrectFdbk,-0.858297091
Per_Choice_144_rb.ept,IncorrectFdbk,-3.592359725
Per_Choice_144_rb.ept,IncorrectFdbk,5.829253794
Per_Choice_144_rb.ept,IncorrectFdbk,12.21663085
Per_Choice_144_rb.ept,IncorrectFdbk,-6.212877813
Per_Choice_144_rb.ept,IncorrectFdbk,4.628983534
Per_Choice_144_rb.ept,IncorrectFdbk,6.24959977
Per_Choice_144_rb.ept,IncorrectFdbk,2.99414225
Per_Choice_144_rb.ept,IncorrectFdbk,-10.522601
Per_Choice_144_rb.ept,IncorrectFdbk,-1.892289941
Per_Choice_144_rb.ept,IncorrectFdbk,-7.182515938
Per_Choice_144_rb.ept,IncorrectFdbk,6.401695829
Per_Choice_144_rb.ept,IncorrectFdbk,-4.305573384
Per_Choice_144_rb.ept,IncorrectFdbk,-7.062764568
Per_Choice_144_rb.ept,IncorrectFdbk,-4.991698399
Per_Choice_144_rb.ept,IncorrectFdbk,-7.060049737
Per_Choice_144_rb.ept,IncorrectFdbk,-5.333379351
Per_Choice_145_rb.ept,CorrectFdbk,8.276372672
Per_Choice_145_rb.ept,CorrectFdbk,0.204497574
Per_Choice_145_rb.ept,CorrectFdbk,-5.883510975
Per_Choice_145_rb.ept,CorrectFdbk,3.179778415
Per_Choice_145_rb.ept,CorrectFdbk,-5.70517186
Per_Choice_145_rb.ept,CorrectFdbk,6.932725924
Per_Choice_145_rb.ept,CorrectFdbk,-3.713780039
Per_Choice_145_rb.ept,CorrectFdbk,0.250934415
Per_Choice_145_rb.ept,CorrectFdbk,15.53696449
Per_Choice_145_rb.ept,CorrectFdbk,23.58313448
Per_Choice_145_rb.ept,CorrectFdbk,3.978309406
Per_Choice_145_rb.ept,CorrectFdbk,15.33834769
Per_Choice_145_rb.ept,CorrectFdbk,0.389295132
Per_Choice_145_rb.ept,CorrectFdbk,21.97796424
Per_Choice_145_rb.ept,CorrectFdbk,-1.854759564
Per_Choice_145_rb.ept,CorrectFdbk,17.96867916
Per_Choice_145_rb.ept,CorrectFdbk,18.0531042
Per_Choice_145_rb.ept,CorrectFdbk,6.990516881
Per_Choice_145_rb.ept,CorrectFdbk,19.70617018
Per_Choice_145_rb.ept,CorrectFdbk,4.693436667
Per_Choice_145_rb.ept,CorrectFdbk,20.58175954
Per_Choice_145_rb.ept,CorrectFdbk,9.864153885
Per_Choice_145_rb.ept,CorrectFdbk,10.48814695
Per_Choice_145_rb.ept,CorrectFdbk,4.707998142
Per_Choice_145_rb.ept,CorrectFdbk,5.550417882
Per_Choice_145_rb.ept,CorrectFdbkFood,-5.883491865
Per_Choice_145_rb.ept,CorrectFdbkFood,3.179769873
Per_Choice_145_rb.ept,CorrectFdbkFood,-5.70517186
Per_Choice_145_rb.ept,CorrectFdbkFood,6.932725924
Per_Choice_145_rb.ept,CorrectFdbkFood,-3.713780039
Per_Choice_145_rb.ept,CorrectFdbkFood,0.250934318
Per_Choice_145_rb.ept,CorrectFdbkFood,15.53696449
Per_Choice_145_rb.ept,CorrectFdbkFood,23.58313448
Per_Choice_145_rb.ept,CorrectFdbkFood,3.978309406
Per_Choice_145_rb.ept,CorrectFdbkFood,-1.854759564
Per_Choice_145_rb.ept,CorrectFdbkFood,17.96867916
Per_Choice_145_rb.ept,CorrectFdbkFood,6.990516881
Per_Choice_145_rb.ept,CorrectFdbkFood,4.693436667
Per_Choice_145_rb.ept,CorrectFdbkFood,20.58175954
Per_Choice_145_rb.ept,CorrectFdbkFood,9.864153885
Per_Choice_145_rb.ept,CorrectFdbkFood,10.48814721
Per_Choice_145_rb.ept,CorrectFdbkFood,4.707998142
Per_Choice_145_rb.ept,CorrectFdbkFood,5.550417882
Per_Choice_145_rb.ept,IncorrectFdbk,-1.604781989
Per_Choice_145_rb.ept,IncorrectFdbk,1.536989579
Per_Choice_145_rb.ept,IncorrectFdbk,2.302812673
Per_Choice_145_rb.ept,IncorrectFdbk,-0.718514412
Per_Choice_145_rb.ept,IncorrectFdbk,13.25097396
Per_Choice_145_rb.ept,IncorrectFdbk,-1.637541864
Per_Choice_145_rb.ept,IncorrectFdbk,6.080462955
Per_Choice_145_rb.ept,IncorrectFdbk,-0.918006507
Per_Choice_145_rb.ept,IncorrectFdbk,15.22868096
Per_Choice_145_rb.ept,IncorrectFdbk,5.491954851
Per_Choice_145_rb.ept,IncorrectFdbk,-0.095125733
Per_Choice_145_rb.ept,IncorrectFdbk,2.936323378
Per_Choice_145_rb.ept,IncorrectFdbk,10.43851922
Per_Choice_145_rb.ept,IncorrectFdbk,3.696231633
Per_Choice_145_rb.ept,IncorrectFdbk,11.2910412
Per_Choice_145_rb.ept,IncorrectFdbk,5.785919348
Per_Choice_145_rb.ept,IncorrectFdbk,-5.633203397
Per_Choice_145_rb.ept,IncorrectFdbk,1.290135713
Per_Choice_145_rb.ept,IncorrectFdbk,11.3432438
Per_Choice_145_rb.ept,IncorrectFdbk,4.453905407
Per_Choice_146_rb.ept,CorrectFdbk,16.13436556
Per_Choice_146_rb.ept,CorrectFdbk,7.196035326
Per_Choice_146_rb.ept,CorrectFdbk,10.18472301
Per_Choice_146_rb.ept,CorrectFdbk,5.409419893
Per_Choice_146_rb.ept,CorrectFdbk,25.82752769
Per_Choice_146_rb.ept,CorrectFdbk,2.104366349
Per_Choice_146_rb.ept,CorrectFdbk,13.58520292
Per_Choice_146_rb.ept,CorrectFdbk,0.748087903
Per_Choice_146_rb.ept,CorrectFdbk,7.766397594
Per_Choice_146_rb.ept,CorrectFdbk,17.5444205
Per_Choice_146_rb.ept,CorrectFdbk,17.81133888
Per_Choice_146_rb.ept,CorrectFdbk,21.27551011
Per_Choice_146_rb.ept,CorrectFdbk,-3.82982785
Per_Choice_146_rb.ept,CorrectFdbk,-4.92363122
Per_Choice_146_rb.ept,CorrectFdbkFood,16.13436556
Per_Choice_146_rb.ept,CorrectFdbkFood,7.196129778
Per_Choice_146_rb.ept,CorrectFdbkFood,10.18422369
Per_Choice_146_rb.ept,CorrectFdbkFood,5.409158562
Per_Choice_146_rb.ept,CorrectFdbkFood,0.748123423
Per_Choice_146_rb.ept,CorrectFdbkFood,7.766379356
Per_Choice_146_rb.ept,CorrectFdbkFood,17.5444205
Per_Choice_146_rb.ept,CorrectFdbkFood,17.81132978
Per_Choice_146_rb.ept,CorrectFdbkFood,21.27551011
Per_Choice_146_rb.ept,CorrectFdbkFood,-4.923631128
Per_Choice_146_rb.ept,IncorrectFdbk,12.96071834
Per_Choice_146_rb.ept,IncorrectFdbk,6.761829814
Per_Choice_146_rb.ept,IncorrectFdbk,3.056270745
Per_Choice_146_rb.ept,IncorrectFdbk,10.07322499
Per_Choice_146_rb.ept,IncorrectFdbk,10.74978749
Per_Choice_146_rb.ept,IncorrectFdbk,-0.474959155
Per_Choice_146_rb.ept,IncorrectFdbk,13.61542692
Per_Choice_146_rb.ept,IncorrectFdbk,-0.766457118
Per_Choice_146_rb.ept,IncorrectFdbk,3.456484831
Per_Choice_146_rb.ept,IncorrectFdbk,0.322978979
Per_Choice_146_rb.ept,IncorrectFdbk,12.15251645
Per_Choice_146_rb.ept,IncorrectFdbk,1.467930069
Per_Choice_146_rb.ept,IncorrectFdbk,-1.343238237
Per_Choice_146_rb.ept,IncorrectFdbk,1.350289325
Per_Choice_147_rb.ept,CorrectFdbk,2.143124766
Per_Choice_147_rb.ept,CorrectFdbk,4.417647223
Per_Choice_147_rb.ept,CorrectFdbk,1.354740431
Per_Choice_147_rb.ept,CorrectFdbk,3.335071792
Per_Choice_147_rb.ept,CorrectFdbk,3.687688851
Per_Choice_147_rb.ept,CorrectFdbk,3.148464502
Per_Choice_147_rb.ept,CorrectFdbk,-2.921844899
Per_Choice_147_rb.ept,CorrectFdbk,-3.026965538
Per_Choice_147_rb.ept,CorrectFdbk,11.2501002
Per_Choice_147_rb.ept,CorrectFdbk,0.387711337
Per_Choice_147_rb.ept,CorrectFdbk,-5.560746225
Per_Choice_147_rb.ept,CorrectFdbk,4.344601898
Per_Choice_147_rb.ept,CorrectFdbk,4.9162204
Per_Choice_147_rb.ept,CorrectFdbk,8.44079054
Per_Choice_147_rb.ept,CorrectFdbk,7.314367867
Per_Choice_147_rb.ept,CorrectFdbk,2.93157127
Per_Choice_147_rb.ept,CorrectFdbk,1.327162535
Per_Choice_147_rb.ept,CorrectFdbk,-1.620661756
Per_Choice_147_rb.ept,CorrectFdbkFood,2.143124766
Per_Choice_147_rb.ept,CorrectFdbkFood,1.355048131
Per_Choice_147_rb.ept,CorrectFdbkFood,3.335324838
Per_Choice_147_rb.ept,CorrectFdbkFood,3.687688851
Per_Choice_147_rb.ept,CorrectFdbkFood,-3.027346818
Per_Choice_147_rb.ept,CorrectFdbkFood,0.387711337
Per_Choice_147_rb.ept,CorrectFdbkFood,-5.560746225
Per_Choice_147_rb.ept,CorrectFdbkFood,4.344601898
Per_Choice_147_rb.ept,CorrectFdbkFood,4.294230255
Per_Choice_147_rb.ept,CorrectFdbkFood,8.440993232
Per_Choice_147_rb.ept,CorrectFdbkFood,7.314367207
Per_Choice_147_rb.ept,CorrectFdbkFood,-1.620661756
Per_Choice_147_rb.ept,IncorrectFdbk,0.748975277
Per_Choice_147_rb.ept,IncorrectFdbk,12.10455997
Per_Choice_147_rb.ept,IncorrectFdbk,6.921898252
Per_Choice_147_rb.ept,IncorrectFdbk,5.877469277
Per_Choice_147_rb.ept,IncorrectFdbk,12.83893961
Per_Choice_147_rb.ept,IncorrectFdbk,5.950254603
Per_Choice_147_rb.ept,IncorrectFdbk,2.464822139
Per_Choice_147_rb.ept,IncorrectFdbk,-0.210475609
Per_Choice_147_rb.ept,IncorrectFdbk,-1.2831308
Per_Choice_147_rb.ept,IncorrectFdbk,-5.878704163
Per_Choice_147_rb.ept,IncorrectFdbk,3.533408269
Per_Choice_147_rb.ept,IncorrectFdbk,3.559116482
Per_Choice_147_rb.ept,IncorrectFdbk,-2.200027685
Per_Choice_147_rb.ept,IncorrectFdbk,5.758052855
Per_Choice_147_rb.ept,IncorrectFdbk,-0.764493332
Per_Choice_147_rb.ept,IncorrectFdbk,1.448404
Per_Choice_147_rb.ept,IncorrectFdbk,1.290284148
Per_Choice_148_rb.ept,CorrectFdbk,-5.715979983
Per_Choice_148_rb.ept,CorrectFdbk,1.094542347
Per_Choice_148_rb.ept,CorrectFdbkFood,-5.715735855
Per_Choice_148_rb.ept,IncorrectFdbk,1.20579976
Per_Choice_149_rb.ept,CorrectFdbk,0.757638807
Per_Choice_149_rb.ept,CorrectFdbk,5.543186974
Per_Choice_149_rb.ept,CorrectFdbk,9.650383052
Per_Choice_149_rb.ept,CorrectFdbk,7.494405828
Per_Choice_149_rb.ept,CorrectFdbk,-0.909517519
Per_Choice_149_rb.ept,CorrectFdbk,5.643704614
Per_Choice_149_rb.ept,CorrectFdbk,-0.625497856
Per_Choice_149_rb.ept,CorrectFdbk,1.939637374
Per_Choice_149_rb.ept,CorrectFdbk,6.879926196
Per_Choice_149_rb.ept,CorrectFdbkFood,0.756664526
Per_Choice_149_rb.ept,CorrectFdbkFood,5.543283256
Per_Choice_149_rb.ept,CorrectFdbkFood,9.650871044
Per_Choice_149_rb.ept,CorrectFdbkFood,-0.909335442
Per_Choice_149_rb.ept,CorrectFdbkFood,5.643687522
Per_Choice_149_rb.ept,CorrectFdbkFood,1.941548371
Per_Choice_149_rb.ept,IncorrectFdbk,-0.078978269
Per_Choice_149_rb.ept,IncorrectFdbk,-2.595169155
Per_Choice_149_rb.ept,IncorrectFdbk,4.205858964
Per_Choice_149_rb.ept,IncorrectFdbk,2.157151553
Per_Choice_149_rb.ept,IncorrectFdbk,4.582702819
Per_Choice_149_rb.ept,IncorrectFdbk,6.607533582
Per_Choice_149_rb.ept,IncorrectFdbk,2.607803363
Per_Choice_149_rb.ept,IncorrectFdbk,1.772498049
Per_Choice_150_rb.ept,CorrectFdbk,-1.929477533
Per_Choice_150_rb.ept,CorrectFdbk,4.162345557
Per_Choice_150_rb.ept,CorrectFdbk,4.920083981
Per_Choice_150_rb.ept,CorrectFdbk,-0.677289481
Per_Choice_150_rb.ept,CorrectFdbk,2.911719881
Per_Choice_150_rb.ept,CorrectFdbk,-1.917434541
Per_Choice_150_rb.ept,CorrectFdbk,2.293306819
Per_Choice_150_rb.ept,CorrectFdbk,9.856417678
Per_Choice_150_rb.ept,CorrectFdbk,-1.220456354
Per_Choice_150_rb.ept,CorrectFdbk,-0.442051069
Per_Choice_150_rb.ept,CorrectFdbk,-1.922624157
Per_Choice_150_rb.ept,CorrectFdbk,1.340807077
Per_Choice_150_rb.ept,CorrectFdbk,1.611632671
Per_Choice_150_rb.ept,CorrectFdbk,0.932411391
Per_Choice_150_rb.ept,CorrectFdbk,-0.863951513
Per_Choice_150_rb.ept,CorrectFdbk,2.5293407
Per_Choice_150_rb.ept,CorrectFdbkFood,-1.929357315
Per_Choice_150_rb.ept,CorrectFdbkFood,4.162345557
Per_Choice_150_rb.ept,CorrectFdbkFood,4.920083981
Per_Choice_150_rb.ept,CorrectFdbkFood,-0.677289481
Per_Choice_150_rb.ept,CorrectFdbkFood,2.911722071
Per_Choice_150_rb.ept,CorrectFdbkFood,-1.917407493
Per_Choice_150_rb.ept,CorrectFdbkFood,9.856417678
Per_Choice_150_rb.ept,CorrectFdbkFood,-1.220456354
Per_Choice_150_rb.ept,CorrectFdbkFood,-0.442033913
Per_Choice_150_rb.ept,CorrectFdbkFood,1.340807077
Per_Choice_150_rb.ept,CorrectFdbkFood,0.931702062
Per_Choice_150_rb.ept,CorrectFdbkFood,-0.864613398
Per_Choice_150_rb.ept,CorrectFdbkFood,2.529090368
Per_Choice_150_rb.ept,IncorrectFdbk,4.317065696
Per_Choice_150_rb.ept,IncorrectFdbk,2.141243016
Per_Choice_150_rb.ept,IncorrectFdbk,8.044600971
Per_Choice_150_rb.ept,IncorrectFdbk,-2.210309731
Per_Choice_150_rb.ept,IncorrectFdbk,-0.630287197
Per_Choice_150_rb.ept,IncorrectFdbk,0.979104494
Per_Choice_150_rb.ept,IncorrectFdbk,5.522041886
Per_Choice_150_rb.ept,IncorrectFdbk,2.317721611
Per_Choice_150_rb.ept,IncorrectFdbk,7.484794325
Per_Choice_150_rb.ept,IncorrectFdbk,1.287805275
Per_Choice_150_rb.ept,IncorrectFdbk,7.574210438
Per_Choice_150_rb.ept,IncorrectFdbk,1.993841211
Per_Choice_150_rb.ept,IncorrectFdbk,-0.325883875
Per_Choice_150_rb.ept,IncorrectFdbk,-1.50401671
Per_Choice_150_rb.ept,IncorrectFdbk,3.364116142
Per_Choice_150_rb.ept,IncorrectFdbk,4.143276121
Per_Choice_150_rb.ept,IncorrectFdbk,-2.737493472
Per_Choice_151_rb.ept,CorrectFdbk,3.130392018
Per_Choice_151_rb.ept,CorrectFdbk,15.58914278
Per_Choice_151_rb.ept,CorrectFdbk,17.25364747
Per_Choice_151_rb.ept,CorrectFdbk,5.007866371
Per_Choice_151_rb.ept,CorrectFdbk,8.347345888
Per_Choice_151_rb.ept,CorrectFdbk,2.006404574
Per_Choice_151_rb.ept,CorrectFdbk,8.912856304
Per_Choice_151_rb.ept,CorrectFdbk,-0.136155566
Per_Choice_151_rb.ept,CorrectFdbk,2.160417973
Per_Choice_151_rb.ept,CorrectFdbk,4.833788389
Per_Choice_151_rb.ept,CorrectFdbk,6.597697707
Per_Choice_151_rb.ept,CorrectFdbk,2.040792597
Per_Choice_151_rb.ept,CorrectFdbk,6.070660551
Per_Choice_151_rb.ept,CorrectFdbk,9.75123368
Per_Choice_151_rb.ept,CorrectFdbk,7.969512496
Per_Choice_151_rb.ept,CorrectFdbk,5.756047756
Per_Choice_151_rb.ept,CorrectFdbk,10.77673496
Per_Choice_151_rb.ept,CorrectFdbk,10.81723449
Per_Choice_151_rb.ept,CorrectFdbk,6.269098749
Per_Choice_151_rb.ept,CorrectFdbk,9.852411482
Per_Choice_151_rb.ept,CorrectFdbk,1.248244615
Per_Choice_151_rb.ept,CorrectFdbkFood,3.130343232
Per_Choice_151_rb.ept,CorrectFdbkFood,15.58914278
Per_Choice_151_rb.ept,CorrectFdbkFood,17.25364747
Per_Choice_151_rb.ept,CorrectFdbkFood,5.007866371
Per_Choice_151_rb.ept,CorrectFdbkFood,8.347345888
Per_Choice_151_rb.ept,CorrectFdbkFood,2.006404574
Per_Choice_151_rb.ept,CorrectFdbkFood,8.912858451
Per_Choice_151_rb.ept,CorrectFdbkFood,-0.136155499
Per_Choice_151_rb.ept,CorrectFdbkFood,2.160417973
Per_Choice_151_rb.ept,CorrectFdbkFood,6.597697707
Per_Choice_151_rb.ept,CorrectFdbkFood,6.070660551
Per_Choice_151_rb.ept,CorrectFdbkFood,7.969512496
Per_Choice_151_rb.ept,CorrectFdbkFood,10.77673496
Per_Choice_151_rb.ept,CorrectFdbkFood,10.81723462
Per_Choice_151_rb.ept,CorrectFdbkFood,9.852411482
Per_Choice_151_rb.ept,IncorrectFdbk,3.284569967
Per_Choice_151_rb.ept,IncorrectFdbk,12.71141156
Per_Choice_151_rb.ept,IncorrectFdbk,7.297453674
Per_Choice_151_rb.ept,IncorrectFdbk,3.712424268
Per_Choice_151_rb.ept,IncorrectFdbk,13.04871613
Per_Choice_151_rb.ept,IncorrectFdbk,1.743426298
Per_Choice_151_rb.ept,IncorrectFdbk,-0.55919749
Per_Choice_151_rb.ept,IncorrectFdbk,10.47575811
Per_Choice_151_rb.ept,IncorrectFdbk,4.143406976
Per_Choice_151_rb.ept,IncorrectFdbk,5.017156919
Per_Choice_151_rb.ept,IncorrectFdbk,0.109250808
Per_Choice_151_rb.ept,IncorrectFdbk,13.82609083
Per_Choice_151_rb.ept,IncorrectFdbk,9.130526334
Per_Choice_151_rb.ept,IncorrectFdbk,-4.468439061
Per_Choice_151_rb.ept,IncorrectFdbk,7.890404217
Per_Choice_151_rb.ept,IncorrectFdbk,-0.972916636
Per_Choice_151_rb.ept,IncorrectFdbk,5.16120442
Per_Choice_151_rb.ept,IncorrectFdbk,3.242730213
Per_Choice_151_rb.ept,IncorrectFdbk,16.72666445
Per_Choice_151_rb.ept,IncorrectFdbk,3.83290853
Per_Choice_151_rb.ept,IncorrectFdbk,-2.297204373
Per_Choice_151_rb.ept,IncorrectFdbk,-2.378173408
Per_Choice_152_rb.ept,CorrectFdbk,0.208939689
Per_Choice_152_rb.ept,CorrectFdbk,-11.25358298
Per_Choice_152_rb.ept,CorrectFdbk,1.981943059
Per_Choice_152_rb.ept,CorrectFdbk,-4.539213215
Per_Choice_152_rb.ept,CorrectFdbk,-0.094927262
Per_Choice_152_rb.ept,CorrectFdbk,-2.071677806
Per_Choice_152_rb.ept,CorrectFdbk,-0.457556934
Per_Choice_152_rb.ept,CorrectFdbk,2.987168734
Per_Choice_152_rb.ept,CorrectFdbk,8.466261178
Per_Choice_152_rb.ept,CorrectFdbk,4.111658229
Per_Choice_152_rb.ept,CorrectFdbk,2.354942203
Per_Choice_152_rb.ept,CorrectFdbk,4.253831584
Per_Choice_152_rb.ept,CorrectFdbk,4.739115075
Per_Choice_152_rb.ept,CorrectFdbk,-2.96369481
Per_Choice_152_rb.ept,CorrectFdbk,10.02095241
Per_Choice_152_rb.ept,CorrectFdbk,8.728592224
Per_Choice_152_rb.ept,CorrectFdbk,-4.586089839
Per_Choice_152_rb.ept,CorrectFdbkFood,-11.25358298
Per_Choice_152_rb.ept,CorrectFdbkFood,-4.539213215
Per_Choice_152_rb.ept,CorrectFdbkFood,-2.071677806
Per_Choice_152_rb.ept,CorrectFdbkFood,-0.457556934
Per_Choice_152_rb.ept,CorrectFdbkFood,8.466261178
Per_Choice_152_rb.ept,CorrectFdbkFood,4.111658229
Per_Choice_152_rb.ept,CorrectFdbkFood,4.739115075
Per_Choice_152_rb.ept,CorrectFdbkFood,-2.96369481
Per_Choice_152_rb.ept,CorrectFdbkFood,8.728592224
Per_Choice_152_rb.ept,CorrectFdbkFood,-4.586089839
Per_Choice_152_rb.ept,IncorrectFdbk,-13.70980707
Per_Choice_152_rb.ept,IncorrectFdbk,-3.570303559
Per_Choice_152_rb.ept,IncorrectFdbk,-10.34356401
Per_Choice_152_rb.ept,IncorrectFdbk,0.67000081
Per_Choice_152_rb.ept,IncorrectFdbk,-0.485330224
Per_Choice_152_rb.ept,IncorrectFdbk,10.62096813
Per_Choice_152_rb.ept,IncorrectFdbk,-4.044581572
Per_Choice_152_rb.ept,IncorrectFdbk,4.14922497
Per_Choice_152_rb.ept,IncorrectFdbk,-2.073450662
Per_Choice_152_rb.ept,IncorrectFdbk,1.605054036
Per_Choice_152_rb.ept,IncorrectFdbk,0.903247406
Per_Choice_152_rb.ept,IncorrectFdbk,-4.105410038
Per_Choice_152_rb.ept,IncorrectFdbk,-1.604857403
Per_Choice_153_rb.ept,CorrectFdbk,5.666219383
Per_Choice_153_rb.ept,CorrectFdbk,7.231824319
Per_Choice_153_rb.ept,CorrectFdbk,4.67539117
Per_Choice_153_rb.ept,CorrectFdbk,7.365036109
Per_Choice_153_rb.ept,CorrectFdbk,10.36164475
Per_Choice_153_rb.ept,CorrectFdbk,3.009454599
Per_Choice_153_rb.ept,CorrectFdbk,-1.576215054
Per_Choice_153_rb.ept,CorrectFdbk,1.340256301
Per_Choice_153_rb.ept,CorrectFdbk,4.273832498
Per_Choice_153_rb.ept,CorrectFdbk,5.845633615
Per_Choice_153_rb.ept,CorrectFdbkFood,7.231824319
Per_Choice_153_rb.ept,CorrectFdbkFood,4.67539117
Per_Choice_153_rb.ept,CorrectFdbkFood,7.365038768
Per_Choice_153_rb.ept,CorrectFdbkFood,10.36166042
Per_Choice_153_rb.ept,CorrectFdbkFood,3.009454599
Per_Choice_153_rb.ept,CorrectFdbkFood,-1.576215054
Per_Choice_153_rb.ept,CorrectFdbkFood,4.068653646
Per_Choice_153_rb.ept,IncorrectFdbk,-5.001057504
Per_Choice_153_rb.ept,IncorrectFdbk,5.234736374
Per_Choice_153_rb.ept,IncorrectFdbk,8.635294256
Per_Choice_153_rb.ept,IncorrectFdbk,0.394442368
Per_Choice_153_rb.ept,IncorrectFdbk,4.717939108
Per_Choice_153_rb.ept,IncorrectFdbk,13.00674719
Per_Choice_153_rb.ept,IncorrectFdbk,10.66133609
Per_Choice_153_rb.ept,IncorrectFdbk,2.654554102
Per_Choice_153_rb.ept,IncorrectFdbk,3.087657873
Per_Choice_153_rb.ept,IncorrectFdbk,19.65370073
Per_Choice_153_rb.ept,IncorrectFdbk,2.793024725
Per_Choice_154_rb.ept,CorrectFdbk,3.375906965
Per_Choice_154_rb.ept,CorrectFdbk,9.118437888
Per_Choice_154_rb.ept,CorrectFdbk,10.58487999
Per_Choice_154_rb.ept,CorrectFdbk,5.173076853
Per_Choice_154_rb.ept,CorrectFdbk,8.210586943
Per_Choice_154_rb.ept,CorrectFdbk,5.908781054
Per_Choice_154_rb.ept,CorrectFdbk,10.69088036
Per_Choice_154_rb.ept,CorrectFdbk,13.95026601
Per_Choice_154_rb.ept,CorrectFdbk,11.16249711
Per_Choice_154_rb.ept,CorrectFdbk,13.0964678
Per_Choice_154_rb.ept,CorrectFdbk,9.83858557
Per_Choice_154_rb.ept,CorrectFdbk,13.18173974
Per_Choice_154_rb.ept,CorrectFdbk,6.051869705
Per_Choice_154_rb.ept,CorrectFdbk,8.710909965
Per_Choice_154_rb.ept,CorrectFdbk,1.434959016
Per_Choice_154_rb.ept,CorrectFdbk,7.922545297
Per_Choice_154_rb.ept,CorrectFdbk,0.493862972
Per_Choice_154_rb.ept,CorrectFdbk,6.675607553
Per_Choice_154_rb.ept,CorrectFdbk,2.388109265
Per_Choice_154_rb.ept,CorrectFdbk,7.676230555
Per_Choice_154_rb.ept,CorrectFdbk,2.354167963
Per_Choice_154_rb.ept,CorrectFdbk,5.973620893
Per_Choice_154_rb.ept,CorrectFdbk,8.22912572
Per_Choice_154_rb.ept,CorrectFdbkFood,3.375964298
Per_Choice_154_rb.ept,CorrectFdbkFood,9.118437888
Per_Choice_154_rb.ept,CorrectFdbkFood,5.173076853
Per_Choice_154_rb.ept,CorrectFdbkFood,5.476240113
Per_Choice_154_rb.ept,CorrectFdbkFood,10.69088036
Per_Choice_154_rb.ept,CorrectFdbkFood,13.95026601
Per_Choice_154_rb.ept,CorrectFdbkFood,11.16249711
Per_Choice_154_rb.ept,CorrectFdbkFood,6.051869705
Per_Choice_154_rb.ept,CorrectFdbkFood,1.434959016
Per_Choice_154_rb.ept,CorrectFdbkFood,0.493862972
Per_Choice_154_rb.ept,CorrectFdbkFood,6.675607553
Per_Choice_154_rb.ept,CorrectFdbkFood,8.229127734
Per_Choice_154_rb.ept,IncorrectFdbk,1.389111489
Per_Choice_154_rb.ept,IncorrectFdbk,-3.327432632
Per_Choice_154_rb.ept,IncorrectFdbk,7.056171996
Per_Choice_154_rb.ept,IncorrectFdbk,-1.622269673
Per_Choice_154_rb.ept,IncorrectFdbk,4.227697674
Per_Choice_154_rb.ept,IncorrectFdbk,-0.508857143
Per_Choice_154_rb.ept,IncorrectFdbk,4.366169066
Per_Choice_154_rb.ept,IncorrectFdbk,-0.212783401
Per_Choice_154_rb.ept,IncorrectFdbk,6.015390392
Per_Choice_154_rb.ept,IncorrectFdbk,0.358102035
Per_Choice_154_rb.ept,IncorrectFdbk,5.324398018
Per_Choice_154_rb.ept,IncorrectFdbk,7.166667405
Per_Choice_154_rb.ept,IncorrectFdbk,4.797892743
Per_Choice_154_rb.ept,IncorrectFdbk,3.726678762
Per_Choice_154_rb.ept,IncorrectFdbk,7.222361019
Per_Choice_154_rb.ept,IncorrectFdbk,9.431608021
Per_Choice_154_rb.ept,IncorrectFdbk,4.93462079
Per_Choice_154_rb.ept,IncorrectFdbk,0.29063917
Per_Choice_154_rb.ept,IncorrectFdbk,6.861274247
Per_Choice_154_rb.ept,IncorrectFdbk,4.946261718
Per_Choice_155_rb.ept,CorrectFdbk,3.312415213
Per_Choice_155_rb.ept,CorrectFdbk,-2.115532828
Per_Choice_155_rb.ept,CorrectFdbk,4.443120625
Per_Choice_155_rb.ept,CorrectFdbk,2.199318024
Per_Choice_155_rb.ept,CorrectFdbk,-2.463653123
Per_Choice_155_rb.ept,CorrectFdbk,-0.417317734
Per_Choice_155_rb.ept,CorrectFdbk,-0.871727409
Per_Choice_155_rb.ept,CorrectFdbk,5.351089399
Per_Choice_155_rb.ept,CorrectFdbk,0.461895199
Per_Choice_155_rb.ept,CorrectFdbk,2.467508306
Per_Choice_155_rb.ept,CorrectFdbk,0.851773775
Per_Choice_155_rb.ept,CorrectFdbk,3.447181443
Per_Choice_155_rb.ept,CorrectFdbk,-1.022512547
Per_Choice_155_rb.ept,CorrectFdbk,8.667462428
Per_Choice_155_rb.ept,CorrectFdbk,2.722713171
Per_Choice_155_rb.ept,CorrectFdbk,4.936249754
Per_Choice_155_rb.ept,CorrectFdbk,1.349587587
Per_Choice_155_rb.ept,CorrectFdbk,-4.201372366
Per_Choice_155_rb.ept,CorrectFdbk,-3.428568106
Per_Choice_155_rb.ept,CorrectFdbk,0.143130479
Per_Choice_155_rb.ept,CorrectFdbk,-0.519943628
Per_Choice_155_rb.ept,CorrectFdbk,0.362477818
Per_Choice_155_rb.ept,CorrectFdbk,-0.165353122
Per_Choice_155_rb.ept,CorrectFdbk,-5.135564652
Per_Choice_155_rb.ept,CorrectFdbk,4.80322415
Per_Choice_155_rb.ept,CorrectFdbkFood,3.312415213
Per_Choice_155_rb.ept,CorrectFdbkFood,-2.115532828
Per_Choice_155_rb.ept,CorrectFdbkFood,4.443120625
Per_Choice_155_rb.ept,CorrectFdbkFood,-2.463653123
Per_Choice_155_rb.ept,CorrectFdbkFood,-0.074316191
Per_Choice_155_rb.ept,CorrectFdbkFood,5.351089399
Per_Choice_155_rb.ept,CorrectFdbkFood,0.461895199
Per_Choice_155_rb.ept,CorrectFdbkFood,2.467508306
Per_Choice_155_rb.ept,CorrectFdbkFood,0.851773775
Per_Choice_155_rb.ept,CorrectFdbkFood,-0.809899836
Per_Choice_155_rb.ept,CorrectFdbkFood,8.667462428
Per_Choice_155_rb.ept,CorrectFdbkFood,4.936249754
Per_Choice_155_rb.ept,CorrectFdbkFood,1.349587587
Per_Choice_155_rb.ept,CorrectFdbkFood,-4.201372366
Per_Choice_155_rb.ept,CorrectFdbkFood,0.362477818
Per_Choice_155_rb.ept,CorrectFdbkFood,-5.135564652
Per_Choice_155_rb.ept,CorrectFdbkFood,4.80322415
Per_Choice_155_rb.ept,IncorrectFdbk,-1.725906601
Per_Choice_155_rb.ept,IncorrectFdbk,7.58644629
Per_Choice_155_rb.ept,IncorrectFdbk,3.894798805
Per_Choice_155_rb.ept,IncorrectFdbk,-3.360611094
Per_Choice_155_rb.ept,IncorrectFdbk,-3.296182724
Per_Choice_155_rb.ept,IncorrectFdbk,2.150577942
Per_Choice_155_rb.ept,IncorrectFdbk,-1.777894461
Per_Choice_155_rb.ept,IncorrectFdbk,0.914255076
Per_Choice_155_rb.ept,IncorrectFdbk,0.008598232
Per_Choice_155_rb.ept,IncorrectFdbk,1.705598376
Per_Choice_155_rb.ept,IncorrectFdbk,4.2646268
Per_Choice_155_rb.ept,IncorrectFdbk,-0.43645515
Per_Choice_155_rb.ept,IncorrectFdbk,-1.679775718
Per_Choice_155_rb.ept,IncorrectFdbk,-0.136561592
Per_Choice_155_rb.ept,IncorrectFdbk,-2.020715814
Per_Choice_155_rb.ept,IncorrectFdbk,0.821162904
Per_Choice_155_rb.ept,IncorrectFdbk,-2.128523114
Per_Choice_155_rb.ept,IncorrectFdbk,-2.749906608
Per_Choice_155_rb.ept,IncorrectFdbk,-1.69286711
Per_Choice_155_rb.ept,IncorrectFdbk,-0.767190283
Per_Choice_155_rb.ept,IncorrectFdbk,0.407318199
Per_Choice_155_rb.ept,IncorrectFdbk,-3.161434847
Per_Choice_155_rb.ept,IncorrectFdbk,-3.093194783
Per_Choice_155_rb.ept,IncorrectFdbk,0.774087486
Per_Choice_156_rb.ept,CorrectFdbk,2.456589296
Per_Choice_156_rb.ept,CorrectFdbk,0.281785354
Per_Choice_156_rb.ept,CorrectFdbk,4.040533218
Per_Choice_156_rb.ept,CorrectFdbk,1.538770408
Per_Choice_156_rb.ept,CorrectFdbk,0.481101077
Per_Choice_156_rb.ept,CorrectFdbk,5.264945962
Per_Choice_156_rb.ept,CorrectFdbk,-0.623680751
Per_Choice_156_rb.ept,CorrectFdbk,6.965759611
Per_Choice_156_rb.ept,CorrectFdbk,-0.352060685
Per_Choice_156_rb.ept,CorrectFdbk,-5.536226804
Per_Choice_156_rb.ept,CorrectFdbk,2.682151461
Per_Choice_156_rb.ept,CorrectFdbk,-2.943803618
Per_Choice_156_rb.ept,CorrectFdbk,5.166455652
Per_Choice_156_rb.ept,CorrectFdbk,2.153830934
Per_Choice_156_rb.ept,CorrectFdbk,-0.092379686
Per_Choice_156_rb.ept,CorrectFdbk,2.255830395
Per_Choice_156_rb.ept,CorrectFdbk,3.426652993
Per_Choice_156_rb.ept,CorrectFdbk,-7.859861573
Per_Choice_156_rb.ept,CorrectFdbk,0.486267419
Per_Choice_156_rb.ept,CorrectFdbk,9.227915865
Per_Choice_156_rb.ept,CorrectFdbk,-8.401003485
Per_Choice_156_rb.ept,CorrectFdbk,3.437921912
Per_Choice_156_rb.ept,CorrectFdbk,1.580595445
Per_Choice_156_rb.ept,CorrectFdbk,-1.732840982
Per_Choice_156_rb.ept,CorrectFdbk,1.134237726
Per_Choice_156_rb.ept,CorrectFdbkFood,2.456589608
Per_Choice_156_rb.ept,CorrectFdbkFood,0.281755183
Per_Choice_156_rb.ept,CorrectFdbkFood,1.538770408
Per_Choice_156_rb.ept,CorrectFdbkFood,0.481101077
Per_Choice_156_rb.ept,CorrectFdbkFood,5.264945962
Per_Choice_156_rb.ept,CorrectFdbkFood,6.965759611
Per_Choice_156_rb.ept,CorrectFdbkFood,-0.352060685
Per_Choice_156_rb.ept,CorrectFdbkFood,5.166455652
Per_Choice_156_rb.ept,CorrectFdbkFood,-0.092379686
Per_Choice_156_rb.ept,CorrectFdbkFood,2.255830395
Per_Choice_156_rb.ept,CorrectFdbkFood,10.0783826
Per_Choice_156_rb.ept,CorrectFdbkFood,3.437921912
Per_Choice_156_rb.ept,CorrectFdbkFood,1.580595445
Per_Choice_156_rb.ept,CorrectFdbkFood,-1.732840982
Per_Choice_156_rb.ept,IncorrectFdbk,-6.986648182
Per_Choice_156_rb.ept,IncorrectFdbk,5.430524806
Per_Choice_156_rb.ept,IncorrectFdbk,7.81572567
Per_Choice_156_rb.ept,IncorrectFdbk,6.840768688
Per_Choice_156_rb.ept,IncorrectFdbk,-4.623768147
Per_Choice_156_rb.ept,IncorrectFdbk,-3.23020992
Per_Choice_156_rb.ept,IncorrectFdbk,-0.482590848
Per_Choice_156_rb.ept,IncorrectFdbk,2.949941676
Per_Choice_156_rb.ept,IncorrectFdbk,-5.756899963
Per_Choice_156_rb.ept,IncorrectFdbk,7.372162052
Per_Choice_156_rb.ept,IncorrectFdbk,-2.255311185
Per_Choice_156_rb.ept,IncorrectFdbk,1.665660592
Per_Choice_156_rb.ept,IncorrectFdbk,-7.165809051
Per_Choice_156_rb.ept,IncorrectFdbk,-6.699928756
Per_Choice_156_rb.ept,IncorrectFdbk,1.76986993
Per_Choice_156_rb.ept,IncorrectFdbk,0.547793309
Per_Choice_156_rb.ept,IncorrectFdbk,8.190761905
Per_Choice_156_rb.ept,IncorrectFdbk,13.02595903
Per_Choice_156_rb.ept,IncorrectFdbk,6.038546862
Per_Choice_156_rb.ept,IncorrectFdbk,-0.451036116
Per_Choice_156_rb.ept,IncorrectFdbk,-2.080150688
Per_Choice_156_rb.ept,IncorrectFdbk,-3.648388704
Per_Choice_156_rb.ept,IncorrectFdbk,6.76002141
Per_Choice_156_rb.ept,IncorrectFdbk,-6.29894969
Per_Choice_156_rb.ept,IncorrectFdbk,1.289929706
Per_Choice_158_rb.ept,CorrectFdbk,7.96044673
Per_Choice_159_rb.ept,CorrectFdbk,2.874373471
Per_Choice_159_rb.ept,CorrectFdbk,2.583278478
Per_Choice_159_rb.ept,CorrectFdbk,0.86989385
Per_Choice_159_rb.ept,CorrectFdbk,6.85955371
Per_Choice_159_rb.ept,CorrectFdbk,7.197289253
Per_Choice_159_rb.ept,CorrectFdbk,3.803088963
Per_Choice_159_rb.ept,CorrectFdbk,0.784634408
Per_Choice_159_rb.ept,CorrectFdbk,4.417091869
Per_Choice_159_rb.ept,CorrectFdbk,4.487546327
Per_Choice_159_rb.ept,CorrectFdbk,8.802955419
Per_Choice_159_rb.ept,CorrectFdbk,13.47688311
Per_Choice_159_rb.ept,CorrectFdbk,-2.442118927
Per_Choice_159_rb.ept,CorrectFdbk,4.223731755
Per_Choice_159_rb.ept,CorrectFdbk,0.788903778
Per_Choice_159_rb.ept,CorrectFdbk,4.545916235
Per_Choice_159_rb.ept,CorrectFdbk,10.19297692
Per_Choice_159_rb.ept,CorrectFdbk,5.636517667
Per_Choice_159_rb.ept,CorrectFdbk,13.5496362
Per_Choice_159_rb.ept,CorrectFdbk,13.66940421
Per_Choice_159_rb.ept,CorrectFdbk,9.309966512
Per_Choice_159_rb.ept,CorrectFdbk,7.577990006
Per_Choice_159_rb.ept,CorrectFdbkFood,2.874373471
Per_Choice_159_rb.ept,CorrectFdbkFood,2.583278478
Per_Choice_159_rb.ept,CorrectFdbkFood,0.86989385
Per_Choice_159_rb.ept,CorrectFdbkFood,6.85955371
Per_Choice_159_rb.ept,CorrectFdbkFood,7.197289253
Per_Choice_159_rb.ept,CorrectFdbkFood,4.417247784
Per_Choice_159_rb.ept,CorrectFdbkFood,4.487546327
Per_Choice_159_rb.ept,CorrectFdbkFood,13.47688311
Per_Choice_159_rb.ept,CorrectFdbkFood,-2.442103329
Per_Choice_159_rb.ept,CorrectFdbkFood,0.788903778
Per_Choice_159_rb.ept,CorrectFdbkFood,4.545916235
Per_Choice_159_rb.ept,CorrectFdbkFood,5.636517192
Per_Choice_159_rb.ept,CorrectFdbkFood,13.66940421
Per_Choice_159_rb.ept,CorrectFdbkFood,9.309966512
Per_Choice_159_rb.ept,CorrectFdbkFood,7.577990006
Per_Choice_159_rb.ept,IncorrectFdbk,5.220113141
Per_Choice_159_rb.ept,IncorrectFdbk,11.06792856
Per_Choice_159_rb.ept,IncorrectFdbk,0.628508239
Per_Choice_159_rb.ept,IncorrectFdbk,4.19866371
Per_Choice_159_rb.ept,IncorrectFdbk,-4.039662657
Per_Choice_159_rb.ept,IncorrectFdbk,-0.155513926
Per_Choice_159_rb.ept,IncorrectFdbk,6.564496124
Per_Choice_159_rb.ept,IncorrectFdbk,1.471046142
Per_Choice_159_rb.ept,IncorrectFdbk,5.046059432
Per_Choice_159_rb.ept,IncorrectFdbk,3.19323703
Per_Choice_159_rb.ept,IncorrectFdbk,9.528550171
Per_Choice_159_rb.ept,IncorrectFdbk,6.34638612
Per_Choice_159_rb.ept,IncorrectFdbk,-1.806458743
Per_Choice_159_rb.ept,IncorrectFdbk,1.946096401
Per_Choice_159_rb.ept,IncorrectFdbk,-2.275657911
Per_Choice_159_rb.ept,IncorrectFdbk,-0.818087497
Per_Choice_159_rb.ept,IncorrectFdbk,-6.250291882
Per_Choice_159_rb.ept,IncorrectFdbk,1.898198527
Per_Choice_159_rb.ept,IncorrectFdbk,-0.149575836
Per_Choice_159_rb.ept,IncorrectFdbk,1.991854171
Per_Choice_159_rb.ept,IncorrectFdbk,-0.056672073
Per_Choice_160_rb.ept,CorrectFdbk,7.26433927
Per_Choice_160_rb.ept,CorrectFdbk,5.835671362
Per_Choice_160_rb.ept,CorrectFdbk,2.596089332
Per_Choice_160_rb.ept,CorrectFdbk,0.830690785
Per_Choice_160_rb.ept,CorrectFdbk,9.842056013
Per_Choice_160_rb.ept,CorrectFdbk,12.13218796
Per_Choice_160_rb.ept,CorrectFdbk,9.160444326
Per_Choice_160_rb.ept,CorrectFdbk,8.806143953
Per_Choice_160_rb.ept,CorrectFdbk,8.111503876
Per_Choice_160_rb.ept,CorrectFdbk,23.49568229
Per_Choice_160_rb.ept,CorrectFdbk,6.373825652
Per_Choice_160_rb.ept,CorrectFdbk,4.074372734
Per_Choice_160_rb.ept,CorrectFdbk,19.7183929
Per_Choice_160_rb.ept,CorrectFdbk,9.05910139
Per_Choice_160_rb.ept,CorrectFdbk,-7.595974968
Per_Choice_160_rb.ept,CorrectFdbk,5.352568683
Per_Choice_160_rb.ept,CorrectFdbk,14.41141135
Per_Choice_160_rb.ept,CorrectFdbk,8.819764479
Per_Choice_160_rb.ept,CorrectFdbk,12.52130183
Per_Choice_160_rb.ept,CorrectFdbkFood,7.264657304
Per_Choice_160_rb.ept,CorrectFdbkFood,5.835775093
Per_Choice_160_rb.ept,CorrectFdbkFood,2.596089332
Per_Choice_160_rb.ept,CorrectFdbkFood,0.830939906
Per_Choice_160_rb.ept,CorrectFdbkFood,8.111503876
Per_Choice_160_rb.ept,CorrectFdbkFood,6.373825652
Per_Choice_160_rb.ept,CorrectFdbkFood,4.795056953
Per_Choice_160_rb.ept,CorrectFdbkFood,-7.595974968
Per_Choice_160_rb.ept,CorrectFdbkFood,14.41141275
Per_Choice_160_rb.ept,CorrectFdbkFood,12.52130183
Per_Choice_160_rb.ept,IncorrectFdbk,5.141936139
Per_Choice_160_rb.ept,IncorrectFdbk,8.480219395
Per_Choice_160_rb.ept,IncorrectFdbk,-0.064033592
Per_Choice_160_rb.ept,IncorrectFdbk,7.194942783
Per_Choice_160_rb.ept,IncorrectFdbk,8.175993355
Per_Choice_160_rb.ept,IncorrectFdbk,4.177584034
Per_Choice_160_rb.ept,IncorrectFdbk,17.37019862
Per_Choice_160_rb.ept,IncorrectFdbk,0.105543433
Per_Choice_160_rb.ept,IncorrectFdbk,13.11052648
Per_Choice_160_rb.ept,IncorrectFdbk,11.00378485
Per_Choice_160_rb.ept,IncorrectFdbk,7.611589966
Per_Choice_160_rb.ept,IncorrectFdbk,2.123287337
Per_Choice_160_rb.ept,IncorrectFdbk,-6.202547441
Per_Choice_160_rb.ept,IncorrectFdbk,-2.402966691
Per_Choice_160_rb.ept,IncorrectFdbk,5.491084326
Per_Choice_160_rb.ept,IncorrectFdbk,-4.064011527
Per_Choice_160_rb.ept,IncorrectFdbk,0.410051123
Per_Choice_160_rb.ept,IncorrectFdbk,9.254160312
Per_Choice_160_rb.ept,IncorrectFdbk,1.354922928
Per_Choice_160_rb.ept,IncorrectFdbk,5.761444585
Per_Choice_161_rb.ept,CorrectFdbk,5.519239473
Per_Choice_161_rb.ept,CorrectFdbk,8.146828183
Per_Choice_161_rb.ept,CorrectFdbk,17.58788162
Per_Choice_161_rb.ept,CorrectFdbk,11.75448287
Per_Choice_161_rb.ept,CorrectFdbk,10.95132899
Per_Choice_161_rb.ept,CorrectFdbk,13.06674718
Per_Choice_161_rb.ept,CorrectFdbk,9.887184424
Per_Choice_161_rb.ept,CorrectFdbk,9.758836267
Per_Choice_161_rb.ept,CorrectFdbk,15.92103784
Per_Choice_161_rb.ept,CorrectFdbk,0.239959937
Per_Choice_161_rb.ept,CorrectFdbk,14.63370822
Per_Choice_161_rb.ept,CorrectFdbk,20.30753917
Per_Choice_161_rb.ept,CorrectFdbk,7.349225024
Per_Choice_161_rb.ept,CorrectFdbk,16.45535081
Per_Choice_161_rb.ept,CorrectFdbk,2.665553492
Per_Choice_161_rb.ept,CorrectFdbk,1.228439412
Per_Choice_161_rb.ept,CorrectFdbk,15.74393589
Per_Choice_161_rb.ept,CorrectFdbk,9.987708011
Per_Choice_161_rb.ept,CorrectFdbk,-1.541346563
Per_Choice_161_rb.ept,CorrectFdbkFood,5.517939963
Per_Choice_161_rb.ept,CorrectFdbkFood,8.146828183
Per_Choice_161_rb.ept,CorrectFdbkFood,11.75733049
Per_Choice_161_rb.ept,CorrectFdbkFood,10.95132899
Per_Choice_161_rb.ept,CorrectFdbkFood,9.758836267
Per_Choice_161_rb.ept,CorrectFdbkFood,15.92103784
Per_Choice_161_rb.ept,CorrectFdbkFood,0.239959937
Per_Choice_161_rb.ept,CorrectFdbkFood,14.63370822
Per_Choice_161_rb.ept,CorrectFdbkFood,7.349225024
Per_Choice_161_rb.ept,CorrectFdbkFood,2.665553492
Per_Choice_161_rb.ept,CorrectFdbkFood,9.987708011
Per_Choice_161_rb.ept,CorrectFdbkFood,-1.541327457
Per_Choice_161_rb.ept,IncorrectFdbk,-1.176005941
Per_Choice_161_rb.ept,IncorrectFdbk,9.939759096
Per_Choice_161_rb.ept,IncorrectFdbk,12.200642
Per_Choice_161_rb.ept,IncorrectFdbk,9.362120628
Per_Choice_161_rb.ept,IncorrectFdbk,6.780486981
Per_Choice_161_rb.ept,IncorrectFdbk,3.14577723
Per_Choice_161_rb.ept,IncorrectFdbk,0.476088084
Per_Choice_161_rb.ept,IncorrectFdbk,18.83699123
Per_Choice_161_rb.ept,IncorrectFdbk,12.19077916
Per_Choice_161_rb.ept,IncorrectFdbk,10.2522352
Per_Choice_161_rb.ept,IncorrectFdbk,4.387570722
Per_Choice_161_rb.ept,IncorrectFdbk,1.382132476
Per_Choice_161_rb.ept,IncorrectFdbk,1.084922442
Per_Choice_161_rb.ept,IncorrectFdbk,-2.303273154
Per_Choice_161_rb.ept,IncorrectFdbk,6.348588561
Per_Choice_161_rb.ept,IncorrectFdbk,8.988711554
Per_Choice_161_rb.ept,IncorrectFdbk,10.62775209
Per_Choice_161_rb.ept,IncorrectFdbk,16.15969852
Per_Choice_162_rb.ept,CorrectFdbk,-0.121700687
Per_Choice_162_rb.ept,CorrectFdbk,-0.793841948
Per_Choice_162_rb.ept,CorrectFdbk,2.250363465
Per_Choice_162_rb.ept,CorrectFdbk,-6.582162133
Per_Choice_162_rb.ept,CorrectFdbk,0.160097448
Per_Choice_162_rb.ept,CorrectFdbk,0.319215372
Per_Choice_162_rb.ept,CorrectFdbk,-1.944462657
Per_Choice_162_rb.ept,CorrectFdbk,2.437695515
Per_Choice_162_rb.ept,CorrectFdbk,-3.044338751
Per_Choice_162_rb.ept,CorrectFdbk,1.202723912
Per_Choice_162_rb.ept,CorrectFdbk,8.38211788
Per_Choice_162_rb.ept,CorrectFdbk,5.358414665
Per_Choice_162_rb.ept,CorrectFdbk,1.452521173
Per_Choice_162_rb.ept,CorrectFdbk,2.579397814
Per_Choice_162_rb.ept,CorrectFdbk,-3.265083107
Per_Choice_162_rb.ept,CorrectFdbk,2.536821007
Per_Choice_162_rb.ept,CorrectFdbk,-1.697466964
Per_Choice_162_rb.ept,CorrectFdbk,6.750685025
Per_Choice_162_rb.ept,CorrectFdbk,2.365442675
Per_Choice_162_rb.ept,CorrectFdbkFood,1.70022489
Per_Choice_162_rb.ept,CorrectFdbkFood,2.250518234
Per_Choice_162_rb.ept,CorrectFdbkFood,-6.581960671
Per_Choice_162_rb.ept,CorrectFdbkFood,0.160080903
Per_Choice_162_rb.ept,CorrectFdbkFood,-1.944455553
Per_Choice_162_rb.ept,CorrectFdbkFood,2.437696774
Per_Choice_162_rb.ept,CorrectFdbkFood,-3.044344874
Per_Choice_162_rb.ept,CorrectFdbkFood,1.202715801
Per_Choice_162_rb.ept,CorrectFdbkFood,5.358414665
Per_Choice_162_rb.ept,CorrectFdbkFood,1.452410065
Per_Choice_162_rb.ept,CorrectFdbkFood,1.758682705
Per_Choice_162_rb.ept,CorrectFdbkFood,-3.265012983
Per_Choice_162_rb.ept,CorrectFdbkFood,-1.697450355
Per_Choice_162_rb.ept,CorrectFdbkFood,2.365417709
Per_Choice_162_rb.ept,IncorrectFdbk,2.312916045
Per_Choice_162_rb.ept,IncorrectFdbk,-2.896956574
Per_Choice_162_rb.ept,IncorrectFdbk,5.009099131
Per_Choice_162_rb.ept,IncorrectFdbk,10.11214872
Per_Choice_162_rb.ept,IncorrectFdbk,5.399407507
Per_Choice_162_rb.ept,IncorrectFdbk,2.771768036
Per_Choice_162_rb.ept,IncorrectFdbk,3.082245319
Per_Choice_162_rb.ept,IncorrectFdbk,-2.90554363
Per_Choice_162_rb.ept,IncorrectFdbk,0.435137846
Per_Choice_162_rb.ept,IncorrectFdbk,1.393181815
Per_Choice_162_rb.ept,IncorrectFdbk,3.767206582
Per_Choice_162_rb.ept,IncorrectFdbk,-0.166277039
Per_Choice_162_rb.ept,IncorrectFdbk,-2.747634251
Per_Choice_162_rb.ept,IncorrectFdbk,3.463477017
Per_Choice_162_rb.ept,IncorrectFdbk,-1.652965273
Per_Choice_162_rb.ept,IncorrectFdbk,0.063157782
Per_Choice_163_rb.ept,IncorrectFdbk,-0.292439967
Per_Choice_164_rb.ept,CorrectFdbk,3.131750632
Per_Choice_164_rb.ept,CorrectFdbk,9.452162838
Per_Choice_164_rb.ept,CorrectFdbk,5.206803888
Per_Choice_164_rb.ept,CorrectFdbk,15.40262454
Per_Choice_164_rb.ept,CorrectFdbk,17.47490696
Per_Choice_164_rb.ept,CorrectFdbk,7.599942968
Per_Choice_164_rb.ept,CorrectFdbk,7.400535194
Per_Choice_164_rb.ept,CorrectFdbk,15.34294966
Per_Choice_164_rb.ept,CorrectFdbk,12.68310318
Per_Choice_164_rb.ept,CorrectFdbk,17.4991381
Per_Choice_164_rb.ept,CorrectFdbk,13.51547836
Per_Choice_164_rb.ept,CorrectFdbk,10.4918132
Per_Choice_164_rb.ept,CorrectFdbk,19.71217111
Per_Choice_164_rb.ept,CorrectFdbk,9.718970054
Per_Choice_164_rb.ept,CorrectFdbkFood,15.40261998
Per_Choice_164_rb.ept,CorrectFdbkFood,17.47490696
Per_Choice_164_rb.ept,CorrectFdbkFood,7.40057141
Per_Choice_164_rb.ept,CorrectFdbkFood,15.34294966
Per_Choice_164_rb.ept,CorrectFdbkFood,17.4991381
Per_Choice_164_rb.ept,CorrectFdbkFood,13.51547836
Per_Choice_164_rb.ept,CorrectFdbkFood,10.58054266
Per_Choice_164_rb.ept,CorrectFdbkFood,19.71217111
Per_Choice_164_rb.ept,CorrectFdbkFood,9.71895661
Per_Choice_164_rb.ept,IncorrectFdbk,5.453081221
Per_Choice_164_rb.ept,IncorrectFdbk,3.025120045
Per_Choice_164_rb.ept,IncorrectFdbk,13.56864445
Per_Choice_164_rb.ept,IncorrectFdbk,5.874400092
Per_Choice_166_rb.ept,CorrectFdbk,4.887384312
Per_Choice_166_rb.ept,CorrectFdbk,9.129181198
Per_Choice_166_rb.ept,CorrectFdbk,16.62122178
Per_Choice_166_rb.ept,CorrectFdbk,0.305249502
Per_Choice_166_rb.ept,CorrectFdbk,14.61743524
Per_Choice_166_rb.ept,CorrectFdbk,13.72478017
Per_Choice_166_rb.ept,CorrectFdbk,12.84357659
Per_Choice_166_rb.ept,CorrectFdbk,3.383610989
Per_Choice_166_rb.ept,CorrectFdbk,13.38595318
Per_Choice_166_rb.ept,CorrectFdbk,-0.232477952
Per_Choice_166_rb.ept,CorrectFdbk,1.307397479
Per_Choice_166_rb.ept,CorrectFdbk,6.038905445
Per_Choice_166_rb.ept,CorrectFdbk,17.11495296
Per_Choice_166_rb.ept,CorrectFdbk,-10.65091516
Per_Choice_166_rb.ept,CorrectFdbk,19.54269909
Per_Choice_166_rb.ept,CorrectFdbk,9.988457612
Per_Choice_166_rb.ept,CorrectFdbk,2.351347865
Per_Choice_166_rb.ept,CorrectFdbk,1.448187694
Per_Choice_166_rb.ept,CorrectFdbk,-0.184723318
Per_Choice_166_rb.ept,CorrectFdbk,7.405115026
Per_Choice_166_rb.ept,CorrectFdbk,4.97878125
Per_Choice_166_rb.ept,CorrectFdbk,-13.28884195
Per_Choice_166_rb.ept,CorrectFdbk,10.32793843
Per_Choice_166_rb.ept,CorrectFdbk,3.896527369
Per_Choice_166_rb.ept,CorrectFdbkFood,4.887384312
Per_Choice_166_rb.ept,CorrectFdbkFood,9.129181052
Per_Choice_166_rb.ept,CorrectFdbkFood,16.62122178
Per_Choice_166_rb.ept,CorrectFdbkFood,14.61743524
Per_Choice_166_rb.ept,CorrectFdbkFood,13.72478017
Per_Choice_166_rb.ept,CorrectFdbkFood,3.383610989
Per_Choice_166_rb.ept,CorrectFdbkFood,13.38595318
Per_Choice_166_rb.ept,CorrectFdbkFood,1.307397479
Per_Choice_166_rb.ept,CorrectFdbkFood,-10.65091516
Per_Choice_166_rb.ept,CorrectFdbkFood,2.351347865
Per_Choice_166_rb.ept,CorrectFdbkFood,1.448187694
Per_Choice_166_rb.ept,CorrectFdbkFood,-0.184723318
Per_Choice_166_rb.ept,CorrectFdbkFood,7.405115026
Per_Choice_166_rb.ept,CorrectFdbkFood,3.896527369
Per_Choice_166_rb.ept,IncorrectFdbk,-1.58496943
Per_Choice_166_rb.ept,IncorrectFdbk,6.494814592
Per_Choice_166_rb.ept,IncorrectFdbk,12.33934836
Per_Choice_166_rb.ept,IncorrectFdbk,-0.466220779
Per_Choice_166_rb.ept,IncorrectFdbk,6.636278275
Per_Choice_166_rb.ept,IncorrectFdbk,-2.231824659
Per_Choice_166_rb.ept,IncorrectFdbk,10.70260059
Per_Choice_166_rb.ept,IncorrectFdbk,0.431232189
Per_Choice_166_rb.ept,IncorrectFdbk,9.778347254
Per_Choice_166_rb.ept,IncorrectFdbk,5.29129071
Per_Choice_166_rb.ept,IncorrectFdbk,16.15721373
Per_Choice_166_rb.ept,IncorrectFdbk,9.141577992
Per_Choice_166_rb.ept,IncorrectFdbk,5.187508675
Per_Choice_166_rb.ept,IncorrectFdbk,1.196460177
Per_Choice_166_rb.ept,IncorrectFdbk,3.763228838
Per_Choice_166_rb.ept,IncorrectFdbk,11.90841823
Per_Choice_166_rb.ept,IncorrectFdbk,1.705050437
Per_Choice_166_rb.ept,IncorrectFdbk,0.279140642
Per_Choice_166_rb.ept,IncorrectFdbk,8.802944091
Per_Choice_166_rb.ept,IncorrectFdbk,15.53503212
Per_Choice_166_rb.ept,IncorrectFdbk,-2.806992986
Per_Choice_166_rb.ept,IncorrectFdbk,-3.924693245
Per_Choice_166_rb.ept,IncorrectFdbk,9.418905372
Per_Choice_166_rb.ept,IncorrectFdbk,-1.447762274
Per_Choice_167_rb.ept,CorrectFdbk,-1.44919118
Per_Choice_167_rb.ept,CorrectFdbk,1.207287755
Per_Choice_167_rb.ept,CorrectFdbk,3.792151645
Per_Choice_167_rb.ept,CorrectFdbk,11.6715926
Per_Choice_167_rb.ept,CorrectFdbk,4.389277161
Per_Choice_167_rb.ept,CorrectFdbk,11.55041548
Per_Choice_167_rb.ept,CorrectFdbk,6.367154715
Per_Choice_167_rb.ept,CorrectFdbk,-2.533667472
Per_Choice_167_rb.ept,CorrectFdbk,5.244916654
Per_Choice_167_rb.ept,CorrectFdbk,6.122725991
Per_Choice_167_rb.ept,CorrectFdbk,7.299144754
Per_Choice_167_rb.ept,CorrectFdbk,0.706568226
Per_Choice_167_rb.ept,CorrectFdbk,5.5337175
Per_Choice_167_rb.ept,CorrectFdbk,6.429127481
Per_Choice_167_rb.ept,CorrectFdbk,5.398989044
Per_Choice_167_rb.ept,CorrectFdbk,8.373535549
Per_Choice_167_rb.ept,CorrectFdbk,0.223754048
Per_Choice_167_rb.ept,CorrectFdbk,5.9902129
Per_Choice_167_rb.ept,CorrectFdbk,3.905388868
Per_Choice_167_rb.ept,CorrectFdbk,1.319485064
Per_Choice_167_rb.ept,CorrectFdbk,6.659190444
Per_Choice_167_rb.ept,CorrectFdbk,4.072018102
Per_Choice_167_rb.ept,CorrectFdbk,10.79796452
Per_Choice_167_rb.ept,CorrectFdbkFood,1.207287755
Per_Choice_167_rb.ept,CorrectFdbkFood,3.792151645
Per_Choice_167_rb.ept,CorrectFdbkFood,4.389277161
Per_Choice_167_rb.ept,CorrectFdbkFood,10.97412281
Per_Choice_167_rb.ept,CorrectFdbkFood,6.367154715
Per_Choice_167_rb.ept,CorrectFdbkFood,-2.533667472
Per_Choice_167_rb.ept,CorrectFdbkFood,5.244916654
Per_Choice_167_rb.ept,CorrectFdbkFood,7.299144754
Per_Choice_167_rb.ept,CorrectFdbkFood,6.429127481
Per_Choice_167_rb.ept,CorrectFdbkFood,5.398989251
Per_Choice_167_rb.ept,CorrectFdbkFood,8.373535549
Per_Choice_167_rb.ept,CorrectFdbkFood,0.223754048
Per_Choice_167_rb.ept,CorrectFdbkFood,1.319485064
Per_Choice_167_rb.ept,CorrectFdbkFood,4.072015571
Per_Choice_167_rb.ept,IncorrectFdbk,1.13235288
Per_Choice_167_rb.ept,IncorrectFdbk,4.41607975
Per_Choice_167_rb.ept,IncorrectFdbk,0.397625874
Per_Choice_167_rb.ept,IncorrectFdbk,-1.294064841
Per_Choice_167_rb.ept,IncorrectFdbk,-2.677131494
Per_Choice_167_rb.ept,IncorrectFdbk,3.475949357
Per_Choice_167_rb.ept,IncorrectFdbk,2.441482342
Per_Choice_167_rb.ept,IncorrectFdbk,-2.555834411
Per_Choice_167_rb.ept,IncorrectFdbk,1.492552871
Per_Choice_167_rb.ept,IncorrectFdbk,-0.548345878
Per_Choice_167_rb.ept,IncorrectFdbk,-0.692781954
Per_Choice_167_rb.ept,IncorrectFdbk,0.863766955
Per_Choice_167_rb.ept,IncorrectFdbk,-0.088552697
Per_Choice_167_rb.ept,IncorrectFdbk,-0.874362562
Per_Choice_167_rb.ept,IncorrectFdbk,3.268317773
Per_Choice_167_rb.ept,IncorrectFdbk,-2.71353586
Per_Choice_167_rb.ept,IncorrectFdbk,4.340824638
Per_Choice_167_rb.ept,IncorrectFdbk,3.931673373
Per_Choice_167_rb.ept,IncorrectFdbk,2.035701957
Per_Choice_167_rb.ept,IncorrectFdbk,7.033224918
Per_Choice_168_rb.ept,CorrectFdbk,1.906312201
Per_Choice_168_rb.ept,CorrectFdbk,0.968218096
Per_Choice_168_rb.ept,CorrectFdbk,3.932518321
Per_Choice_168_rb.ept,CorrectFdbk,2.907884841
Per_Choice_168_rb.ept,CorrectFdbk,3.618638173
Per_Choice_168_rb.ept,CorrectFdbk,-0.42158895
Per_Choice_168_rb.ept,CorrectFdbk,5.456186656
Per_Choice_168_rb.ept,CorrectFdbk,1.200703923
Per_Choice_168_rb.ept,CorrectFdbk,-0.554238475
Per_Choice_168_rb.ept,CorrectFdbk,-3.674689109
Per_Choice_168_rb.ept,CorrectFdbk,2.373663002
Per_Choice_168_rb.ept,CorrectFdbk,-1.051998203
Per_Choice_168_rb.ept,CorrectFdbk,-9.096615945
Per_Choice_168_rb.ept,CorrectFdbk,1.708674155
Per_Choice_168_rb.ept,CorrectFdbk,-0.80045931
Per_Choice_168_rb.ept,CorrectFdbk,0.142450233
Per_Choice_168_rb.ept,CorrectFdbkFood,1.906312289
Per_Choice_168_rb.ept,CorrectFdbkFood,1.039453833
Per_Choice_168_rb.ept,CorrectFdbkFood,2.908481987
Per_Choice_168_rb.ept,CorrectFdbkFood,-0.421586783
Per_Choice_168_rb.ept,CorrectFdbkFood,1.200703923
Per_Choice_168_rb.ept,CorrectFdbkFood,-0.554279693
Per_Choice_168_rb.ept,CorrectFdbkFood,2.373663002
Per_Choice_168_rb.ept,CorrectFdbkFood,-1.051998203
Per_Choice_168_rb.ept,CorrectFdbkFood,-9.096615945
Per_Choice_168_rb.ept,CorrectFdbkFood,1.708674155
Per_Choice_168_rb.ept,CorrectFdbkFood,-0.800459515
Per_Choice_168_rb.ept,CorrectFdbkFood,0.142450233
Per_Choice_168_rb.ept,IncorrectFdbk,-2.983827813
Per_Choice_168_rb.ept,IncorrectFdbk,1.292685011
Per_Choice_168_rb.ept,IncorrectFdbk,1.807852957
Per_Choice_168_rb.ept,IncorrectFdbk,1.694619187
Per_Choice_168_rb.ept,IncorrectFdbk,-0.357456076
Per_Choice_168_rb.ept,IncorrectFdbk,3.826344237
Per_Choice_168_rb.ept,IncorrectFdbk,5.069666187
Per_Choice_168_rb.ept,IncorrectFdbk,-2.125866924
Per_Choice_168_rb.ept,IncorrectFdbk,2.448667742
Per_Choice_168_rb.ept,IncorrectFdbk,-3.574341554
Per_Choice_168_rb.ept,IncorrectFdbk,0.693271047
Per_Choice_168_rb.ept,IncorrectFdbk,-1.751211166
Per_Choice_168_rb.ept,IncorrectFdbk,2.342394834
Per_Choice_168_rb.ept,IncorrectFdbk,3.32373187
Per_Choice_168_rb.ept,IncorrectFdbk,-0.654210167
Per_Choice_168_rb.ept,IncorrectFdbk,-0.775660138
Per_Choice_168_rb.ept,IncorrectFdbk,8.007146275
Per_Choice_168_rb.ept,IncorrectFdbk,-2.570486078
Per_Choice_169_rb.ept,CorrectFdbk,4.19086708
Per_Choice_169_rb.ept,CorrectFdbk,6.178773348
Per_Choice_169_rb.ept,CorrectFdbk,3.813830419
Per_Choice_169_rb.ept,CorrectFdbk,5.804113621
Per_Choice_169_rb.ept,CorrectFdbk,4.248261159
Per_Choice_169_rb.ept,CorrectFdbk,-2.165318764
Per_Choice_169_rb.ept,CorrectFdbk,7.672121398
Per_Choice_169_rb.ept,CorrectFdbk,2.841415636
Per_Choice_169_rb.ept,CorrectFdbk,3.307605438
Per_Choice_169_rb.ept,CorrectFdbk,6.037381581
Per_Choice_169_rb.ept,CorrectFdbk,6.245527412
Per_Choice_169_rb.ept,CorrectFdbk,9.657617573
Per_Choice_169_rb.ept,CorrectFdbk,-0.639639631
Per_Choice_169_rb.ept,CorrectFdbk,4.706018539
Per_Choice_169_rb.ept,CorrectFdbk,2.515593546
Per_Choice_169_rb.ept,CorrectFdbk,-0.07136419
Per_Choice_169_rb.ept,CorrectFdbk,4.3036298
Per_Choice_169_rb.ept,CorrectFdbk,7.070299479
Per_Choice_169_rb.ept,CorrectFdbk,1.60639991
Per_Choice_169_rb.ept,CorrectFdbk,4.270060405
Per_Choice_169_rb.ept,CorrectFdbkFood,4.473069278
Per_Choice_169_rb.ept,CorrectFdbkFood,6.178773348
Per_Choice_169_rb.ept,CorrectFdbkFood,4.248254684
Per_Choice_169_rb.ept,CorrectFdbkFood,-2.165318764
Per_Choice_169_rb.ept,CorrectFdbkFood,7.672279874
Per_Choice_169_rb.ept,CorrectFdbkFood,2.841417782
Per_Choice_169_rb.ept,CorrectFdbkFood,3.307605438
Per_Choice_169_rb.ept,CorrectFdbkFood,6.037381581
Per_Choice_169_rb.ept,CorrectFdbkFood,6.245527412
Per_Choice_169_rb.ept,CorrectFdbkFood,4.706020662
Per_Choice_169_rb.ept,CorrectFdbkFood,-0.07136419
Per_Choice_169_rb.ept,CorrectFdbkFood,4.3036298
Per_Choice_169_rb.ept,CorrectFdbkFood,1.60639991
Per_Choice_169_rb.ept,CorrectFdbkFood,4.270060405
Per_Choice_169_rb.ept,IncorrectFdbk,7.594828289
Per_Choice_169_rb.ept,IncorrectFdbk,8.414126047
Per_Choice_169_rb.ept,IncorrectFdbk,7.4187103
Per_Choice_169_rb.ept,IncorrectFdbk,8.622683829
Per_Choice_169_rb.ept,IncorrectFdbk,7.505678665
Per_Choice_169_rb.ept,IncorrectFdbk,5.697346992
Per_Choice_169_rb.ept,IncorrectFdbk,6.998065707
Per_Choice_169_rb.ept,IncorrectFdbk,0.409562569
Per_Choice_169_rb.ept,IncorrectFdbk,5.132385235
Per_Choice_169_rb.ept,IncorrectFdbk,1.210456254
Per_Choice_169_rb.ept,IncorrectFdbk,6.652538709
Per_Choice_169_rb.ept,IncorrectFdbk,-1.302450118
Per_Choice_169_rb.ept,IncorrectFdbk,5.261524357
Per_Choice_169_rb.ept,IncorrectFdbk,1.139237451
Per_Choice_169_rb.ept,IncorrectFdbk,6.301360281
Per_Choice_169_rb.ept,IncorrectFdbk,2.394504983
Per_Choice_169_rb.ept,IncorrectFdbk,0.715434109
Per_Choice_170_rb.ept,CorrectFdbk,0.536265034
Per_Choice_170_rb.ept,CorrectFdbk,8.699011504
Per_Choice_170_rb.ept,CorrectFdbkFood,0.536265034
Per_Choice_170_rb.ept,CorrectFdbkFood,8.699011504
Per_Choice_171_rb.ept,CorrectFdbk,0.78532936
Per_Choice_171_rb.ept,CorrectFdbk,0.085359736
Per_Choice_171_rb.ept,CorrectFdbk,1.213049576
Per_Choice_171_rb.ept,CorrectFdbk,-0.108365152
Per_Choice_171_rb.ept,CorrectFdbk,4.614580655
Per_Choice_171_rb.ept,CorrectFdbk,7.574449192
Per_Choice_171_rb.ept,CorrectFdbk,1.710409813
Per_Choice_171_rb.ept,CorrectFdbk,-6.711015149
Per_Choice_171_rb.ept,CorrectFdbk,3.031437217
Per_Choice_171_rb.ept,CorrectFdbk,4.081099026
Per_Choice_171_rb.ept,CorrectFdbk,3.856293707
Per_Choice_171_rb.ept,CorrectFdbk,5.609464302
Per_Choice_171_rb.ept,CorrectFdbk,3.750690703
Per_Choice_171_rb.ept,CorrectFdbk,-0.133860555
Per_Choice_171_rb.ept,CorrectFdbk,1.753252985
Per_Choice_171_rb.ept,CorrectFdbk,-2.170458075
Per_Choice_171_rb.ept,CorrectFdbk,1.522376684
Per_Choice_171_rb.ept,CorrectFdbk,2.503908875
Per_Choice_171_rb.ept,CorrectFdbk,-4.083112723
Per_Choice_171_rb.ept,CorrectFdbk,-1.403366211
Per_Choice_171_rb.ept,CorrectFdbk,2.862080401
Per_Choice_171_rb.ept,CorrectFdbk,3.296482479
Per_Choice_171_rb.ept,CorrectFdbkFood,0.78532936
Per_Choice_171_rb.ept,CorrectFdbkFood,0.085359736
Per_Choice_171_rb.ept,CorrectFdbkFood,1.213049576
Per_Choice_171_rb.ept,CorrectFdbkFood,-0.108365152
Per_Choice_171_rb.ept,CorrectFdbkFood,1.710409813
Per_Choice_171_rb.ept,CorrectFdbkFood,3.031437217
Per_Choice_171_rb.ept,CorrectFdbkFood,4.081099026
Per_Choice_171_rb.ept,CorrectFdbkFood,-2.170458075
Per_Choice_171_rb.ept,CorrectFdbkFood,2.503908875
Per_Choice_171_rb.ept,CorrectFdbkFood,-4.083112723
Per_Choice_171_rb.ept,CorrectFdbkFood,-1.558930064
Per_Choice_171_rb.ept,CorrectFdbkFood,2.466511428
Per_Choice_171_rb.ept,IncorrectFdbk,1.3351758
Per_Choice_171_rb.ept,IncorrectFdbk,-6.778821494
Per_Choice_171_rb.ept,IncorrectFdbk,0.464925176
Per_Choice_171_rb.ept,IncorrectFdbk,0.036788751
Per_Choice_171_rb.ept,IncorrectFdbk,-1.744024423
Per_Choice_171_rb.ept,IncorrectFdbk,1.28529986
Per_Choice_171_rb.ept,IncorrectFdbk,0.237328398
Per_Choice_171_rb.ept,IncorrectFdbk,-1.913657052
Per_Choice_171_rb.ept,IncorrectFdbk,-4.473830936
Per_Choice_171_rb.ept,IncorrectFdbk,-2.025978191
Per_Choice_171_rb.ept,IncorrectFdbk,0.488675759
Per_Choice_171_rb.ept,IncorrectFdbk,8.945131592
Per_Choice_171_rb.ept,IncorrectFdbk,1.595186415
Per_Choice_171_rb.ept,IncorrectFdbk,2.847497379
Per_Choice_171_rb.ept,IncorrectFdbk,-6.203110647
Per_Choice_171_rb.ept,IncorrectFdbk,4.780819233
Per_Choice_171_rb.ept,IncorrectFdbk,0.226361857
Per_Choice_171_rb.ept,IncorrectFdbk,-0.862758584
Per_Choice_171_rb.ept,IncorrectFdbk,-4.063451541
Per_Choice_171_rb.ept,IncorrectFdbk,-1.193834457
Per_Choice_171_rb.ept,IncorrectFdbk,-4.607105314
Per_Choice_172_rb.ept,CorrectFdbk,3.751570955
Per_Choice_172_rb.ept,CorrectFdbkFood,3.751570955
Per_Choice_172_rb.ept,IncorrectFdbk,7.123407156
Per_Choice_173_rb.ept,CorrectFdbk,0.119926376
Per_Choice_173_rb.ept,CorrectFdbk,-0.412906216
Per_Choice_173_rb.ept,CorrectFdbk,-0.746352469
Per_Choice_173_rb.ept,CorrectFdbk,5.873231742
Per_Choice_173_rb.ept,CorrectFdbk,4.957320783
Per_Choice_173_rb.ept,CorrectFdbk,0.493741602
Per_Choice_173_rb.ept,CorrectFdbk,1.045667116
Per_Choice_173_rb.ept,CorrectFdbk,4.685882174
Per_Choice_173_rb.ept,CorrectFdbk,6.769628276
Per_Choice_173_rb.ept,CorrectFdbk,2.520234773
Per_Choice_173_rb.ept,CorrectFdbk,2.922356292
Per_Choice_173_rb.ept,CorrectFdbk,1.613034922
Per_Choice_173_rb.ept,CorrectFdbk,3.18571162
Per_Choice_173_rb.ept,CorrectFdbk,1.739245749
Per_Choice_173_rb.ept,CorrectFdbk,-1.314549016
Per_Choice_173_rb.ept,CorrectFdbk,1.034310943
Per_Choice_173_rb.ept,CorrectFdbk,2.048922131
Per_Choice_173_rb.ept,CorrectFdbk,3.115762649
Per_Choice_173_rb.ept,CorrectFdbk,1.217413806
Per_Choice_173_rb.ept,CorrectFdbk,8.019211054
Per_Choice_173_rb.ept,CorrectFdbk,-2.605803442
Per_Choice_173_rb.ept,CorrectFdbkFood,-0.412906216
Per_Choice_173_rb.ept,CorrectFdbkFood,-0.746352469
Per_Choice_173_rb.ept,CorrectFdbkFood,0.493741602
Per_Choice_173_rb.ept,CorrectFdbkFood,4.685882174
Per_Choice_173_rb.ept,CorrectFdbkFood,2.520234773
Per_Choice_173_rb.ept,CorrectFdbkFood,1.613034922
Per_Choice_173_rb.ept,CorrectFdbkFood,3.18571162
Per_Choice_173_rb.ept,CorrectFdbkFood,1.739228942
Per_Choice_173_rb.ept,CorrectFdbkFood,-1.314392654
Per_Choice_173_rb.ept,CorrectFdbkFood,1.034308229
Per_Choice_173_rb.ept,CorrectFdbkFood,2.048922131
Per_Choice_173_rb.ept,CorrectFdbkFood,3.115762649
Per_Choice_173_rb.ept,CorrectFdbkFood,1.217413806
Per_Choice_173_rb.ept,CorrectFdbkFood,8.019211054
Per_Choice_173_rb.ept,CorrectFdbkFood,-2.605803442
Per_Choice_173_rb.ept,IncorrectFdbk,-6.237040919
Per_Choice_173_rb.ept,IncorrectFdbk,-1.473841868
Per_Choice_173_rb.ept,IncorrectFdbk,2.41831612
Per_Choice_173_rb.ept,IncorrectFdbk,0.555455954
Per_Choice_173_rb.ept,IncorrectFdbk,2.184040005
Per_Choice_173_rb.ept,IncorrectFdbk,-6.275961073
Per_Choice_173_rb.ept,IncorrectFdbk,2.606589144
Per_Choice_173_rb.ept,IncorrectFdbk,-5.835137028
Per_Choice_173_rb.ept,IncorrectFdbk,1.544141864
Per_Choice_173_rb.ept,IncorrectFdbk,-3.998454017
Per_Choice_173_rb.ept,IncorrectFdbk,-2.270089032
Per_Choice_173_rb.ept,IncorrectFdbk,-0.039318722
Per_Choice_173_rb.ept,IncorrectFdbk,-0.537748616
Per_Choice_173_rb.ept,IncorrectFdbk,3.468408293
Per_Choice_173_rb.ept,IncorrectFdbk,-4.479327408
Per_Choice_173_rb.ept,IncorrectFdbk,1.570251068
Per_Choice_173_rb.ept,IncorrectFdbk,4.060387556
Per_Choice_173_rb.ept,IncorrectFdbk,2.830740356
Per_Choice_173_rb.ept,IncorrectFdbk,0.055958461
Per_Choice_173_rb.ept,IncorrectFdbk,1.235091891
Per_Choice_173_rb.ept,IncorrectFdbk,-2.303741069
Per_Choice_173_rb.ept,IncorrectFdbk,0.107726364
Per_Choice_174_rb.ept,CorrectFdbk,-3.263850647
Per_Choice_174_rb.ept,CorrectFdbk,8.323792365
Per_Choice_174_rb.ept,CorrectFdbk,8.4593532
Per_Choice_174_rb.ept,CorrectFdbk,12.48665432
Per_Choice_174_rb.ept,CorrectFdbk,3.563622154
Per_Choice_174_rb.ept,CorrectFdbk,13.60203212
Per_Choice_174_rb.ept,CorrectFdbk,1.717095485
Per_Choice_174_rb.ept,CorrectFdbk,9.957478405
Per_Choice_174_rb.ept,CorrectFdbk,11.03053042
Per_Choice_174_rb.ept,CorrectFdbk,5.645279374
Per_Choice_174_rb.ept,CorrectFdbk,-1.293939461
Per_Choice_174_rb.ept,CorrectFdbk,5.240561678
Per_Choice_174_rb.ept,CorrectFdbk,-0.474611596
Per_Choice_174_rb.ept,CorrectFdbk,13.97367992
Per_Choice_174_rb.ept,CorrectFdbk,9.862599863
Per_Choice_174_rb.ept,CorrectFdbk,0.696681206
Per_Choice_174_rb.ept,CorrectFdbk,5.692922561
Per_Choice_174_rb.ept,CorrectFdbk,4.633487306
Per_Choice_174_rb.ept,CorrectFdbk,4.906583277
Per_Choice_174_rb.ept,CorrectFdbk,7.055935633
Per_Choice_174_rb.ept,CorrectFdbkFood,-3.492301567
Per_Choice_174_rb.ept,CorrectFdbkFood,8.4593532
Per_Choice_174_rb.ept,CorrectFdbkFood,12.48665432
Per_Choice_174_rb.ept,CorrectFdbkFood,13.60203212
Per_Choice_174_rb.ept,CorrectFdbkFood,1.717095485
Per_Choice_174_rb.ept,CorrectFdbkFood,9.957478405
Per_Choice_174_rb.ept,CorrectFdbkFood,11.03053042
Per_Choice_174_rb.ept,CorrectFdbkFood,5.645279374
Per_Choice_174_rb.ept,CorrectFdbkFood,-1.293939461
Per_Choice_174_rb.ept,CorrectFdbkFood,5.240561678
Per_Choice_174_rb.ept,CorrectFdbkFood,-0.474611596
Per_Choice_174_rb.ept,CorrectFdbkFood,13.97367992
Per_Choice_174_rb.ept,CorrectFdbkFood,9.862599863
Per_Choice_174_rb.ept,CorrectFdbkFood,0.696681206
Per_Choice_174_rb.ept,CorrectFdbkFood,4.633487306
Per_Choice_174_rb.ept,CorrectFdbkFood,4.906583277
Per_Choice_174_rb.ept,IncorrectFdbk,-2.00692802
Per_Choice_174_rb.ept,IncorrectFdbk,-3.575923834
Per_Choice_174_rb.ept,IncorrectFdbk,11.47248106
Per_Choice_174_rb.ept,IncorrectFdbk,-5.219324103
Per_Choice_174_rb.ept,IncorrectFdbk,4.684818751
Per_Choice_174_rb.ept,IncorrectFdbk,2.390927116
Per_Choice_174_rb.ept,IncorrectFdbk,0.375994883
Per_Choice_174_rb.ept,IncorrectFdbk,-5.202713447
Per_Choice_174_rb.ept,IncorrectFdbk,-4.747421533
Per_Choice_174_rb.ept,IncorrectFdbk,-0.388182714
Per_Choice_174_rb.ept,IncorrectFdbk,12.8971052
Per_Choice_174_rb.ept,IncorrectFdbk,-2.467488064
Per_Choice_174_rb.ept,IncorrectFdbk,-7.500229689
Per_Choice_174_rb.ept,IncorrectFdbk,-0.750529933
Per_Choice_174_rb.ept,IncorrectFdbk,-2.845881192
Per_Choice_174_rb.ept,IncorrectFdbk,-0.303385346
Per_Choice_174_rb.ept,IncorrectFdbk,-0.676122
Per_Choice_174_rb.ept,IncorrectFdbk,-1.228216209
Per_Choice_174_rb.ept,IncorrectFdbk,-0.737474071
Per_Choice_174_rb.ept,IncorrectFdbk,-2.628311473
Per_Choice_175_rb.ept,CorrectFdbk,6.38963308
Per_Choice_175_rb.ept,CorrectFdbk,3.182992492
Per_Choice_175_rb.ept,CorrectFdbk,1.191356763
Per_Choice_175_rb.ept,CorrectFdbk,8.100518327
Per_Choice_175_rb.ept,CorrectFdbk,6.676741428
Per_Choice_175_rb.ept,CorrectFdbk,-1.749272674
Per_Choice_175_rb.ept,CorrectFdbk,4.437393565
Per_Choice_175_rb.ept,CorrectFdbk,7.021385235
Per_Choice_175_rb.ept,CorrectFdbk,0.773663332
Per_Choice_175_rb.ept,CorrectFdbk,7.030949797
Per_Choice_175_rb.ept,CorrectFdbk,4.256600883
Per_Choice_175_rb.ept,CorrectFdbk,9.496738649
Per_Choice_175_rb.ept,CorrectFdbk,3.219490096
Per_Choice_175_rb.ept,CorrectFdbk,5.14166356
Per_Choice_175_rb.ept,CorrectFdbk,4.992294835
Per_Choice_175_rb.ept,CorrectFdbk,-2.366483173
Per_Choice_175_rb.ept,CorrectFdbk,6.331805832
Per_Choice_175_rb.ept,CorrectFdbk,0.30008564
Per_Choice_175_rb.ept,CorrectFdbk,7.01146726
Per_Choice_175_rb.ept,CorrectFdbk,2.91669952
Per_Choice_175_rb.ept,CorrectFdbk,5.744464793
Per_Choice_175_rb.ept,CorrectFdbk,3.927569107
Per_Choice_175_rb.ept,CorrectFdbk,-4.020793651
Per_Choice_175_rb.ept,CorrectFdbk,13.78617982
Per_Choice_175_rb.ept,CorrectFdbk,6.348627538
Per_Choice_175_rb.ept,CorrectFdbkFood,6.676741428
Per_Choice_175_rb.ept,CorrectFdbkFood,-1.749272674
Per_Choice_175_rb.ept,CorrectFdbkFood,4.437393565
Per_Choice_175_rb.ept,CorrectFdbkFood,7.021385235
Per_Choice_175_rb.ept,CorrectFdbkFood,0.773663332
Per_Choice_175_rb.ept,CorrectFdbkFood,7.030949797
Per_Choice_175_rb.ept,CorrectFdbkFood,4.256600883
Per_Choice_175_rb.ept,CorrectFdbkFood,9.496738649
Per_Choice_175_rb.ept,CorrectFdbkFood,5.14166356
Per_Choice_175_rb.ept,CorrectFdbkFood,-2.366483173
Per_Choice_175_rb.ept,CorrectFdbkFood,0.30008564
Per_Choice_175_rb.ept,CorrectFdbkFood,7.01146726
Per_Choice_175_rb.ept,CorrectFdbkFood,2.91669952
Per_Choice_175_rb.ept,CorrectFdbkFood,3.927569107
Per_Choice_175_rb.ept,CorrectFdbkFood,-4.020793651
Per_Choice_175_rb.ept,CorrectFdbkFood,13.78617982
Per_Choice_175_rb.ept,CorrectFdbkFood,6.48661388
Per_Choice_175_rb.ept,IncorrectFdbk,4.136675478
Per_Choice_175_rb.ept,IncorrectFdbk,0.587282761
Per_Choice_175_rb.ept,IncorrectFdbk,3.899971207
Per_Choice_175_rb.ept,IncorrectFdbk,4.053506745
Per_Choice_175_rb.ept,IncorrectFdbk,4.042800775
Per_Choice_175_rb.ept,IncorrectFdbk,2.361942522
Per_Choice_175_rb.ept,IncorrectFdbk,9.099403283
Per_Choice_175_rb.ept,IncorrectFdbk,3.529852803
Per_Choice_175_rb.ept,IncorrectFdbk,2.607854776
Per_Choice_175_rb.ept,IncorrectFdbk,1.478647495
Per_Choice_175_rb.ept,IncorrectFdbk,1.949659397
Per_Choice_175_rb.ept,IncorrectFdbk,0.26956972
Per_Choice_175_rb.ept,IncorrectFdbk,0.527597789
Per_Choice_175_rb.ept,IncorrectFdbk,2.334779444
Per_Choice_175_rb.ept,IncorrectFdbk,1.58265213
Per_Choice_175_rb.ept,IncorrectFdbk,1.817606065
Per_Choice_175_rb.ept,IncorrectFdbk,3.217709856
Per_Choice_175_rb.ept,IncorrectFdbk,3.423621476
Per_Choice_175_rb.ept,IncorrectFdbk,5.215440477
Per_Choice_175_rb.ept,IncorrectFdbk,4.363593694
Per_Choice_175_rb.ept,IncorrectFdbk,2.417932976
Per_Choice_175_rb.ept,IncorrectFdbk,0.272459344
Per_Choice_175_rb.ept,IncorrectFdbk,4.030442901
Per_Choice_175_rb.ept,IncorrectFdbk,10.08356809
Per_Choice_175_rb.ept,IncorrectFdbk,-0.349992617
Per_Choice_176_rb.ept,CorrectFdbk,3.869662582
Per_Choice_176_rb.ept,CorrectFdbk,8.996624328
Per_Choice_176_rb.ept,CorrectFdbk,7.769500033
Per_Choice_176_rb.ept,CorrectFdbk,15.24695383
Per_Choice_176_rb.ept,CorrectFdbk,14.95573156
Per_Choice_176_rb.ept,CorrectFdbk,17.78117242
Per_Choice_176_rb.ept,CorrectFdbk,-0.781471008
Per_Choice_176_rb.ept,CorrectFdbk,15.11396833
Per_Choice_176_rb.ept,CorrectFdbk,11.41785777
Per_Choice_176_rb.ept,CorrectFdbk,3.721648443
Per_Choice_176_rb.ept,CorrectFdbk,5.60356741
Per_Choice_176_rb.ept,CorrectFdbk,3.607696667
Per_Choice_176_rb.ept,CorrectFdbk,8.687962136
Per_Choice_176_rb.ept,CorrectFdbk,25.07141508
Per_Choice_176_rb.ept,CorrectFdbk,9.520482136
Per_Choice_176_rb.ept,CorrectFdbk,16.59680147
Per_Choice_176_rb.ept,CorrectFdbk,15.99580517
Per_Choice_176_rb.ept,CorrectFdbk,6.35298231
Per_Choice_176_rb.ept,CorrectFdbk,11.99972511
Per_Choice_176_rb.ept,CorrectFdbk,6.685791826
Per_Choice_176_rb.ept,CorrectFdbk,15.96294492
Per_Choice_176_rb.ept,CorrectFdbk,21.96804309
Per_Choice_176_rb.ept,CorrectFdbkFood,3.869735626
Per_Choice_176_rb.ept,CorrectFdbkFood,8.996624328
Per_Choice_176_rb.ept,CorrectFdbkFood,7.769500033
Per_Choice_176_rb.ept,CorrectFdbkFood,15.24695383
Per_Choice_176_rb.ept,CorrectFdbkFood,14.95573156
Per_Choice_176_rb.ept,CorrectFdbkFood,17.78114783
Per_Choice_176_rb.ept,CorrectFdbkFood,-0.781458622
Per_Choice_176_rb.ept,CorrectFdbkFood,15.11416649
Per_Choice_176_rb.ept,CorrectFdbkFood,3.721648443
Per_Choice_176_rb.ept,CorrectFdbkFood,3.607736987
Per_Choice_176_rb.ept,CorrectFdbkFood,8.687967957
Per_Choice_176_rb.ept,CorrectFdbkFood,9.52049321
Per_Choice_176_rb.ept,CorrectFdbkFood,16.59680147
Per_Choice_176_rb.ept,CorrectFdbkFood,6.35298231
Per_Choice_176_rb.ept,CorrectFdbkFood,2.84361979
Per_Choice_176_rb.ept,CorrectFdbkFood,6.685791826
Per_Choice_176_rb.ept,CorrectFdbkFood,15.96294492
Per_Choice_176_rb.ept,IncorrectFdbk,0.494215395
Per_Choice_176_rb.ept,IncorrectFdbk,7.932575456
Per_Choice_176_rb.ept,IncorrectFdbk,-2.355528161
Per_Choice_176_rb.ept,IncorrectFdbk,-1.947187583
Per_Choice_176_rb.ept,IncorrectFdbk,4.888011437
Per_Choice_176_rb.ept,IncorrectFdbk,9.768579501
Per_Choice_176_rb.ept,IncorrectFdbk,4.636689903
Per_Choice_176_rb.ept,IncorrectFdbk,7.285174362
Per_Choice_176_rb.ept,IncorrectFdbk,0.420617173
Per_Choice_176_rb.ept,IncorrectFdbk,11.66447063
Per_Choice_176_rb.ept,IncorrectFdbk,9.559170553
Per_Choice_176_rb.ept,IncorrectFdbk,-1.975237319
Per_Choice_176_rb.ept,IncorrectFdbk,18.418914
Per_Choice_176_rb.ept,IncorrectFdbk,-0.187451354
Per_Choice_176_rb.ept,IncorrectFdbk,4.118800174
Per_Choice_176_rb.ept,IncorrectFdbk,-0.161463949
Per_Choice_176_rb.ept,IncorrectFdbk,16.68467238
Per_Choice_176_rb.ept,IncorrectFdbk,-0.556719364
Per_Choice_176_rb.ept,IncorrectFdbk,-1.844456953
Per_Choice_177_rb.ept,CorrectFdbk,4.009188261
Per_Choice_177_rb.ept,CorrectFdbk,9.782661233
Per_Choice_177_rb.ept,CorrectFdbk,-0.285577975
Per_Choice_177_rb.ept,CorrectFdbk,4.184794554
Per_Choice_177_rb.ept,CorrectFdbk,2.456821214
Per_Choice_177_rb.ept,CorrectFdbk,-2.034230992
Per_Choice_177_rb.ept,CorrectFdbk,0.883337591
Per_Choice_177_rb.ept,CorrectFdbk,2.157892848
Per_Choice_177_rb.ept,CorrectFdbk,5.275742012
Per_Choice_177_rb.ept,CorrectFdbk,3.801009817
Per_Choice_177_rb.ept,CorrectFdbk,3.050859363
Per_Choice_177_rb.ept,CorrectFdbk,11.17737391
Per_Choice_177_rb.ept,CorrectFdbkFood,9.782661233
Per_Choice_177_rb.ept,CorrectFdbkFood,-0.285577975
Per_Choice_177_rb.ept,CorrectFdbkFood,4.184795252
Per_Choice_177_rb.ept,CorrectFdbkFood,2.456821214
Per_Choice_177_rb.ept,CorrectFdbkFood,-2.034230992
Per_Choice_177_rb.ept,CorrectFdbkFood,0.883265644
Per_Choice_177_rb.ept,CorrectFdbkFood,2.157889465
Per_Choice_177_rb.ept,CorrectFdbkFood,5.275742012
Per_Choice_177_rb.ept,CorrectFdbkFood,3.80100559
Per_Choice_177_rb.ept,CorrectFdbkFood,3.050992792
Per_Choice_177_rb.ept,IncorrectFdbk,4.378994697
Per_Choice_177_rb.ept,IncorrectFdbk,1.56508011
Per_Choice_177_rb.ept,IncorrectFdbk,3.343594969
Per_Choice_177_rb.ept,IncorrectFdbk,4.814126423
Per_Choice_177_rb.ept,IncorrectFdbk,4.947313194
Per_Choice_177_rb.ept,IncorrectFdbk,0.067747163
Per_Choice_177_rb.ept,IncorrectFdbk,1.567401955
Per_Choice_177_rb.ept,IncorrectFdbk,5.782612642
Per_Choice_177_rb.ept,IncorrectFdbk,9.042516731
Per_Choice_177_rb.ept,IncorrectFdbk,2.532308567
Per_Choice_177_rb.ept,IncorrectFdbk,-0.575014238
Per_Choice_178_rb.ept,CorrectFdbk,3.887914481
Per_Choice_178_rb.ept,CorrectFdbk,9.509669606
Per_Choice_178_rb.ept,CorrectFdbk,4.64915374
Per_Choice_178_rb.ept,CorrectFdbk,8.147651341
Per_Choice_178_rb.ept,CorrectFdbk,5.231685563
Per_Choice_178_rb.ept,CorrectFdbk,3.632594558
Per_Choice_178_rb.ept,CorrectFdbk,5.095160941
Per_Choice_178_rb.ept,CorrectFdbk,8.455591878
Per_Choice_178_rb.ept,CorrectFdbk,0.802269538
Per_Choice_178_rb.ept,CorrectFdbk,7.482430444
Per_Choice_178_rb.ept,CorrectFdbk,5.935072877
Per_Choice_178_rb.ept,CorrectFdbk,1.199500806
Per_Choice_178_rb.ept,CorrectFdbk,2.141983673
Per_Choice_178_rb.ept,CorrectFdbk,5.826990437
Per_Choice_178_rb.ept,CorrectFdbk,17.43009765
Per_Choice_178_rb.ept,CorrectFdbk,13.19288569
Per_Choice_178_rb.ept,CorrectFdbk,7.277673123
Per_Choice_178_rb.ept,CorrectFdbk,2.798581425
Per_Choice_178_rb.ept,CorrectFdbk,6.285204849
Per_Choice_178_rb.ept,CorrectFdbk,7.828617847
Per_Choice_178_rb.ept,CorrectFdbkFood,3.887914481
Per_Choice_178_rb.ept,CorrectFdbkFood,9.509654122
Per_Choice_178_rb.ept,CorrectFdbkFood,8.147651341
Per_Choice_178_rb.ept,CorrectFdbkFood,5.231685563
Per_Choice_178_rb.ept,CorrectFdbkFood,5.095160941
Per_Choice_178_rb.ept,CorrectFdbkFood,0.802269538
Per_Choice_178_rb.ept,CorrectFdbkFood,5.935072877
Per_Choice_178_rb.ept,CorrectFdbkFood,2.142548771
Per_Choice_178_rb.ept,CorrectFdbkFood,5.826990437
Per_Choice_178_rb.ept,CorrectFdbkFood,17.43009827
Per_Choice_178_rb.ept,CorrectFdbkFood,13.19288569
Per_Choice_178_rb.ept,CorrectFdbkFood,7.277647446
Per_Choice_178_rb.ept,CorrectFdbkFood,2.798445742
Per_Choice_178_rb.ept,CorrectFdbkFood,6.285204849
Per_Choice_178_rb.ept,IncorrectFdbk,-1.100267514
Per_Choice_178_rb.ept,IncorrectFdbk,7.4243084
Per_Choice_178_rb.ept,IncorrectFdbk,6.880379855
Per_Choice_178_rb.ept,IncorrectFdbk,6.470137324
Per_Choice_178_rb.ept,IncorrectFdbk,8.602012396
Per_Choice_178_rb.ept,IncorrectFdbk,4.064110848
Per_Choice_178_rb.ept,IncorrectFdbk,8.091456232
Per_Choice_178_rb.ept,IncorrectFdbk,6.515823361
Per_Choice_178_rb.ept,IncorrectFdbk,10.78150318
Per_Choice_178_rb.ept,IncorrectFdbk,1.128027773
Per_Choice_178_rb.ept,IncorrectFdbk,11.78012487
Per_Choice_178_rb.ept,IncorrectFdbk,6.678963874
Per_Choice_178_rb.ept,IncorrectFdbk,3.027799852
Per_Choice_178_rb.ept,IncorrectFdbk,-1.717088143
Per_Choice_178_rb.ept,IncorrectFdbk,12.45208468
Per_Choice_178_rb.ept,IncorrectFdbk,3.342730361
Per_Choice_178_rb.ept,IncorrectFdbk,2.111515044
Per_Choice_178_rb.ept,IncorrectFdbk,5.591207391
Per_Choice_178_rb.ept,IncorrectFdbk,0.955104048
Per_Choice_178_rb.ept,IncorrectFdbk,2.831538774
Per_Choice_178_rb.ept,IncorrectFdbk,-0.458395523
Per_Choice_179_rb.ept,CorrectFdbk,6.273173143
Per_Choice_179_rb.ept,CorrectFdbk,1.850280058
Per_Choice_179_rb.ept,CorrectFdbk,5.500698653
Per_Choice_179_rb.ept,CorrectFdbk,1.294002457
Per_Choice_179_rb.ept,CorrectFdbk,5.426280036
Per_Choice_179_rb.ept,CorrectFdbk,2.673777168
Per_Choice_179_rb.ept,CorrectFdbk,2.916684994
Per_Choice_179_rb.ept,CorrectFdbk,8.749247016
Per_Choice_179_rb.ept,CorrectFdbkFood,6.273173143
Per_Choice_179_rb.ept,CorrectFdbkFood,1.585326374
Per_Choice_179_rb.ept,CorrectFdbkFood,5.4263008
Per_Choice_179_rb.ept,CorrectFdbkFood,2.673308877
Per_Choice_179_rb.ept,CorrectFdbkFood,2.917291836
Per_Choice_179_rb.ept,IncorrectFdbk,7.174827069
Per_Choice_179_rb.ept,IncorrectFdbk,-5.291458915
Per_Choice_179_rb.ept,IncorrectFdbk,1.068951451
Per_Choice_180_rb.ept,CorrectFdbk,6.924386635
Per_Choice_180_rb.ept,CorrectFdbk,2.116450908
Per_Choice_180_rb.ept,CorrectFdbk,1.045207443
Per_Choice_180_rb.ept,CorrectFdbk,2.407921668
Per_Choice_180_rb.ept,CorrectFdbk,3.494431222
Per_Choice_180_rb.ept,CorrectFdbk,3.793755917
Per_Choice_180_rb.ept,CorrectFdbk,-1.551372491
Per_Choice_180_rb.ept,CorrectFdbk,8.160459386
Per_Choice_180_rb.ept,CorrectFdbk,14.51495536
Per_Choice_180_rb.ept,CorrectFdbk,1.719006538
Per_Choice_180_rb.ept,CorrectFdbk,11.30859932
Per_Choice_180_rb.ept,CorrectFdbk,14.41403009
Per_Choice_180_rb.ept,CorrectFdbk,3.498941465
Per_Choice_180_rb.ept,CorrectFdbk,5.630700197
Per_Choice_180_rb.ept,CorrectFdbk,1.528122569
Per_Choice_180_rb.ept,CorrectFdbk,5.80735516
Per_Choice_180_rb.ept,CorrectFdbk,6.247126064
Per_Choice_180_rb.ept,CorrectFdbk,6.633399464
Per_Choice_180_rb.ept,CorrectFdbk,1.903154038
Per_Choice_180_rb.ept,CorrectFdbk,7.550587174
Per_Choice_180_rb.ept,CorrectFdbk,-1.445620783
Per_Choice_180_rb.ept,CorrectFdbk,2.441830606
Per_Choice_180_rb.ept,CorrectFdbkFood,6.924366108
Per_Choice_180_rb.ept,CorrectFdbkFood,2.116508136
Per_Choice_180_rb.ept,CorrectFdbkFood,1.045463706
Per_Choice_180_rb.ept,CorrectFdbkFood,2.407853424
Per_Choice_180_rb.ept,CorrectFdbkFood,-1.551383961
Per_Choice_180_rb.ept,CorrectFdbkFood,8.160430318
Per_Choice_180_rb.ept,CorrectFdbkFood,1.719003065
Per_Choice_180_rb.ept,CorrectFdbkFood,11.30859932
Per_Choice_180_rb.ept,CorrectFdbkFood,1.527616243
Per_Choice_180_rb.ept,CorrectFdbkFood,5.807356469
Per_Choice_180_rb.ept,CorrectFdbkFood,6.247132954
Per_Choice_180_rb.ept,CorrectFdbkFood,-1.445620783
Per_Choice_180_rb.ept,CorrectFdbkFood,2.441830606
Per_Choice_180_rb.ept,IncorrectFdbk,-1.910706859
Per_Choice_180_rb.ept,IncorrectFdbk,-0.031021305
Per_Choice_180_rb.ept,IncorrectFdbk,-2.233088877
Per_Choice_180_rb.ept,IncorrectFdbk,1.198040685
Per_Choice_180_rb.ept,IncorrectFdbk,14.24089507
Per_Choice_180_rb.ept,IncorrectFdbk,5.064108105
Per_Choice_180_rb.ept,IncorrectFdbk,1.701916473
Per_Choice_180_rb.ept,IncorrectFdbk,-3.845932334
Per_Choice_180_rb.ept,IncorrectFdbk,0.938897732
Per_Choice_180_rb.ept,IncorrectFdbk,-1.571571747
Per_Choice_180_rb.ept,IncorrectFdbk,-0.359765266
Per_Choice_180_rb.ept,IncorrectFdbk,-3.745309894
Per_Choice_180_rb.ept,IncorrectFdbk,1.609481409
Per_Choice_180_rb.ept,IncorrectFdbk,2.117329551
Per_Choice_180_rb.ept,IncorrectFdbk,0.865151605
Per_Choice_180_rb.ept,IncorrectFdbk,2.830603086
Per_Choice_180_rb.ept,IncorrectFdbk,5.206155981
Per_Choice_180_rb.ept,IncorrectFdbk,-1.557800812
Per_Choice_181_rb.ept,CorrectFdbk,3.865417822
Per_Choice_181_rb.ept,CorrectFdbk,3.534669157
Per_Choice_181_rb.ept,CorrectFdbk,5.872177088
Per_Choice_181_rb.ept,CorrectFdbk,2.046608001
Per_Choice_181_rb.ept,CorrectFdbk,2.681791906
Per_Choice_181_rb.ept,CorrectFdbk,2.241466734
Per_Choice_181_rb.ept,CorrectFdbk,2.919793714
Per_Choice_181_rb.ept,CorrectFdbkFood,3.534634866
Per_Choice_181_rb.ept,CorrectFdbkFood,2.045851734
Per_Choice_181_rb.ept,CorrectFdbkFood,2.682538069
Per_Choice_181_rb.ept,CorrectFdbkFood,2.919793197
Per_Choice_181_rb.ept,IncorrectFdbk,3.181049603
Per_Choice_181_rb.ept,IncorrectFdbk,2.97293201
Per_Choice_181_rb.ept,IncorrectFdbk,6.860643396
Per_Choice_181_rb.ept,IncorrectFdbk,3.723590208
Per_Choice_181_rb.ept,IncorrectFdbk,2.450838314
Per_Choice_181_rb.ept,IncorrectFdbk,1.716979985
Per_Choice_181_rb.ept,IncorrectFdbk,11.01456442
Per_Choice_181_rb.ept,IncorrectFdbk,3.734944619
Per_Choice_181_rb.ept,IncorrectFdbk,-1.203275167
Per_Choice_182_rb.ept,CorrectFdbk,11.76174376
Per_Choice_182_rb.ept,CorrectFdbkFood,11.76174376
Per_Choice_183_rb.ept,CorrectFdbk,2.50275843
Per_Choice_183_rb.ept,CorrectFdbk,2.06373824
Per_Choice_183_rb.ept,CorrectFdbk,4.643797023
Per_Choice_183_rb.ept,CorrectFdbk,0.854163275
Per_Choice_183_rb.ept,CorrectFdbk,4.202438084
Per_Choice_183_rb.ept,CorrectFdbk,2.729057672
Per_Choice_183_rb.ept,CorrectFdbk,-1.532515778
Per_Choice_183_rb.ept,CorrectFdbk,3.544919936
Per_Choice_183_rb.ept,CorrectFdbkFood,2.06373824
Per_Choice_183_rb.ept,CorrectFdbkFood,0.854163275
Per_Choice_183_rb.ept,CorrectFdbkFood,4.202438084
Per_Choice_183_rb.ept,CorrectFdbkFood,2.729038744
Per_Choice_183_rb.ept,CorrectFdbkFood,-1.53243813
Per_Choice_183_rb.ept,CorrectFdbkFood,3.544466792
Per_Choice_183_rb.ept,IncorrectFdbk,-0.264639023
Per_Choice_183_rb.ept,IncorrectFdbk,-0.329442807
Per_Choice_183_rb.ept,IncorrectFdbk,-0.884682492
Per_Choice_183_rb.ept,IncorrectFdbk,-1.731368511
Per_Choice_183_rb.ept,IncorrectFdbk,1.167309898
Per_Choice_183_rb.ept,IncorrectFdbk,-5.059034166
Per_Choice_183_rb.ept,IncorrectFdbk,4.808240923
Per_Choice_183_rb.ept,IncorrectFdbk,0.818919909
Per_Choice_183_rb.ept,IncorrectFdbk,4.0816713
Per_Choice_183_rb.ept,IncorrectFdbk,3.287307587
Per_Choice_184_rb.ept,CorrectFdbk,-1.063643286
Per_Choice_184_rb.ept,CorrectFdbk,4.062822513
Per_Choice_184_rb.ept,CorrectFdbk,2.260027026
Per_Choice_184_rb.ept,CorrectFdbk,-2.733423695
Per_Choice_184_rb.ept,CorrectFdbk,0.601841238
Per_Choice_184_rb.ept,CorrectFdbk,2.339552047
Per_Choice_184_rb.ept,CorrectFdbk,-1.029931712
Per_Choice_184_rb.ept,CorrectFdbkFood,-1.063419849
Per_Choice_184_rb.ept,CorrectFdbkFood,4.062820611
Per_Choice_184_rb.ept,CorrectFdbkFood,0.60146225
Per_Choice_184_rb.ept,CorrectFdbkFood,2.339575377
Per_Choice_184_rb.ept,IncorrectFdbk,0.48518455
Per_Choice_184_rb.ept,IncorrectFdbk,-5.210433436
Per_Choice_184_rb.ept,IncorrectFdbk,1.269289026
Per_Choice_184_rb.ept,IncorrectFdbk,-0.228129166
Per_Choice_184_rb.ept,IncorrectFdbk,-2.812819505
Per_Choice_184_rb.ept,IncorrectFdbk,-0.566873628
Per_Choice_184_rb.ept,IncorrectFdbk,-2.092649411
Per_Choice_185_rb.ept,CorrectFdbk,7.847240758
Per_Choice_185_rb.ept,CorrectFdbk,6.553051486
Per_Choice_185_rb.ept,CorrectFdbk,3.981956353
Per_Choice_185_rb.ept,CorrectFdbk,1.692081587
Per_Choice_185_rb.ept,CorrectFdbk,13.09536233
Per_Choice_185_rb.ept,CorrectFdbk,9.84650028
Per_Choice_185_rb.ept,CorrectFdbk,12.90096788
Per_Choice_185_rb.ept,CorrectFdbk,11.54616139
Per_Choice_185_rb.ept,CorrectFdbk,15.53574086
Per_Choice_185_rb.ept,CorrectFdbk,4.805564046
Per_Choice_185_rb.ept,CorrectFdbk,11.29589523
Per_Choice_185_rb.ept,CorrectFdbk,8.743213941
Per_Choice_185_rb.ept,CorrectFdbk,4.444618283
Per_Choice_185_rb.ept,CorrectFdbk,11.65274166
Per_Choice_185_rb.ept,CorrectFdbk,17.61189138
Per_Choice_185_rb.ept,CorrectFdbk,4.448558878
Per_Choice_185_rb.ept,CorrectFdbk,5.655398583
Per_Choice_185_rb.ept,CorrectFdbkFood,7.847240758
Per_Choice_185_rb.ept,CorrectFdbkFood,6.553588327
Per_Choice_185_rb.ept,CorrectFdbkFood,3.980807086
Per_Choice_185_rb.ept,CorrectFdbkFood,1.692081587
Per_Choice_185_rb.ept,CorrectFdbkFood,13.09535068
Per_Choice_185_rb.ept,CorrectFdbkFood,9.84650028
Per_Choice_185_rb.ept,CorrectFdbkFood,12.90096788
Per_Choice_185_rb.ept,CorrectFdbkFood,11.54616139
Per_Choice_185_rb.ept,CorrectFdbkFood,15.53574086
Per_Choice_185_rb.ept,CorrectFdbkFood,4.805564046
Per_Choice_185_rb.ept,CorrectFdbkFood,8.743214089
Per_Choice_185_rb.ept,CorrectFdbkFood,11.65274166
Per_Choice_185_rb.ept,IncorrectFdbk,-2.671664602
Per_Choice_185_rb.ept,IncorrectFdbk,9.18760633
Per_Choice_185_rb.ept,IncorrectFdbk,8.483275658
Per_Choice_185_rb.ept,IncorrectFdbk,22.01308986
Per_Choice_185_rb.ept,IncorrectFdbk,4.799171814
Per_Choice_185_rb.ept,IncorrectFdbk,0.370851508
Per_Choice_185_rb.ept,IncorrectFdbk,10.7916023
Per_Choice_185_rb.ept,IncorrectFdbk,7.842393134
Per_Choice_185_rb.ept,IncorrectFdbk,3.268933924
Per_Choice_185_rb.ept,IncorrectFdbk,7.218593946
Per_Choice_185_rb.ept,IncorrectFdbk,9.213735648
Per_Choice_185_rb.ept,IncorrectFdbk,0.980341087
Per_Choice_185_rb.ept,IncorrectFdbk,13.12042847
Per_Choice_185_rb.ept,IncorrectFdbk,6.976100908
Per_Choice_185_rb.ept,IncorrectFdbk,-1.310366406
Per_Choice_185_rb.ept,IncorrectFdbk,12.99705906
Per_Choice_185_rb.ept,IncorrectFdbk,16.10612249
Per_Choice_186_rb.ept,CorrectFdbk,0.985892129
Per_Choice_186_rb.ept,CorrectFdbk,7.909083795
Per_Choice_186_rb.ept,CorrectFdbk,3.872868358
Per_Choice_186_rb.ept,CorrectFdbk,3.758812015
Per_Choice_186_rb.ept,CorrectFdbk,-5.307069359
Per_Choice_186_rb.ept,CorrectFdbk,-1.052640315
Per_Choice_186_rb.ept,CorrectFdbk,8.499688741
Per_Choice_186_rb.ept,CorrectFdbk,4.34988471
Per_Choice_186_rb.ept,CorrectFdbk,12.63183854
Per_Choice_186_rb.ept,CorrectFdbk,1.684413223
Per_Choice_186_rb.ept,CorrectFdbk,10.59525747
Per_Choice_186_rb.ept,CorrectFdbk,3.36144751
Per_Choice_186_rb.ept,CorrectFdbk,7.309777929
Per_Choice_186_rb.ept,CorrectFdbk,5.073625734
Per_Choice_186_rb.ept,CorrectFdbk,5.293104292
Per_Choice_186_rb.ept,CorrectFdbk,5.94717918
Per_Choice_186_rb.ept,CorrectFdbk,7.386066936
Per_Choice_186_rb.ept,CorrectFdbkFood,0.985882356
Per_Choice_186_rb.ept,CorrectFdbkFood,3.872868358
Per_Choice_186_rb.ept,CorrectFdbkFood,-1.052640315
Per_Choice_186_rb.ept,CorrectFdbkFood,8.499753725
Per_Choice_186_rb.ept,CorrectFdbkFood,12.63218194
Per_Choice_186_rb.ept,CorrectFdbkFood,10.59525747
Per_Choice_186_rb.ept,CorrectFdbkFood,3.36144751
Per_Choice_186_rb.ept,CorrectFdbkFood,5.072928963
Per_Choice_186_rb.ept,CorrectFdbkFood,5.293104292
Per_Choice_186_rb.ept,CorrectFdbkFood,7.386066936
Per_Choice_186_rb.ept,IncorrectFdbk,-7.61654733
Per_Choice_186_rb.ept,IncorrectFdbk,6.007585365
Per_Choice_186_rb.ept,IncorrectFdbk,1.446198457
Per_Choice_186_rb.ept,IncorrectFdbk,6.551516796
Per_Choice_186_rb.ept,IncorrectFdbk,2.474489632
Per_Choice_186_rb.ept,IncorrectFdbk,3.931162588
Per_Choice_186_rb.ept,IncorrectFdbk,7.380220377
Per_Choice_186_rb.ept,IncorrectFdbk,4.076361459
Per_Choice_186_rb.ept,IncorrectFdbk,-0.47236471
Per_Choice_186_rb.ept,IncorrectFdbk,6.134990676
Per_Choice_186_rb.ept,IncorrectFdbk,2.472988018
Per_Choice_187_rb.ept,CorrectFdbk,-4.821923507
Per_Choice_187_rb.ept,CorrectFdbk,-1.619399287
Per_Choice_187_rb.ept,CorrectFdbk,0.452259755
Per_Choice_187_rb.ept,CorrectFdbk,2.655435195
Per_Choice_187_rb.ept,CorrectFdbk,0.302840421
Per_Choice_187_rb.ept,CorrectFdbk,0.845856234
Per_Choice_187_rb.ept,CorrectFdbk,1.159001647
Per_Choice_187_rb.ept,CorrectFdbk,0.397150634
Per_Choice_187_rb.ept,CorrectFdbk,-2.269244539
Per_Choice_187_rb.ept,CorrectFdbk,1.801129132
Per_Choice_187_rb.ept,CorrectFdbk,4.636149119
Per_Choice_187_rb.ept,CorrectFdbk,0.376179294
Per_Choice_187_rb.ept,CorrectFdbk,-0.345327133
Per_Choice_187_rb.ept,CorrectFdbk,-1.159904584
Per_Choice_187_rb.ept,CorrectFdbk,1.034450416
Per_Choice_187_rb.ept,CorrectFdbk,-0.624028573
Per_Choice_187_rb.ept,CorrectFdbk,2.716996942
Per_Choice_187_rb.ept,CorrectFdbk,1.653436183
Per_Choice_187_rb.ept,CorrectFdbk,7.744119224
Per_Choice_187_rb.ept,CorrectFdbk,2.90976985
Per_Choice_187_rb.ept,CorrectFdbk,-4.971172739
Per_Choice_187_rb.ept,CorrectFdbk,0.031972352
Per_Choice_187_rb.ept,CorrectFdbk,-1.412424969
Per_Choice_187_rb.ept,CorrectFdbkFood,-4.821923507
Per_Choice_187_rb.ept,CorrectFdbkFood,0.452259755
Per_Choice_187_rb.ept,CorrectFdbkFood,0.302840421
Per_Choice_187_rb.ept,CorrectFdbkFood,1.159001647
Per_Choice_187_rb.ept,CorrectFdbkFood,0.397150634
Per_Choice_187_rb.ept,CorrectFdbkFood,1.801129132
Per_Choice_187_rb.ept,CorrectFdbkFood,4.636149119
Per_Choice_187_rb.ept,CorrectFdbkFood,1.034450416
Per_Choice_187_rb.ept,CorrectFdbkFood,-0.624028573
Per_Choice_187_rb.ept,CorrectFdbkFood,1.653436183
Per_Choice_187_rb.ept,CorrectFdbkFood,7.744119933
Per_Choice_187_rb.ept,CorrectFdbkFood,2.90976985
Per_Choice_187_rb.ept,CorrectFdbkFood,-4.971172739
Per_Choice_187_rb.ept,CorrectFdbkFood,0.031979415
Per_Choice_187_rb.ept,IncorrectFdbk,1.123062162
Per_Choice_187_rb.ept,IncorrectFdbk,2.868883688
Per_Choice_187_rb.ept,IncorrectFdbk,-1.51065087
Per_Choice_187_rb.ept,IncorrectFdbk,-4.256973654
Per_Choice_187_rb.ept,IncorrectFdbk,-9.380721902
Per_Choice_187_rb.ept,IncorrectFdbk,-1.390780188
Per_Choice_187_rb.ept,IncorrectFdbk,0.131286617
Per_Choice_187_rb.ept,IncorrectFdbk,3.516090747
Per_Choice_187_rb.ept,IncorrectFdbk,0.229026249
Per_Choice_187_rb.ept,IncorrectFdbk,-0.278059154
Per_Choice_187_rb.ept,IncorrectFdbk,0.973645307
Per_Choice_187_rb.ept,IncorrectFdbk,2.204641525
Per_Choice_187_rb.ept,IncorrectFdbk,-0.697219217
Per_Choice_187_rb.ept,IncorrectFdbk,2.150246528
Per_Choice_187_rb.ept,IncorrectFdbk,-0.287468287
Per_Choice_187_rb.ept,IncorrectFdbk,-1.343452958
Per_Choice_187_rb.ept,IncorrectFdbk,-1.613866928
Per_Choice_187_rb.ept,IncorrectFdbk,-1.344472777
Per_Choice_187_rb.ept,IncorrectFdbk,2.809047682
Per_Choice_187_rb.ept,IncorrectFdbk,-2.387725122
Per_Choice_187_rb.ept,IncorrectFdbk,-0.470460009
Per_Choice_187_rb.ept,IncorrectFdbk,3.334657506
Per_Choice_187_rb.ept,IncorrectFdbk,2.432763878
Per_Choice_188_rb.ept,CorrectFdbk,-0.651319627
Per_Choice_188_rb.ept,CorrectFdbk,2.746655446
Per_Choice_188_rb.ept,CorrectFdbk,3.160786634
Per_Choice_188_rb.ept,CorrectFdbk,0.358653451
Per_Choice_188_rb.ept,CorrectFdbk,1.828872095
Per_Choice_188_rb.ept,CorrectFdbk,4.691083091
Per_Choice_188_rb.ept,CorrectFdbk,0.917349043
Per_Choice_188_rb.ept,CorrectFdbk,-0.827996657
Per_Choice_188_rb.ept,CorrectFdbk,0.739996923
Per_Choice_188_rb.ept,CorrectFdbk,2.816486328
Per_Choice_188_rb.ept,CorrectFdbk,-3.531010653
Per_Choice_188_rb.ept,CorrectFdbk,-0.316966739
Per_Choice_188_rb.ept,CorrectFdbk,2.370067466
Per_Choice_188_rb.ept,CorrectFdbk,-0.086875931
Per_Choice_188_rb.ept,CorrectFdbk,-0.184536392
Per_Choice_188_rb.ept,CorrectFdbk,1.818635344
Per_Choice_188_rb.ept,CorrectFdbk,1.848251198
Per_Choice_188_rb.ept,CorrectFdbk,1.860531992
Per_Choice_188_rb.ept,CorrectFdbk,3.450112988
Per_Choice_188_rb.ept,CorrectFdbk,1.90852702
Per_Choice_188_rb.ept,CorrectFdbk,3.387558321
Per_Choice_188_rb.ept,CorrectFdbk,1.442998914
Per_Choice_188_rb.ept,CorrectFdbk,3.847152326
Per_Choice_188_rb.ept,CorrectFdbk,0.791339786
Per_Choice_188_rb.ept,CorrectFdbkFood,2.740464444
Per_Choice_188_rb.ept,CorrectFdbkFood,4.691083091
Per_Choice_188_rb.ept,CorrectFdbkFood,0.917349043
Per_Choice_188_rb.ept,CorrectFdbkFood,2.816486328
Per_Choice_188_rb.ept,CorrectFdbkFood,-3.531010653
Per_Choice_188_rb.ept,CorrectFdbkFood,2.370067466
Per_Choice_188_rb.ept,CorrectFdbkFood,-0.086875931
Per_Choice_188_rb.ept,CorrectFdbkFood,-0.184536392
Per_Choice_188_rb.ept,CorrectFdbkFood,1.848252598
Per_Choice_188_rb.ept,CorrectFdbkFood,1.860531992
Per_Choice_188_rb.ept,CorrectFdbkFood,3.450112988
Per_Choice_188_rb.ept,CorrectFdbkFood,1.908530237
Per_Choice_188_rb.ept,CorrectFdbkFood,3.387558321
Per_Choice_188_rb.ept,CorrectFdbkFood,1.397579354
Per_Choice_188_rb.ept,CorrectFdbkFood,0.791339786
Per_Choice_188_rb.ept,IncorrectFdbk,-0.811295868
Per_Choice_188_rb.ept,IncorrectFdbk,2.694330697
Per_Choice_188_rb.ept,IncorrectFdbk,-0.083332986
Per_Choice_188_rb.ept,IncorrectFdbk,0.518494241
Per_Choice_188_rb.ept,IncorrectFdbk,2.378534735
Per_Choice_188_rb.ept,IncorrectFdbk,-4.064938225
Per_Choice_188_rb.ept,IncorrectFdbk,1.863858469
Per_Choice_188_rb.ept,IncorrectFdbk,3.674301717
Per_Choice_188_rb.ept,IncorrectFdbk,-0.05041668
Per_Choice_188_rb.ept,IncorrectFdbk,-1.279764025
Per_Choice_188_rb.ept,IncorrectFdbk,-1.680495977
Per_Choice_188_rb.ept,IncorrectFdbk,2.54628466
Per_Choice_188_rb.ept,IncorrectFdbk,1.931898234
Per_Choice_188_rb.ept,IncorrectFdbk,-0.934638266
Per_Choice_188_rb.ept,IncorrectFdbk,2.705186009
Per_Choice_188_rb.ept,IncorrectFdbk,0.64243857
Per_Choice_188_rb.ept,IncorrectFdbk,0.578823849
Per_Choice_188_rb.ept,IncorrectFdbk,2.858390452
Per_Choice_188_rb.ept,IncorrectFdbk,-0.466475271
Per_Choice_188_rb.ept,IncorrectFdbk,3.207077682
Per_Choice_188_rb.ept,IncorrectFdbk,2.710865069
Per_Choice_188_rb.ept,IncorrectFdbk,0.829262359
Per_Choice_188_rb.ept,IncorrectFdbk,-3.686129886
Per_Choice_188_rb.ept,IncorrectFdbk,1.389527661
Per_Choice_189_rb.ept,CorrectFdbk,21.11636124
Per_Choice_189_rb.ept,CorrectFdbk,7.701165932
Per_Choice_189_rb.ept,CorrectFdbk,9.610028038
Per_Choice_189_rb.ept,CorrectFdbk,-5.894948759
Per_Choice_189_rb.ept,CorrectFdbk,2.694226707
Per_Choice_189_rb.ept,CorrectFdbk,13.74581733
Per_Choice_189_rb.ept,CorrectFdbk,13.69675748
Per_Choice_189_rb.ept,CorrectFdbk,5.862143991
Per_Choice_189_rb.ept,CorrectFdbk,11.93760679
Per_Choice_189_rb.ept,CorrectFdbk,-0.632926044
Per_Choice_189_rb.ept,CorrectFdbkFood,7.701165932
Per_Choice_189_rb.ept,CorrectFdbkFood,9.610028038
Per_Choice_189_rb.ept,CorrectFdbkFood,-5.894948759
Per_Choice_189_rb.ept,CorrectFdbkFood,2.694226707
Per_Choice_189_rb.ept,CorrectFdbkFood,11.93760679
Per_Choice_189_rb.ept,IncorrectFdbk,9.475930791
Per_Choice_189_rb.ept,IncorrectFdbk,15.77192891
Per_Choice_189_rb.ept,IncorrectFdbk,-7.317736899
Per_Choice_189_rb.ept,IncorrectFdbk,-9.273701867
Per_Choice_189_rb.ept,IncorrectFdbk,8.226323481
Per_Choice_189_rb.ept,IncorrectFdbk,3.850061895
Per_Choice_189_rb.ept,IncorrectFdbk,-3.300125751
Per_Choice_189_rb.ept,IncorrectFdbk,1.169654692
Per_Choice_189_rb.ept,IncorrectFdbk,-3.941003392
Per_Choice_189_rb.ept,IncorrectFdbk,-3.975856795
Per_Choice_189_rb.ept,IncorrectFdbk,-4.439735684
Per_Choice_189_rb.ept,IncorrectFdbk,7.979419146
Per_Choice_189_rb.ept,IncorrectFdbk,-1.671863271
Per_Choice_189_rb.ept,IncorrectFdbk,3.346550001
Per_Choice_190_rb.ept,CorrectFdbk,0.519093946
Per_Choice_190_rb.ept,CorrectFdbk,3.390651346
Per_Choice_190_rb.ept,CorrectFdbk,4.733793575
Per_Choice_190_rb.ept,CorrectFdbk,1.052727219
Per_Choice_190_rb.ept,CorrectFdbk,10.81902349
Per_Choice_190_rb.ept,CorrectFdbk,3.422968623
Per_Choice_190_rb.ept,CorrectFdbk,-0.075423403
Per_Choice_190_rb.ept,CorrectFdbk,5.377759826
Per_Choice_190_rb.ept,CorrectFdbk,12.69853254
Per_Choice_190_rb.ept,CorrectFdbk,-1.874907715
Per_Choice_190_rb.ept,CorrectFdbk,4.673772152
Per_Choice_190_rb.ept,CorrectFdbk,-1.518252003
Per_Choice_190_rb.ept,CorrectFdbk,0.145693195
Per_Choice_190_rb.ept,CorrectFdbk,8.963967334
Per_Choice_190_rb.ept,CorrectFdbk,-0.427921788
Per_Choice_190_rb.ept,CorrectFdbk,1.964717316
Per_Choice_190_rb.ept,CorrectFdbk,6.903477896
Per_Choice_190_rb.ept,CorrectFdbk,8.976998708
Per_Choice_190_rb.ept,CorrectFdbk,1.095978212
Per_Choice_190_rb.ept,CorrectFdbk,0.264992063
Per_Choice_190_rb.ept,CorrectFdbk,-4.876091166
Per_Choice_190_rb.ept,CorrectFdbk,-0.859148077
Per_Choice_190_rb.ept,CorrectFdbkFood,0.519093946
Per_Choice_190_rb.ept,CorrectFdbkFood,4.733793575
Per_Choice_190_rb.ept,CorrectFdbkFood,10.81902349
Per_Choice_190_rb.ept,CorrectFdbkFood,3.422968623
Per_Choice_190_rb.ept,CorrectFdbkFood,-0.075423403
Per_Choice_190_rb.ept,CorrectFdbkFood,12.69853254
Per_Choice_190_rb.ept,CorrectFdbkFood,4.673772152
Per_Choice_190_rb.ept,CorrectFdbkFood,-1.518252003
Per_Choice_190_rb.ept,CorrectFdbkFood,0.145693195
Per_Choice_190_rb.ept,CorrectFdbkFood,8.963967334
Per_Choice_190_rb.ept,CorrectFdbkFood,-0.427924092
Per_Choice_190_rb.ept,CorrectFdbkFood,1.964717316
Per_Choice_190_rb.ept,CorrectFdbkFood,8.976998708
Per_Choice_190_rb.ept,CorrectFdbkFood,-0.859159345
Per_Choice_190_rb.ept,IncorrectFdbk,4.928384022
Per_Choice_190_rb.ept,IncorrectFdbk,-1.398599151
Per_Choice_190_rb.ept,IncorrectFdbk,-1.431771241
Per_Choice_190_rb.ept,IncorrectFdbk,-1.409715557
Per_Choice_190_rb.ept,IncorrectFdbk,6.424821489
Per_Choice_190_rb.ept,IncorrectFdbk,2.180101203
Per_Choice_190_rb.ept,IncorrectFdbk,3.170294418
Per_Choice_190_rb.ept,IncorrectFdbk,1.410329904
Per_Choice_190_rb.ept,IncorrectFdbk,-3.96853622
Per_Choice_190_rb.ept,IncorrectFdbk,-0.420238643
Per_Choice_190_rb.ept,IncorrectFdbk,4.05632408
Per_Choice_190_rb.ept,IncorrectFdbk,5.505025039
Per_Choice_190_rb.ept,IncorrectFdbk,2.79194162
Per_Choice_190_rb.ept,IncorrectFdbk,7.208946286
Per_Choice_190_rb.ept,IncorrectFdbk,3.952414406
Per_Choice_190_rb.ept,IncorrectFdbk,3.671440753
Per_Choice_190_rb.ept,IncorrectFdbk,-4.231875124
Per_Choice_190_rb.ept,IncorrectFdbk,10.7161893
Per_Choice_190_rb.ept,IncorrectFdbk,2.265478175
Per_Choice_190_rb.ept,IncorrectFdbk,7.624888916
Per_Choice_191_rb.ept,CorrectFdbk,2.613917094
Per_Choice_191_rb.ept,CorrectFdbk,2.399083404
Per_Choice_191_rb.ept,CorrectFdbk,-0.636471586
Per_Choice_191_rb.ept,CorrectFdbk,-0.630268967
Per_Choice_191_rb.ept,CorrectFdbk,-1.646962475
Per_Choice_191_rb.ept,CorrectFdbk,3.427844367
Per_Choice_191_rb.ept,CorrectFdbk,-4.31361362
Per_Choice_191_rb.ept,CorrectFdbk,0.42430378
Per_Choice_191_rb.ept,CorrectFdbk,4.407413789
Per_Choice_191_rb.ept,CorrectFdbk,-1.153233073
Per_Choice_191_rb.ept,CorrectFdbk,7.745090397
Per_Choice_191_rb.ept,CorrectFdbk,5.199293605
Per_Choice_191_rb.ept,CorrectFdbk,-0.565333442
Per_Choice_191_rb.ept,CorrectFdbk,0.015500568
Per_Choice_191_rb.ept,CorrectFdbk,-0.647962671
Per_Choice_191_rb.ept,CorrectFdbk,0.740610281
Per_Choice_191_rb.ept,CorrectFdbk,-2.776534723
Per_Choice_191_rb.ept,CorrectFdbk,-2.46470156
Per_Choice_191_rb.ept,CorrectFdbk,-1.636215393
Per_Choice_191_rb.ept,CorrectFdbk,-0.803934166
Per_Choice_191_rb.ept,CorrectFdbk,1.056138371
Per_Choice_191_rb.ept,CorrectFdbk,0.943426174
Per_Choice_191_rb.ept,CorrectFdbk,-1.451793976
Per_Choice_191_rb.ept,CorrectFdbkFood,2.399083404
Per_Choice_191_rb.ept,CorrectFdbkFood,-0.636471586
Per_Choice_191_rb.ept,CorrectFdbkFood,-0.630268967
Per_Choice_191_rb.ept,CorrectFdbkFood,3.427844367
Per_Choice_191_rb.ept,CorrectFdbkFood,0.42430378
Per_Choice_191_rb.ept,CorrectFdbkFood,4.407413789
Per_Choice_191_rb.ept,CorrectFdbkFood,7.745090397
Per_Choice_191_rb.ept,CorrectFdbkFood,5.199293605
Per_Choice_191_rb.ept,CorrectFdbkFood,-0.565333442
Per_Choice_191_rb.ept,CorrectFdbkFood,0.015500568
Per_Choice_191_rb.ept,CorrectFdbkFood,-0.647962671
Per_Choice_191_rb.ept,CorrectFdbkFood,-2.776534723
Per_Choice_191_rb.ept,CorrectFdbkFood,-2.46470156
Per_Choice_191_rb.ept,CorrectFdbkFood,-0.803934166
Per_Choice_191_rb.ept,CorrectFdbkFood,0.943426174
Per_Choice_191_rb.ept,IncorrectFdbk,4.350264312
Per_Choice_191_rb.ept,IncorrectFdbk,6.399931842
Per_Choice_191_rb.ept,IncorrectFdbk,2.856679678
Per_Choice_191_rb.ept,IncorrectFdbk,4.095816799
Per_Choice_191_rb.ept,IncorrectFdbk,-2.864370044
Per_Choice_191_rb.ept,IncorrectFdbk,-0.975726559
Per_Choice_191_rb.ept,IncorrectFdbk,-3.76930024
Per_Choice_191_rb.ept,IncorrectFdbk,2.019728566
Per_Choice_191_rb.ept,IncorrectFdbk,5.053081175
Per_Choice_191_rb.ept,IncorrectFdbk,0.136016883
Per_Choice_191_rb.ept,IncorrectFdbk,0.184262684
Per_Choice_191_rb.ept,IncorrectFdbk,-1.512634901
Per_Choice_191_rb.ept,IncorrectFdbk,2.063554732
Per_Choice_191_rb.ept,IncorrectFdbk,0.686745589
Per_Choice_191_rb.ept,IncorrectFdbk,2.174472077
Per_Choice_191_rb.ept,IncorrectFdbk,-0.723422141
Per_Choice_191_rb.ept,IncorrectFdbk,1.839293827
Per_Choice_191_rb.ept,IncorrectFdbk,0.309469145
Per_Choice_191_rb.ept,IncorrectFdbk,0.658870766
Per_Choice_192_rb.ept,CorrectFdbk,7.3356044
Per_Choice_192_rb.ept,CorrectFdbk,2.667228962
Per_Choice_192_rb.ept,CorrectFdbk,17.99603105
Per_Choice_192_rb.ept,CorrectFdbk,3.812803175
Per_Choice_192_rb.ept,CorrectFdbk,10.78539642
Per_Choice_192_rb.ept,CorrectFdbk,2.188766884
Per_Choice_192_rb.ept,CorrectFdbk,0.615691666
Per_Choice_192_rb.ept,CorrectFdbk,5.315225169
Per_Choice_192_rb.ept,CorrectFdbk,14.22427188
Per_Choice_192_rb.ept,CorrectFdbk,5.22508776
Per_Choice_192_rb.ept,CorrectFdbk,-2.109699458
Per_Choice_192_rb.ept,CorrectFdbk,16.20429012
Per_Choice_192_rb.ept,CorrectFdbk,0.832861298
Per_Choice_192_rb.ept,CorrectFdbk,13.41856946
Per_Choice_192_rb.ept,CorrectFdbkFood,2.667431465
Per_Choice_192_rb.ept,CorrectFdbkFood,17.99603105
Per_Choice_192_rb.ept,CorrectFdbkFood,3.812803175
Per_Choice_192_rb.ept,CorrectFdbkFood,5.315225169
Per_Choice_192_rb.ept,CorrectFdbkFood,-2.109699458
Per_Choice_192_rb.ept,CorrectFdbkFood,16.20429012
Per_Choice_192_rb.ept,CorrectFdbkFood,0.83285826
Per_Choice_192_rb.ept,CorrectFdbkFood,13.41856946
Per_Choice_192_rb.ept,IncorrectFdbk,0.752905499
Per_Choice_192_rb.ept,IncorrectFdbk,-5.49797416
Per_Choice_192_rb.ept,IncorrectFdbk,-6.248049989
Per_Choice_192_rb.ept,IncorrectFdbk,16.24325914
Per_Choice_192_rb.ept,IncorrectFdbk,0.032759321
Per_Choice_192_rb.ept,IncorrectFdbk,4.415275993
Per_Choice_192_rb.ept,IncorrectFdbk,0.143965372
Per_Choice_192_rb.ept,IncorrectFdbk,3.103507636
Per_Choice_192_rb.ept,IncorrectFdbk,7.845164082
Per_Choice_192_rb.ept,IncorrectFdbk,15.28707792
Per_Choice_192_rb.ept,IncorrectFdbk,6.521485458
Per_Choice_192_rb.ept,IncorrectFdbk,8.889804879
Per_Choice_192_rb.ept,IncorrectFdbk,10.09493549
Per_Choice_192_rb.ept,IncorrectFdbk,-5.329668799
Per_Choice_192_rb.ept,IncorrectFdbk,-4.386855507
Per_Choice_192_rb.ept,IncorrectFdbk,6.153610902
Per_Choice_193_rb.ept,CorrectFdbk,6.867649447
Per_Choice_193_rb.ept,CorrectFdbk,7.607062426
Per_Choice_193_rb.ept,CorrectFdbk,4.819436798
Per_Choice_193_rb.ept,CorrectFdbk,-4.747525424
Per_Choice_193_rb.ept,CorrectFdbk,8.960682413
Per_Choice_193_rb.ept,CorrectFdbk,5.500043547
Per_Choice_193_rb.ept,CorrectFdbk,7.583161152
Per_Choice_193_rb.ept,CorrectFdbk,1.16215467
Per_Choice_193_rb.ept,CorrectFdbk,1.526108186
Per_Choice_193_rb.ept,CorrectFdbk,8.895189571
Per_Choice_193_rb.ept,CorrectFdbk,-0.820737172
Per_Choice_193_rb.ept,CorrectFdbk,4.493120742
Per_Choice_193_rb.ept,CorrectFdbk,-0.610547432
Per_Choice_193_rb.ept,CorrectFdbk,-3.477412989
Per_Choice_193_rb.ept,CorrectFdbk,1.078807259
Per_Choice_193_rb.ept,CorrectFdbk,16.38027994
Per_Choice_193_rb.ept,CorrectFdbk,-1.806133238
Per_Choice_193_rb.ept,CorrectFdbk,6.944487808
Per_Choice_193_rb.ept,CorrectFdbk,0.531484659
Per_Choice_193_rb.ept,CorrectFdbk,0.109854518
Per_Choice_193_rb.ept,CorrectFdbkFood,6.867649447
Per_Choice_193_rb.ept,CorrectFdbkFood,-4.747525424
Per_Choice_193_rb.ept,CorrectFdbkFood,8.960859348
Per_Choice_193_rb.ept,CorrectFdbkFood,7.583161152
Per_Choice_193_rb.ept,CorrectFdbkFood,1.526076433
Per_Choice_193_rb.ept,CorrectFdbkFood,8.895189571
Per_Choice_193_rb.ept,CorrectFdbkFood,4.493120742
Per_Choice_193_rb.ept,CorrectFdbkFood,-0.610712646
Per_Choice_193_rb.ept,CorrectFdbkFood,-3.477412989
Per_Choice_193_rb.ept,CorrectFdbkFood,1.078807259
Per_Choice_193_rb.ept,CorrectFdbkFood,16.38027994
Per_Choice_193_rb.ept,CorrectFdbkFood,-1.806735576
Per_Choice_193_rb.ept,IncorrectFdbk,3.310242037
Per_Choice_193_rb.ept,IncorrectFdbk,1.780808429
Per_Choice_193_rb.ept,IncorrectFdbk,3.869345966
Per_Choice_193_rb.ept,IncorrectFdbk,12.45703285
Per_Choice_193_rb.ept,IncorrectFdbk,5.426573688
Per_Choice_193_rb.ept,IncorrectFdbk,1.175642059
Per_Choice_193_rb.ept,IncorrectFdbk,-3.69101666
Per_Choice_193_rb.ept,IncorrectFdbk,6.450125508
Per_Choice_193_rb.ept,IncorrectFdbk,-3.688545801
Per_Choice_193_rb.ept,IncorrectFdbk,7.976240562
Per_Choice_193_rb.ept,IncorrectFdbk,1.902437283
Per_Choice_193_rb.ept,IncorrectFdbk,0.494580444
Per_Choice_193_rb.ept,IncorrectFdbk,3.196540457
Per_Choice_193_rb.ept,IncorrectFdbk,-8.817785587
Per_Choice_193_rb.ept,IncorrectFdbk,-2.161431088
Per_Choice_193_rb.ept,IncorrectFdbk,4.90134375
Per_Choice_193_rb.ept,IncorrectFdbk,5.763027621
Per_Choice_193_rb.ept,IncorrectFdbk,8.833760334
Per_Choice_193_rb.ept,IncorrectFdbk,7.538494948
Per_Choice_193_rb.ept,IncorrectFdbk,-3.940014796
Per_Choice_194_rb.ept,CorrectFdbk,-1.497708261
Per_Choice_194_rb.ept,CorrectFdbk,5.724222455
Per_Choice_194_rb.ept,CorrectFdbk,6.057407502
Per_Choice_194_rb.ept,CorrectFdbk,2.708438432
Per_Choice_194_rb.ept,CorrectFdbk,7.306005173
Per_Choice_194_rb.ept,CorrectFdbk,-0.084537466
Per_Choice_194_rb.ept,CorrectFdbk,0.582258995
Per_Choice_194_rb.ept,CorrectFdbk,-1.399579181
Per_Choice_194_rb.ept,CorrectFdbk,1.659207912
Per_Choice_194_rb.ept,CorrectFdbk,4.197327582
Per_Choice_194_rb.ept,CorrectFdbk,9.35409854
Per_Choice_194_rb.ept,CorrectFdbk,9.876281143
Per_Choice_194_rb.ept,CorrectFdbk,3.822822184
Per_Choice_194_rb.ept,CorrectFdbk,5.340740749
Per_Choice_194_rb.ept,CorrectFdbk,4.338751673
Per_Choice_194_rb.ept,CorrectFdbk,7.160296112
Per_Choice_194_rb.ept,CorrectFdbk,4.51027128
Per_Choice_194_rb.ept,CorrectFdbk,4.030160484
Per_Choice_194_rb.ept,CorrectFdbk,14.0242775
Per_Choice_194_rb.ept,CorrectFdbk,2.307396169
Per_Choice_194_rb.ept,CorrectFdbk,7.285352133
Per_Choice_194_rb.ept,CorrectFdbk,2.157114419
Per_Choice_194_rb.ept,CorrectFdbkFood,5.723764491
Per_Choice_194_rb.ept,CorrectFdbkFood,6.057402677
Per_Choice_194_rb.ept,CorrectFdbkFood,2.708614301
Per_Choice_194_rb.ept,CorrectFdbkFood,-0.084524233
Per_Choice_194_rb.ept,CorrectFdbkFood,0.582340457
Per_Choice_194_rb.ept,CorrectFdbkFood,4.197345822
Per_Choice_194_rb.ept,CorrectFdbkFood,9.354084371
Per_Choice_194_rb.ept,CorrectFdbkFood,5.399281237
Per_Choice_194_rb.ept,CorrectFdbkFood,4.33873911
Per_Choice_194_rb.ept,CorrectFdbkFood,7.160302839
Per_Choice_194_rb.ept,CorrectFdbkFood,4.510292347
Per_Choice_194_rb.ept,CorrectFdbkFood,4.030188021
Per_Choice_194_rb.ept,CorrectFdbkFood,14.02426755
Per_Choice_194_rb.ept,CorrectFdbkFood,2.307434334
Per_Choice_194_rb.ept,CorrectFdbkFood,7.285353029
Per_Choice_194_rb.ept,IncorrectFdbk,4.446980442
Per_Choice_194_rb.ept,IncorrectFdbk,-0.043826813
Per_Choice_194_rb.ept,IncorrectFdbk,2.481262327
Per_Choice_194_rb.ept,IncorrectFdbk,5.455084719
Per_Choice_194_rb.ept,IncorrectFdbk,6.359934777
Per_Choice_194_rb.ept,IncorrectFdbk,-1.231101916
Per_Choice_194_rb.ept,IncorrectFdbk,3.664117426
Per_Choice_194_rb.ept,IncorrectFdbk,4.755520056
Per_Choice_194_rb.ept,IncorrectFdbk,-1.17159081
Per_Choice_194_rb.ept,IncorrectFdbk,4.385721982
Per_Choice_194_rb.ept,IncorrectFdbk,2.244490672
Per_Choice_194_rb.ept,IncorrectFdbk,1.853352596
Per_Choice_194_rb.ept,IncorrectFdbk,2.660509497
Per_Choice_194_rb.ept,IncorrectFdbk,0.481850892
Per_Choice_194_rb.ept,IncorrectFdbk,4.050222868
Per_Choice_194_rb.ept,IncorrectFdbk,3.370752869
Per_Choice_194_rb.ept,IncorrectFdbk,5.255467708
Per_Choice_194_rb.ept,IncorrectFdbk,1.769498589
Per_Choice_194_rb.ept,IncorrectFdbk,-0.626460171
Per_Choice_194_rb.ept,IncorrectFdbk,3.307799156
Per_Choice_195_rb.ept,CorrectFdbk,3.169880246
Per_Choice_195_rb.ept,CorrectFdbk,2.310301991
Per_Choice_195_rb.ept,CorrectFdbk,1.440315412
Per_Choice_195_rb.ept,CorrectFdbk,3.42745396
Per_Choice_195_rb.ept,CorrectFdbk,2.24840569
Per_Choice_195_rb.ept,CorrectFdbk,-4.758108121
Per_Choice_195_rb.ept,CorrectFdbk,7.404867031
Per_Choice_195_rb.ept,CorrectFdbk,2.808620837
Per_Choice_195_rb.ept,CorrectFdbk,5.115688246
Per_Choice_195_rb.ept,CorrectFdbk,2.45040311
Per_Choice_195_rb.ept,CorrectFdbk,1.798960007
Per_Choice_195_rb.ept,CorrectFdbk,1.278822677
Per_Choice_195_rb.ept,CorrectFdbk,0.963854462
Per_Choice_195_rb.ept,CorrectFdbk,9.055301758
Per_Choice_195_rb.ept,CorrectFdbk,4.123259617
Per_Choice_195_rb.ept,CorrectFdbk,6.470900016
Per_Choice_195_rb.ept,CorrectFdbk,6.162834762
Per_Choice_195_rb.ept,CorrectFdbk,-0.045888472
Per_Choice_195_rb.ept,CorrectFdbk,1.780464514
Per_Choice_195_rb.ept,CorrectFdbk,2.305432241
Per_Choice_195_rb.ept,CorrectFdbk,1.129045884
Per_Choice_195_rb.ept,CorrectFdbk,4.089134393
Per_Choice_195_rb.ept,CorrectFdbk,5.582385538
Per_Choice_195_rb.ept,CorrectFdbk,-7.212742013
Per_Choice_195_rb.ept,CorrectFdbkFood,3.169880246
Per_Choice_195_rb.ept,CorrectFdbkFood,2.310301991
Per_Choice_195_rb.ept,CorrectFdbkFood,1.440315412
Per_Choice_195_rb.ept,CorrectFdbkFood,3.42745396
Per_Choice_195_rb.ept,CorrectFdbkFood,2.24840569
Per_Choice_195_rb.ept,CorrectFdbkFood,-4.758108121
Per_Choice_195_rb.ept,CorrectFdbkFood,2.808620837
Per_Choice_195_rb.ept,CorrectFdbkFood,2.450413833
Per_Choice_195_rb.ept,CorrectFdbkFood,1.798960007
Per_Choice_195_rb.ept,CorrectFdbkFood,1.278645606
Per_Choice_195_rb.ept,CorrectFdbkFood,0.963854462
Per_Choice_195_rb.ept,CorrectFdbkFood,9.055310948
Per_Choice_195_rb.ept,CorrectFdbkFood,4.123259617
Per_Choice_195_rb.ept,CorrectFdbkFood,6.162834762
Per_Choice_195_rb.ept,CorrectFdbkFood,2.305432241
Per_Choice_195_rb.ept,CorrectFdbkFood,1.129045884
Per_Choice_195_rb.ept,CorrectFdbkFood,-7.212742013
Per_Choice_195_rb.ept,IncorrectFdbk,2.822423773
Per_Choice_195_rb.ept,IncorrectFdbk,1.834026943
Per_Choice_195_rb.ept,IncorrectFdbk,-3.505570445
Per_Choice_195_rb.ept,IncorrectFdbk,2.180168884
Per_Choice_195_rb.ept,IncorrectFdbk,-1.468832157
Per_Choice_195_rb.ept,IncorrectFdbk,-0.531250215
Per_Choice_195_rb.ept,IncorrectFdbk,3.204380778
Per_Choice_195_rb.ept,IncorrectFdbk,2.707616378
Per_Choice_195_rb.ept,IncorrectFdbk,-4.428406741
Per_Choice_195_rb.ept,IncorrectFdbk,0.684385258
Per_Choice_195_rb.ept,IncorrectFdbk,3.631512682
Per_Choice_195_rb.ept,IncorrectFdbk,3.465130358
Per_Choice_195_rb.ept,IncorrectFdbk,-1.893487517
Per_Choice_195_rb.ept,IncorrectFdbk,-1.2581647
Per_Choice_195_rb.ept,IncorrectFdbk,0.500813486
Per_Choice_195_rb.ept,IncorrectFdbk,2.4149021
Per_Choice_195_rb.ept,IncorrectFdbk,2.557380887
Per_Choice_195_rb.ept,IncorrectFdbk,7.683380364
Per_Choice_195_rb.ept,IncorrectFdbk,2.265558594
Per_Choice_195_rb.ept,IncorrectFdbk,5.482890256
Per_Choice_195_rb.ept,IncorrectFdbk,5.107101553
Per_Choice_196_rb.ept,CorrectFdbk,-0.072288585
Per_Choice_196_rb.ept,CorrectFdbk,5.174251135
Per_Choice_196_rb.ept,CorrectFdbk,7.894331669
Per_Choice_196_rb.ept,CorrectFdbk,0.041840342
Per_Choice_196_rb.ept,CorrectFdbk,9.876071158
Per_Choice_196_rb.ept,CorrectFdbk,1.551508567
Per_Choice_196_rb.ept,CorrectFdbk,4.703272576
Per_Choice_196_rb.ept,CorrectFdbk,-6.983069667
Per_Choice_196_rb.ept,CorrectFdbk,1.975115174
Per_Choice_196_rb.ept,CorrectFdbk,1.563459484
Per_Choice_196_rb.ept,CorrectFdbk,-7.970788524
Per_Choice_196_rb.ept,CorrectFdbk,0.331622142
Per_Choice_196_rb.ept,CorrectFdbk,-12.84109696
Per_Choice_196_rb.ept,CorrectFdbk,3.491469118
Per_Choice_196_rb.ept,CorrectFdbk,0.080040301
Per_Choice_196_rb.ept,CorrectFdbk,-2.284353979
Per_Choice_196_rb.ept,CorrectFdbk,-1.525450484
Per_Choice_196_rb.ept,CorrectFdbkFood,-0.072288585
Per_Choice_196_rb.ept,CorrectFdbkFood,7.894331669
Per_Choice_196_rb.ept,CorrectFdbkFood,0.041840342
Per_Choice_196_rb.ept,CorrectFdbkFood,1.551508567
Per_Choice_196_rb.ept,CorrectFdbkFood,4.703272576
Per_Choice_196_rb.ept,CorrectFdbkFood,1.974957301
Per_Choice_196_rb.ept,CorrectFdbkFood,1.563459484
Per_Choice_196_rb.ept,CorrectFdbkFood,-8.492823603
Per_Choice_196_rb.ept,CorrectFdbkFood,0.331622142
Per_Choice_196_rb.ept,CorrectFdbkFood,-12.84109696
Per_Choice_196_rb.ept,CorrectFdbkFood,3.491449855
Per_Choice_196_rb.ept,IncorrectFdbk,-7.155585509
Per_Choice_196_rb.ept,IncorrectFdbk,3.891463511
Per_Choice_196_rb.ept,IncorrectFdbk,-12.08186596
Per_Choice_196_rb.ept,IncorrectFdbk,7.708338485
Per_Choice_196_rb.ept,IncorrectFdbk,-1.517536915
Per_Choice_196_rb.ept,IncorrectFdbk,5.129255464
Per_Choice_196_rb.ept,IncorrectFdbk,6.536244826
Per_Choice_196_rb.ept,IncorrectFdbk,-0.303181453
Per_Choice_196_rb.ept,IncorrectFdbk,11.56652786
Per_Choice_196_rb.ept,IncorrectFdbk,0.871537266
Per_Choice_196_rb.ept,IncorrectFdbk,0.076655485
Per_Choice_196_rb.ept,IncorrectFdbk,-5.976834487
Per_Choice_196_rb.ept,IncorrectFdbk,-0.974933938
Per_Choice_196_rb.ept,IncorrectFdbk,4.317572966
Per_Choice_196_rb.ept,IncorrectFdbk,-1.333639385
Per_Choice_196_rb.ept,IncorrectFdbk,9.181012346
Per_Choice_196_rb.ept,IncorrectFdbk,2.914443322
Per_Choice_196_rb.ept,IncorrectFdbk,4.281212925
Per_Choice_196_rb.ept,IncorrectFdbk,6.087042635
Per_Choice_197_rb.ept,CorrectFdbk,11.11244807
Per_Choice_197_rb.ept,CorrectFdbk,8.71083073
Per_Choice_197_rb.ept,CorrectFdbk,4.893386992
Per_Choice_197_rb.ept,CorrectFdbk,7.333046188
Per_Choice_197_rb.ept,CorrectFdbk,10.92468693
Per_Choice_197_rb.ept,CorrectFdbk,8.598560106
Per_Choice_197_rb.ept,CorrectFdbk,10.50903707
Per_Choice_197_rb.ept,CorrectFdbk,8.814362011
Per_Choice_197_rb.ept,CorrectFdbk,8.92572321
Per_Choice_197_rb.ept,CorrectFdbk,4.597129062
Per_Choice_197_rb.ept,CorrectFdbk,1.097987449
Per_Choice_197_rb.ept,CorrectFdbk,4.849199336
Per_Choice_197_rb.ept,CorrectFdbk,9.687298963
Per_Choice_197_rb.ept,CorrectFdbk,7.741518272
Per_Choice_197_rb.ept,CorrectFdbk,-2.402424409
Per_Choice_197_rb.ept,CorrectFdbk,5.012756444
Per_Choice_197_rb.ept,CorrectFdbk,10.04595197
Per_Choice_197_rb.ept,CorrectFdbk,-0.736134867
Per_Choice_197_rb.ept,CorrectFdbk,10.31265744
Per_Choice_197_rb.ept,CorrectFdbk,11.44454559
Per_Choice_197_rb.ept,CorrectFdbk,8.296907757
Per_Choice_197_rb.ept,CorrectFdbk,-0.430009228
Per_Choice_197_rb.ept,CorrectFdbk,2.11563793
Per_Choice_197_rb.ept,CorrectFdbkFood,8.745014387
Per_Choice_197_rb.ept,CorrectFdbkFood,4.893386992
Per_Choice_197_rb.ept,CorrectFdbkFood,10.92468693
Per_Choice_197_rb.ept,CorrectFdbkFood,8.598560106
Per_Choice_197_rb.ept,CorrectFdbkFood,10.50903707
Per_Choice_197_rb.ept,CorrectFdbkFood,8.814362011
Per_Choice_197_rb.ept,CorrectFdbkFood,8.92572321
Per_Choice_197_rb.ept,CorrectFdbkFood,4.597129062
Per_Choice_197_rb.ept,CorrectFdbkFood,1.097987449
Per_Choice_197_rb.ept,CorrectFdbkFood,4.849199336
Per_Choice_197_rb.ept,CorrectFdbkFood,9.687320071
Per_Choice_197_rb.ept,CorrectFdbkFood,7.741518272
Per_Choice_197_rb.ept,CorrectFdbkFood,-2.402426507
Per_Choice_197_rb.ept,CorrectFdbkFood,5.012756444
Per_Choice_197_rb.ept,CorrectFdbkFood,10.04595197
Per_Choice_197_rb.ept,CorrectFdbkFood,-0.736705538
Per_Choice_197_rb.ept,CorrectFdbkFood,10.31265849
Per_Choice_197_rb.ept,CorrectFdbkFood,11.44454559
Per_Choice_197_rb.ept,CorrectFdbkFood,2.11563793
Per_Choice_197_rb.ept,IncorrectFdbk,5.453886358
Per_Choice_197_rb.ept,IncorrectFdbk,1.626222912
Per_Choice_197_rb.ept,IncorrectFdbk,6.154647053
Per_Choice_197_rb.ept,IncorrectFdbk,7.85740929
Per_Choice_197_rb.ept,IncorrectFdbk,10.83385491
Per_Choice_197_rb.ept,IncorrectFdbk,6.578742076
Per_Choice_197_rb.ept,IncorrectFdbk,5.352942045
Per_Choice_197_rb.ept,IncorrectFdbk,14.65346309
Per_Choice_197_rb.ept,IncorrectFdbk,5.322988498
Per_Choice_197_rb.ept,IncorrectFdbk,17.97800244
Per_Choice_197_rb.ept,IncorrectFdbk,9.56446422
Per_Choice_197_rb.ept,IncorrectFdbk,-5.82176989
Per_Choice_197_rb.ept,IncorrectFdbk,2.09694012
Per_Choice_197_rb.ept,IncorrectFdbk,1.050148394
Per_Choice_197_rb.ept,IncorrectFdbk,0.235156153
Per_Choice_197_rb.ept,IncorrectFdbk,-5.933499767
Per_Choice_197_rb.ept,IncorrectFdbk,-6.483222703
Per_Choice_197_rb.ept,IncorrectFdbk,0.002292656
Per_Choice_198_rb.ept,CorrectFdbk,-3.075610672
Per_Choice_198_rb.ept,CorrectFdbk,7.323469824
Per_Choice_198_rb.ept,CorrectFdbk,14.45348249
Per_Choice_198_rb.ept,CorrectFdbk,10.41439075
Per_Choice_198_rb.ept,CorrectFdbk,10.47954667
Per_Choice_198_rb.ept,CorrectFdbk,0.551515669
Per_Choice_198_rb.ept,CorrectFdbk,3.162789668
Per_Choice_198_rb.ept,CorrectFdbk,10.49493082
Per_Choice_198_rb.ept,CorrectFdbk,3.656566132
Per_Choice_198_rb.ept,CorrectFdbk,7.178384573
Per_Choice_198_rb.ept,CorrectFdbk,5.388068302
Per_Choice_198_rb.ept,CorrectFdbk,3.610487609
Per_Choice_198_rb.ept,CorrectFdbk,7.119803429
Per_Choice_198_rb.ept,CorrectFdbk,3.684602258
Per_Choice_198_rb.ept,CorrectFdbk,6.757961501
Per_Choice_198_rb.ept,CorrectFdbk,9.88319858
Per_Choice_198_rb.ept,CorrectFdbk,10.74770875
Per_Choice_198_rb.ept,CorrectFdbk,0.93279583
Per_Choice_198_rb.ept,CorrectFdbk,1.475281321
Per_Choice_198_rb.ept,CorrectFdbk,-1.896877599
Per_Choice_198_rb.ept,CorrectFdbk,7.366148358
Per_Choice_198_rb.ept,CorrectFdbk,5.481587374
Per_Choice_198_rb.ept,CorrectFdbk,6.220780789
Per_Choice_198_rb.ept,CorrectFdbk,10.86085561
Per_Choice_198_rb.ept,CorrectFdbkFood,-3.075610672
Per_Choice_198_rb.ept,CorrectFdbkFood,7.323469824
Per_Choice_198_rb.ept,CorrectFdbkFood,14.45348249
Per_Choice_198_rb.ept,CorrectFdbkFood,10.41439075
Per_Choice_198_rb.ept,CorrectFdbkFood,0.551515669
Per_Choice_198_rb.ept,CorrectFdbkFood,3.162789668
Per_Choice_198_rb.ept,CorrectFdbkFood,10.49493082
Per_Choice_198_rb.ept,CorrectFdbkFood,3.656566132
Per_Choice_198_rb.ept,CorrectFdbkFood,7.178384573
Per_Choice_198_rb.ept,CorrectFdbkFood,5.388068302
Per_Choice_198_rb.ept,CorrectFdbkFood,3.610487609
Per_Choice_198_rb.ept,CorrectFdbkFood,7.119803429
Per_Choice_198_rb.ept,CorrectFdbkFood,6.757961501
Per_Choice_198_rb.ept,CorrectFdbkFood,9.88319858
Per_Choice_198_rb.ept,CorrectFdbkFood,10.74765193
Per_Choice_198_rb.ept,CorrectFdbkFood,0.93279583
Per_Choice_198_rb.ept,CorrectFdbkFood,1.475281321
Per_Choice_198_rb.ept,CorrectFdbkFood,7.366148358
Per_Choice_198_rb.ept,CorrectFdbkFood,5.481899174
Per_Choice_198_rb.ept,CorrectFdbkFood,6.220780789
Per_Choice_198_rb.ept,CorrectFdbkFood,10.86085561
Per_Choice_198_rb.ept,IncorrectFdbk,3.967673662
Per_Choice_198_rb.ept,IncorrectFdbk,10.85540593
Per_Choice_198_rb.ept,IncorrectFdbk,2.375677451
Per_Choice_198_rb.ept,IncorrectFdbk,7.026799118
Per_Choice_198_rb.ept,IncorrectFdbk,7.896493407
Per_Choice_198_rb.ept,IncorrectFdbk,7.859184456
Per_Choice_198_rb.ept,IncorrectFdbk,2.367465838
Per_Choice_198_rb.ept,IncorrectFdbk,-4.300341114
Per_Choice_198_rb.ept,IncorrectFdbk,7.915195693
Per_Choice_198_rb.ept,IncorrectFdbk,3.861836407
Per_Choice_198_rb.ept,IncorrectFdbk,3.185625119
Per_Choice_198_rb.ept,IncorrectFdbk,1.385934483
Per_Choice_198_rb.ept,IncorrectFdbk,9.103391672
Per_Choice_198_rb.ept,IncorrectFdbk,2.873478618
Per_Choice_198_rb.ept,IncorrectFdbk,0.901328251
Per_Choice_198_rb.ept,IncorrectFdbk,1.894043653
Per_Choice_198_rb.ept,IncorrectFdbk,12.40957856
Per_Choice_198_rb.ept,IncorrectFdbk,7.954773887
Per_Choice_198_rb.ept,IncorrectFdbk,2.658678716
Per_Choice_198_rb.ept,IncorrectFdbk,-0.086142685
Per_Choice_198_rb.ept,IncorrectFdbk,6.423586306
Per_Choice_198_rb.ept,IncorrectFdbk,8.813675624
Per_Choice_198_rb.ept,IncorrectFdbk,-0.118758226
Per_Choice_198_rb.ept,IncorrectFdbk,11.0886243
Per_Choice_199_rb.ept,CorrectFdbk,11.99271133
Per_Choice_199_rb.ept,CorrectFdbk,8.823647609
Per_Choice_199_rb.ept,CorrectFdbk,1.959298614
Per_Choice_199_rb.ept,CorrectFdbk,7.876269103
Per_Choice_199_rb.ept,CorrectFdbk,11.11707542
Per_Choice_199_rb.ept,CorrectFdbk,13.34935908
Per_Choice_199_rb.ept,CorrectFdbk,3.943217326
Per_Choice_199_rb.ept,CorrectFdbk,4.441183454
Per_Choice_199_rb.ept,CorrectFdbk,6.630162114
Per_Choice_199_rb.ept,CorrectFdbk,7.694604777
Per_Choice_199_rb.ept,CorrectFdbk,8.095353942
Per_Choice_199_rb.ept,CorrectFdbk,13.76041435
Per_Choice_199_rb.ept,CorrectFdbk,6.474040467
Per_Choice_199_rb.ept,CorrectFdbk,3.384174799
Per_Choice_199_rb.ept,CorrectFdbk,15.67221014
Per_Choice_199_rb.ept,CorrectFdbk,4.171155795
Per_Choice_199_rb.ept,CorrectFdbk,1.077962044
Per_Choice_199_rb.ept,CorrectFdbk,8.20406392
Per_Choice_199_rb.ept,CorrectFdbk,8.772042646
Per_Choice_199_rb.ept,CorrectFdbk,5.651460011
Per_Choice_199_rb.ept,CorrectFdbk,4.698415469
Per_Choice_199_rb.ept,CorrectFdbk,9.688116966
Per_Choice_199_rb.ept,CorrectFdbk,11.64783432
Per_Choice_199_rb.ept,CorrectFdbk,0.316110062
Per_Choice_199_rb.ept,CorrectFdbkFood,11.99271133
Per_Choice_199_rb.ept,CorrectFdbkFood,8.823647609
Per_Choice_199_rb.ept,CorrectFdbkFood,13.34935908
Per_Choice_199_rb.ept,CorrectFdbkFood,3.943189768
Per_Choice_199_rb.ept,CorrectFdbkFood,4.441183454
Per_Choice_199_rb.ept,CorrectFdbkFood,6.630162114
Per_Choice_199_rb.ept,CorrectFdbkFood,7.694604777
Per_Choice_199_rb.ept,CorrectFdbkFood,8.095353942
Per_Choice_199_rb.ept,CorrectFdbkFood,13.76041435
Per_Choice_199_rb.ept,CorrectFdbkFood,3.384174799
Per_Choice_199_rb.ept,CorrectFdbkFood,15.67221014
Per_Choice_199_rb.ept,CorrectFdbkFood,4.171155795
Per_Choice_199_rb.ept,CorrectFdbkFood,8.20406392
Per_Choice_199_rb.ept,CorrectFdbkFood,8.772042646
Per_Choice_199_rb.ept,CorrectFdbkFood,5.651460011
Per_Choice_199_rb.ept,CorrectFdbkFood,4.698415469
Per_Choice_199_rb.ept,CorrectFdbkFood,9.688116966
Per_Choice_199_rb.ept,CorrectFdbkFood,0.316135998
Per_Choice_199_rb.ept,IncorrectFdbk,3.591937122
Per_Choice_199_rb.ept,IncorrectFdbk,3.889758114
Per_Choice_199_rb.ept,IncorrectFdbk,3.372529235
Per_Choice_199_rb.ept,IncorrectFdbk,1.060207276
Per_Choice_199_rb.ept,IncorrectFdbk,6.162799621
Per_Choice_199_rb.ept,IncorrectFdbk,13.14148916
Per_Choice_199_rb.ept,IncorrectFdbk,3.840380815
Per_Choice_199_rb.ept,IncorrectFdbk,3.444722129
Per_Choice_199_rb.ept,IncorrectFdbk,6.012680974
Per_Choice_199_rb.ept,IncorrectFdbk,10.15352141
Per_Choice_199_rb.ept,IncorrectFdbk,6.50414275
Per_Choice_199_rb.ept,IncorrectFdbk,-1.426648041
Per_Choice_199_rb.ept,IncorrectFdbk,6.809358189
Per_Choice_199_rb.ept,IncorrectFdbk,2.666691641
Per_Choice_199_rb.ept,IncorrectFdbk,9.093999154
Per_Choice_203_rb.ept,CorrectFdbk,4.805355721
Per_Choice_203_rb.ept,CorrectFdbk,1.919403388
Per_Choice_203_rb.ept,CorrectFdbk,7.644741463
Per_Choice_203_rb.ept,CorrectFdbk,0.181271798
Per_Choice_203_rb.ept,CorrectFdbk,14.29756896
Per_Choice_203_rb.ept,CorrectFdbk,4.782840717
Per_Choice_203_rb.ept,CorrectFdbk,0.239168569
Per_Choice_203_rb.ept,CorrectFdbk,0.217656099
Per_Choice_203_rb.ept,CorrectFdbk,6.272549755
Per_Choice_203_rb.ept,CorrectFdbk,0.221226194
Per_Choice_203_rb.ept,CorrectFdbk,1.277684716
Per_Choice_203_rb.ept,CorrectFdbk,5.209322423
Per_Choice_203_rb.ept,CorrectFdbk,-3.456941495
Per_Choice_203_rb.ept,CorrectFdbk,1.978639486
Per_Choice_203_rb.ept,CorrectFdbk,2.853385958
Per_Choice_203_rb.ept,CorrectFdbk,6.823299934
Per_Choice_203_rb.ept,CorrectFdbk,1.232375153
Per_Choice_203_rb.ept,CorrectFdbk,-0.780434495
Per_Choice_203_rb.ept,CorrectFdbk,11.4456774
Per_Choice_203_rb.ept,CorrectFdbk,5.031857185
Per_Choice_203_rb.ept,CorrectFdbk,-2.973684016
Per_Choice_203_rb.ept,CorrectFdbk,-0.151171281
Per_Choice_203_rb.ept,CorrectFdbk,5.486290144
Per_Choice_203_rb.ept,CorrectFdbk,7.062273164
Per_Choice_203_rb.ept,CorrectFdbkFood,5.583489762
Per_Choice_203_rb.ept,CorrectFdbkFood,1.369593276
Per_Choice_203_rb.ept,CorrectFdbkFood,-0.056526102
Per_Choice_203_rb.ept,CorrectFdbkFood,14.30839902
Per_Choice_203_rb.ept,CorrectFdbkFood,5.046716426
Per_Choice_203_rb.ept,CorrectFdbkFood,3.829770352
Per_Choice_203_rb.ept,CorrectFdbkFood,-0.605447056
Per_Choice_203_rb.ept,CorrectFdbkFood,4.171705267
Per_Choice_203_rb.ept,CorrectFdbkFood,1.803744937
Per_Choice_203_rb.ept,CorrectFdbkFood,4.003772217
Per_Choice_203_rb.ept,CorrectFdbkFood,-3.100869068
Per_Choice_203_rb.ept,CorrectFdbkFood,1.848497915
Per_Choice_203_rb.ept,CorrectFdbkFood,5.010697268
Per_Choice_203_rb.ept,CorrectFdbkFood,10.72832081
Per_Choice_203_rb.ept,CorrectFdbkFood,-2.721023625
Per_Choice_203_rb.ept,CorrectFdbkFood,0.961182724
Per_Choice_203_rb.ept,CorrectFdbkFood,7.007711702
Per_Choice_203_rb.ept,IncorrectFdbk,-0.329425305
Per_Choice_203_rb.ept,IncorrectFdbk,1.841640761
Per_Choice_203_rb.ept,IncorrectFdbk,-8.277777013
Per_Choice_203_rb.ept,IncorrectFdbk,-1.596029184
Per_Choice_203_rb.ept,IncorrectFdbk,3.180765128
Per_Choice_203_rb.ept,IncorrectFdbk,1.083185856
Per_Choice_203_rb.ept,IncorrectFdbk,1.284642077
Per_Choice_203_rb.ept,IncorrectFdbk,-1.488564463
Per_Choice_203_rb.ept,IncorrectFdbk,0.762102472
Per_Choice_203_rb.ept,IncorrectFdbk,-1.817121626
Per_Choice_203_rb.ept,IncorrectFdbk,3.718526137
Per_Choice_203_rb.ept,IncorrectFdbk,-2.860942746
Per_Choice_203_rb.ept,IncorrectFdbk,3.365615691
Per_Choice_203_rb.ept,IncorrectFdbk,0.131789679
Per_Choice_203_rb.ept,IncorrectFdbk,11.73945155
Per_Choice_203_rb.ept,IncorrectFdbk,-2.476137555
Per_Choice_203_rb.ept,IncorrectFdbk,8.757947951
Per_Choice_203_rb.ept,IncorrectFdbk,7.750205136
Per_Choice_203_rb.ept,IncorrectFdbk,2.42387468
Per_Choice_203_rb.ept,IncorrectFdbk,-9.719514462
Per_Choice_203_rb.ept,IncorrectFdbk,11.6769856
Per_Choice_203_rb.ept,IncorrectFdbk,3.095212623
Per_Choice_203_rb.ept,IncorrectFdbk,6.349808416
Per_Choice_203_rb.ept,IncorrectFdbk,4.974959497
Per_Choice_203_rb.ept,IncorrectFdbk,-3.377975578
Per_Choice_205_rb.ept,CorrectFdbk,4.656097054
Per_Choice_205_rb.ept,CorrectFdbk,3.729350099
Per_Choice_205_rb.ept,CorrectFdbk,-0.445268291
Per_Choice_205_rb.ept,CorrectFdbk,5.146188858
Per_Choice_205_rb.ept,CorrectFdbk,-1.047576772
Per_Choice_205_rb.ept,CorrectFdbk,4.562481359
Per_Choice_205_rb.ept,CorrectFdbk,0.732414944
Per_Choice_205_rb.ept,CorrectFdbk,-3.473309721
Per_Choice_205_rb.ept,CorrectFdbk,5.799717225
Per_Choice_205_rb.ept,CorrectFdbk,4.579641406
Per_Choice_205_rb.ept,CorrectFdbk,4.769920665
Per_Choice_205_rb.ept,CorrectFdbk,-8.586455606
Per_Choice_205_rb.ept,CorrectFdbk,6.25798204
Per_Choice_205_rb.ept,CorrectFdbk,2.251178913
Per_Choice_205_rb.ept,CorrectFdbk,1.191881516
Per_Choice_205_rb.ept,CorrectFdbk,3.462954821
Per_Choice_205_rb.ept,CorrectFdbk,0.321200581
Per_Choice_205_rb.ept,CorrectFdbk,1.397025963
Per_Choice_205_rb.ept,CorrectFdbk,7.136376081
Per_Choice_205_rb.ept,CorrectFdbk,7.149076362
Per_Choice_205_rb.ept,CorrectFdbk,0.503631708
Per_Choice_205_rb.ept,CorrectFdbk,3.473807002
Per_Choice_205_rb.ept,CorrectFdbkFood,3.219528774
Per_Choice_205_rb.ept,CorrectFdbkFood,3.051494587
Per_Choice_205_rb.ept,CorrectFdbkFood,4.958215459
Per_Choice_205_rb.ept,CorrectFdbkFood,-0.441674847
Per_Choice_205_rb.ept,CorrectFdbkFood,0.737394476
Per_Choice_205_rb.ept,CorrectFdbkFood,-3.186930807
Per_Choice_205_rb.ept,CorrectFdbkFood,5.272749351
Per_Choice_205_rb.ept,CorrectFdbkFood,5.676855036
Per_Choice_205_rb.ept,CorrectFdbkFood,0.851590576
Per_Choice_205_rb.ept,CorrectFdbkFood,0.58369814
Per_Choice_205_rb.ept,CorrectFdbkFood,7.279896853
Per_Choice_205_rb.ept,CorrectFdbkFood,3.743678481
Per_Choice_205_rb.ept,IncorrectFdbk,-6.540736269
Per_Choice_205_rb.ept,IncorrectFdbk,6.524435562
Per_Choice_205_rb.ept,IncorrectFdbk,8.085534637
Per_Choice_205_rb.ept,IncorrectFdbk,-2.075933924
Per_Choice_205_rb.ept,IncorrectFdbk,-3.201242354
Per_Choice_205_rb.ept,IncorrectFdbk,0.115902569
Per_Choice_205_rb.ept,IncorrectFdbk,6.825840656
Per_Choice_205_rb.ept,IncorrectFdbk,-0.108485489
Per_Choice_205_rb.ept,IncorrectFdbk,4.994554389
Per_Choice_205_rb.ept,IncorrectFdbk,8.629232735
Per_Choice_205_rb.ept,IncorrectFdbk,0.757202037
Per_Choice_205_rb.ept,IncorrectFdbk,1.713832763
Per_Choice_205_rb.ept,IncorrectFdbk,-3.072988802
Per_Choice_205_rb.ept,IncorrectFdbk,2.049165013
Per_Choice_205_rb.ept,IncorrectFdbk,8.47902141
Per_Choice_205_rb.ept,IncorrectFdbk,-1.361666169
Per_Choice_205_rb.ept,IncorrectFdbk,6.805623676
Per_Choice_205_rb.ept,IncorrectFdbk,3.881923345
Per_Choice_205_rb.ept,IncorrectFdbk,1.052928395
Per_Choice_205_rb.ept,IncorrectFdbk,1.592588109
Per_Choice_205_rb.ept,IncorrectFdbk,5.536025342
Per_Choice_205_rb.ept,IncorrectFdbk,6.042435216
Per_Choice_206_rb.ept,CorrectFdbk,2.320543002
Per_Choice_206_rb.ept,CorrectFdbk,4.794530442
Per_Choice_206_rb.ept,CorrectFdbk,10.26643265
Per_Choice_206_rb.ept,CorrectFdbk,3.123068476
Per_Choice_206_rb.ept,CorrectFdbk,6.379561748
Per_Choice_206_rb.ept,CorrectFdbk,10.03509558
Per_Choice_206_rb.ept,CorrectFdbk,7.811813131
Per_Choice_206_rb.ept,CorrectFdbk,-0.576603018
Per_Choice_206_rb.ept,CorrectFdbk,2.060181287
Per_Choice_206_rb.ept,CorrectFdbk,4.18135607
Per_Choice_206_rb.ept,CorrectFdbk,-0.039375748
Per_Choice_206_rb.ept,CorrectFdbk,6.632765368
Per_Choice_206_rb.ept,CorrectFdbk,11.53112069
Per_Choice_206_rb.ept,CorrectFdbk,8.391453913
Per_Choice_206_rb.ept,CorrectFdbk,4.183791217
Per_Choice_206_rb.ept,CorrectFdbk,3.124676765
Per_Choice_206_rb.ept,CorrectFdbk,8.148178167
Per_Choice_206_rb.ept,CorrectFdbk,6.693773054
Per_Choice_206_rb.ept,CorrectFdbk,5.124891201
Per_Choice_206_rb.ept,CorrectFdbk,8.190572979
Per_Choice_206_rb.ept,CorrectFdbk,7.374275254
Per_Choice_206_rb.ept,CorrectFdbk,1.358581529
Per_Choice_206_rb.ept,CorrectFdbkFood,0.658460323
Per_Choice_206_rb.ept,CorrectFdbkFood,5.061775284
Per_Choice_206_rb.ept,CorrectFdbkFood,9.646605575
Per_Choice_206_rb.ept,CorrectFdbkFood,2.1751479
Per_Choice_206_rb.ept,CorrectFdbkFood,6.894791027
Per_Choice_206_rb.ept,CorrectFdbkFood,7.899521187
Per_Choice_206_rb.ept,CorrectFdbkFood,7.536829171
Per_Choice_206_rb.ept,CorrectFdbkFood,4.13535413
Per_Choice_206_rb.ept,CorrectFdbkFood,6.69249191
Per_Choice_206_rb.ept,CorrectFdbkFood,13.96482944
Per_Choice_206_rb.ept,CorrectFdbkFood,3.76691614
Per_Choice_206_rb.ept,CorrectFdbkFood,3.323054372
Per_Choice_206_rb.ept,CorrectFdbkFood,3.45853685
Per_Choice_206_rb.ept,CorrectFdbkFood,9.816623146
Per_Choice_206_rb.ept,CorrectFdbkFood,7.247087339
Per_Choice_206_rb.ept,CorrectFdbkFood,1.521555575
Per_Choice_206_rb.ept,IncorrectFdbk,-0.643720067
Per_Choice_206_rb.ept,IncorrectFdbk,-0.850013185
Per_Choice_206_rb.ept,IncorrectFdbk,-2.133874442
Per_Choice_206_rb.ept,IncorrectFdbk,1.381418869
Per_Choice_206_rb.ept,IncorrectFdbk,-6.207273391
Per_Choice_206_rb.ept,IncorrectFdbk,-0.667387853
Per_Choice_206_rb.ept,IncorrectFdbk,3.693329579
Per_Choice_206_rb.ept,IncorrectFdbk,-3.94637681
Per_Choice_206_rb.ept,IncorrectFdbk,8.874896297
Per_Choice_206_rb.ept,IncorrectFdbk,-2.058431124
Per_Choice_206_rb.ept,IncorrectFdbk,4.927611727
Per_Choice_206_rb.ept,IncorrectFdbk,6.01037658
Per_Choice_206_rb.ept,IncorrectFdbk,4.719134399
Per_Choice_206_rb.ept,IncorrectFdbk,0.480508176
Per_Choice_206_rb.ept,IncorrectFdbk,1.889137098
Per_Choice_206_rb.ept,IncorrectFdbk,1.931992384
Per_Choice_206_rb.ept,IncorrectFdbk,5.573097339
Per_Choice_206_rb.ept,IncorrectFdbk,6.358862234
Per_Choice_206_rb.ept,IncorrectFdbk,-4.5652772
Per_Choice_206_rb.ept,IncorrectFdbk,6.660703226
Per_Choice_206_rb.ept,IncorrectFdbk,2.075094687
Per_Choice_208_rb.ept,CorrectFdbk,0.472676227
Per_Choice_208_rb.ept,CorrectFdbk,11.34529432
Per_Choice_208_rb.ept,CorrectFdbk,11.82805917
Per_Choice_208_rb.ept,CorrectFdbk,16.13356597
Per_Choice_208_rb.ept,CorrectFdbk,5.313273064
Per_Choice_208_rb.ept,CorrectFdbk,15.33583538
Per_Choice_208_rb.ept,CorrectFdbk,5.231473566
Per_Choice_208_rb.ept,CorrectFdbk,1.552770176
Per_Choice_208_rb.ept,CorrectFdbk,3.42006017
Per_Choice_208_rb.ept,CorrectFdbk,4.650034197
Per_Choice_208_rb.ept,CorrectFdbk,17.29170865
Per_Choice_208_rb.ept,CorrectFdbk,18.0929773
Per_Choice_208_rb.ept,CorrectFdbk,14.13346344
Per_Choice_208_rb.ept,CorrectFdbk,23.7817343
Per_Choice_208_rb.ept,CorrectFdbk,20.42207032
Per_Choice_208_rb.ept,CorrectFdbk,16.96923055
Per_Choice_208_rb.ept,CorrectFdbk,19.35211635
Per_Choice_208_rb.ept,CorrectFdbk,11.6976619
Per_Choice_208_rb.ept,CorrectFdbk,13.25681295
Per_Choice_208_rb.ept,CorrectFdbk,-0.04094858
Per_Choice_208_rb.ept,CorrectFdbk,17.08757697
Per_Choice_208_rb.ept,CorrectFdbk,11.94246723
Per_Choice_208_rb.ept,CorrectFdbk,14.36475748
Per_Choice_208_rb.ept,CorrectFdbk,22.88833256
Per_Choice_208_rb.ept,CorrectFdbkFood,-0.479679217
Per_Choice_208_rb.ept,CorrectFdbkFood,11.45357626
Per_Choice_208_rb.ept,CorrectFdbkFood,17.25903876
Per_Choice_208_rb.ept,CorrectFdbkFood,4.398839808
Per_Choice_208_rb.ept,CorrectFdbkFood,4.199193225
Per_Choice_208_rb.ept,CorrectFdbkFood,3.969453673
Per_Choice_208_rb.ept,CorrectFdbkFood,4.438249838
Per_Choice_208_rb.ept,CorrectFdbkFood,16.4511931
Per_Choice_208_rb.ept,CorrectFdbkFood,18.1786464
Per_Choice_208_rb.ept,CorrectFdbkFood,14.61081019
Per_Choice_208_rb.ept,CorrectFdbkFood,22.9271153
Per_Choice_208_rb.ept,CorrectFdbkFood,20.1351862
Per_Choice_208_rb.ept,CorrectFdbkFood,18.78906571
Per_Choice_208_rb.ept,CorrectFdbkFood,12.45676739
Per_Choice_208_rb.ept,CorrectFdbkFood,16.63247905
Per_Choice_208_rb.ept,CorrectFdbkFood,-0.452757888
Per_Choice_208_rb.ept,IncorrectFdbk,9.709568106
Per_Choice_208_rb.ept,IncorrectFdbk,4.429303604
Per_Choice_208_rb.ept,IncorrectFdbk,11.23081211
Per_Choice_208_rb.ept,IncorrectFdbk,9.446303242
Per_Choice_208_rb.ept,IncorrectFdbk,9.923185961
Per_Choice_208_rb.ept,IncorrectFdbk,12.52529199
Per_Choice_208_rb.ept,IncorrectFdbk,16.82355999
Per_Choice_208_rb.ept,IncorrectFdbk,9.513084644
Per_Choice_208_rb.ept,IncorrectFdbk,3.302629718
Per_Choice_208_rb.ept,IncorrectFdbk,0.272527501
Per_Choice_208_rb.ept,IncorrectFdbk,-0.602640182
Per_Choice_208_rb.ept,IncorrectFdbk,5.146596729
Per_Choice_208_rb.ept,IncorrectFdbk,12.87257854
Per_Choice_208_rb.ept,IncorrectFdbk,9.326884394
Per_Choice_208_rb.ept,IncorrectFdbk,0.751020303
Per_Choice_208_rb.ept,IncorrectFdbk,5.341716216
Per_Choice_208_rb.ept,IncorrectFdbk,14.12669403
Per_Choice_208_rb.ept,IncorrectFdbk,6.644780614
Per_Choice_208_rb.ept,IncorrectFdbk,15.80228787
Per_Choice_208_rb.ept,IncorrectFdbk,12.22119341
Per_Choice_208_rb.ept,IncorrectFdbk,6.282345952
Per_Choice_208_rb.ept,IncorrectFdbk,-0.969119633
Per_Choice_208_rb.ept,IncorrectFdbk,6.108694581
Per_Choice_209_rb.ept,CorrectFdbk,-3.469371975
Per_Choice_209_rb.ept,CorrectFdbk,1.602383954
Per_Choice_209_rb.ept,CorrectFdbk,-3.88569577
Per_Choice_209_rb.ept,CorrectFdbk,5.150644652
Per_Choice_209_rb.ept,CorrectFdbk,6.243295093
Per_Choice_209_rb.ept,CorrectFdbk,-5.942009325
Per_Choice_209_rb.ept,CorrectFdbk,7.363636504
Per_Choice_209_rb.ept,CorrectFdbk,5.11600502
Per_Choice_209_rb.ept,CorrectFdbk,-2.941446755
Per_Choice_209_rb.ept,CorrectFdbk,7.551359636
Per_Choice_209_rb.ept,CorrectFdbk,2.569481358
Per_Choice_209_rb.ept,CorrectFdbk,-3.063950399
Per_Choice_209_rb.ept,CorrectFdbk,5.382709611
Per_Choice_209_rb.ept,CorrectFdbk,9.742935764
Per_Choice_209_rb.ept,CorrectFdbk,0.11381624
Per_Choice_209_rb.ept,CorrectFdbk,4.103267677
Per_Choice_209_rb.ept,CorrectFdbk,-1.822459022
Per_Choice_209_rb.ept,CorrectFdbk,-2.099994955
Per_Choice_209_rb.ept,CorrectFdbk,10.16236451
Per_Choice_209_rb.ept,CorrectFdbk,7.48354349
Per_Choice_209_rb.ept,CorrectFdbk,-1.216175208
Per_Choice_209_rb.ept,CorrectFdbk,2.04191244
Per_Choice_209_rb.ept,CorrectFdbk,5.80197127
Per_Choice_209_rb.ept,CorrectFdbk,0.854979083
Per_Choice_209_rb.ept,CorrectFdbkFood,-3.627404075
Per_Choice_209_rb.ept,CorrectFdbkFood,5.060296506
Per_Choice_209_rb.ept,CorrectFdbkFood,6.886217537
Per_Choice_209_rb.ept,CorrectFdbkFood,7.241340729
Per_Choice_209_rb.ept,CorrectFdbkFood,4.448434207
Per_Choice_209_rb.ept,CorrectFdbkFood,-1.508771945
Per_Choice_209_rb.ept,CorrectFdbkFood,3.949276164
Per_Choice_209_rb.ept,CorrectFdbkFood,1.110887538
Per_Choice_209_rb.ept,CorrectFdbkFood,4.763555971
Per_Choice_209_rb.ept,CorrectFdbkFood,-0.799707614
Per_Choice_209_rb.ept,CorrectFdbkFood,-2.950854779
Per_Choice_209_rb.ept,CorrectFdbkFood,11.48029828
Per_Choice_209_rb.ept,CorrectFdbkFood,7.858895316
Per_Choice_209_rb.ept,CorrectFdbkFood,-1.447230623
Per_Choice_209_rb.ept,CorrectFdbkFood,3.685287531
Per_Choice_209_rb.ept,CorrectFdbkFood,6.702875211
Per_Choice_209_rb.ept,CorrectFdbkFood,0.915324647
Per_Choice_209_rb.ept,IncorrectFdbk,3.55939452
Per_Choice_209_rb.ept,IncorrectFdbk,10.11177233
Per_Choice_209_rb.ept,IncorrectFdbk,3.942244123
Per_Choice_209_rb.ept,IncorrectFdbk,2.043457207
Per_Choice_209_rb.ept,IncorrectFdbk,1.324187804
Per_Choice_209_rb.ept,IncorrectFdbk,3.133712991
Per_Choice_209_rb.ept,IncorrectFdbk,4.396472096
Per_Choice_209_rb.ept,IncorrectFdbk,12.86620583
Per_Choice_209_rb.ept,IncorrectFdbk,7.539351462
Per_Choice_209_rb.ept,IncorrectFdbk,9.306502099
Per_Choice_209_rb.ept,IncorrectFdbk,-2.403727618
Per_Choice_209_rb.ept,IncorrectFdbk,1.500503969
Per_Choice_209_rb.ept,IncorrectFdbk,3.277783273
Per_Choice_209_rb.ept,IncorrectFdbk,8.40929969
Per_Choice_209_rb.ept,IncorrectFdbk,8.597708457
Per_Choice_209_rb.ept,IncorrectFdbk,1.196123058
Per_Choice_209_rb.ept,IncorrectFdbk,6.841195887
Per_Choice_209_rb.ept,IncorrectFdbk,0.718289244
Per_Choice_209_rb.ept,IncorrectFdbk,-0.932783221
Per_Choice_209_rb.ept,IncorrectFdbk,3.205497965
Per_Choice_209_rb.ept,IncorrectFdbk,1.04431962
Per_Choice_209_rb.ept,IncorrectFdbk,7.69205984
Per_Choice_210_rb.ept,CorrectFdbk,8.761113481
Per_Choice_210_rb.ept,CorrectFdbk,7.384338774
Per_Choice_210_rb.ept,CorrectFdbk,3.384303573
Per_Choice_210_rb.ept,CorrectFdbk,-0.543531734
Per_Choice_210_rb.ept,CorrectFdbk,3.205459339
Per_Choice_210_rb.ept,CorrectFdbk,-1.138867523
Per_Choice_210_rb.ept,CorrectFdbk,3.134737422
Per_Choice_210_rb.ept,CorrectFdbk,-1.412238273
Per_Choice_210_rb.ept,CorrectFdbk,2.995601014
Per_Choice_210_rb.ept,CorrectFdbk,5.251864314
Per_Choice_210_rb.ept,CorrectFdbk,-0.652130198
Per_Choice_210_rb.ept,CorrectFdbk,3.013401589
Per_Choice_210_rb.ept,CorrectFdbk,4.022789676
Per_Choice_210_rb.ept,CorrectFdbk,0.883414625
Per_Choice_210_rb.ept,CorrectFdbk,2.466452635
Per_Choice_210_rb.ept,CorrectFdbk,1.677596941
Per_Choice_210_rb.ept,CorrectFdbk,4.296082786
Per_Choice_210_rb.ept,CorrectFdbk,4.550840362
Per_Choice_210_rb.ept,CorrectFdbk,5.749160812
Per_Choice_210_rb.ept,CorrectFdbk,-0.798138824
Per_Choice_210_rb.ept,CorrectFdbk,0.726021379
Per_Choice_210_rb.ept,CorrectFdbk,2.778023197
Per_Choice_210_rb.ept,CorrectFdbk,0.634974132
Per_Choice_210_rb.ept,CorrectFdbk,-2.321531463
Per_Choice_210_rb.ept,CorrectFdbkFood,8.285663936
Per_Choice_210_rb.ept,CorrectFdbkFood,5.243059957
Per_Choice_210_rb.ept,CorrectFdbkFood,-1.755902605
Per_Choice_210_rb.ept,CorrectFdbkFood,3.784096013
Per_Choice_210_rb.ept,CorrectFdbkFood,-1.61472685
Per_Choice_210_rb.ept,CorrectFdbkFood,4.198814976
Per_Choice_210_rb.ept,CorrectFdbkFood,2.720779715
Per_Choice_210_rb.ept,CorrectFdbkFood,4.680250865
Per_Choice_210_rb.ept,CorrectFdbkFood,3.886935022
Per_Choice_210_rb.ept,CorrectFdbkFood,1.195960496
Per_Choice_210_rb.ept,CorrectFdbkFood,5.271650472
Per_Choice_210_rb.ept,CorrectFdbkFood,0.051789137
Per_Choice_210_rb.ept,CorrectFdbkFood,-0.600218514
Per_Choice_210_rb.ept,CorrectFdbkFood,3.032581402
Per_Choice_210_rb.ept,CorrectFdbkFood,1.279911276
Per_Choice_210_rb.ept,IncorrectFdbk,0.933513013
Per_Choice_210_rb.ept,IncorrectFdbk,4.374048581
Per_Choice_210_rb.ept,IncorrectFdbk,3.665430866
Per_Choice_210_rb.ept,IncorrectFdbk,7.93783661
Per_Choice_210_rb.ept,IncorrectFdbk,3.261537824
Per_Choice_210_rb.ept,IncorrectFdbk,-1.201249589
Per_Choice_210_rb.ept,IncorrectFdbk,8.0594683
Per_Choice_210_rb.ept,IncorrectFdbk,-1.695594443
Per_Choice_210_rb.ept,IncorrectFdbk,2.117058162
Per_Choice_210_rb.ept,IncorrectFdbk,0.795162512
Per_Choice_210_rb.ept,IncorrectFdbk,-1.613884888
Per_Choice_210_rb.ept,IncorrectFdbk,-1.521934856
Per_Choice_210_rb.ept,IncorrectFdbk,3.037331671
Per_Choice_210_rb.ept,IncorrectFdbk,-1.827289272
Per_Choice_210_rb.ept,IncorrectFdbk,-1.620189948
Per_Choice_210_rb.ept,IncorrectFdbk,-4.473857407
Per_Choice_210_rb.ept,IncorrectFdbk,5.587166896
Per_Choice_210_rb.ept,IncorrectFdbk,0.311051969
Per_Choice_210_rb.ept,IncorrectFdbk,-2.138699111
Per_Choice_210_rb.ept,IncorrectFdbk,7.422884979
Per_Choice_210_rb.ept,IncorrectFdbk,9.167317339
Per_Choice_210_rb.ept,IncorrectFdbk,-3.266493305
Per_Choice_210_rb.ept,IncorrectFdbk,10.37515787
Per_Choice_211_rb.ept,CorrectFdbk,0.392031794
Per_Choice_211_rb.ept,CorrectFdbk,8.665246001
Per_Choice_211_rb.ept,CorrectFdbk,-0.958177459
Per_Choice_211_rb.ept,CorrectFdbk,5.311902117
Per_Choice_211_rb.ept,CorrectFdbk,3.826493631
Per_Choice_211_rb.ept,CorrectFdbk,-2.900950571
Per_Choice_211_rb.ept,CorrectFdbk,-5.101101124
Per_Choice_211_rb.ept,CorrectFdbk,0.076604605
Per_Choice_211_rb.ept,CorrectFdbk,6.285172329
Per_Choice_211_rb.ept,CorrectFdbk,5.798543101
Per_Choice_211_rb.ept,CorrectFdbk,4.391817257
Per_Choice_211_rb.ept,CorrectFdbk,4.472378537
Per_Choice_211_rb.ept,CorrectFdbk,1.75861199
Per_Choice_211_rb.ept,CorrectFdbk,-2.071601977
Per_Choice_211_rb.ept,CorrectFdbk,2.494257877
Per_Choice_211_rb.ept,CorrectFdbk,4.499507243
Per_Choice_211_rb.ept,CorrectFdbkFood,4.685484546
Per_Choice_211_rb.ept,CorrectFdbkFood,-2.465426876
Per_Choice_211_rb.ept,CorrectFdbkFood,-5.96042709
Per_Choice_211_rb.ept,CorrectFdbkFood,1.25422517
Per_Choice_211_rb.ept,CorrectFdbkFood,4.732786304
Per_Choice_211_rb.ept,CorrectFdbkFood,3.766480848
Per_Choice_211_rb.ept,CorrectFdbkFood,3.070316375
Per_Choice_211_rb.ept,CorrectFdbkFood,-2.324340993
Per_Choice_211_rb.ept,CorrectFdbkFood,3.651999428
Per_Choice_211_rb.ept,IncorrectFdbk,1.486404883
Per_Choice_211_rb.ept,IncorrectFdbk,-0.584313314
Per_Choice_211_rb.ept,IncorrectFdbk,-1.036713506
Per_Choice_211_rb.ept,IncorrectFdbk,0.815086859
Per_Choice_211_rb.ept,IncorrectFdbk,2.923714473
Per_Choice_211_rb.ept,IncorrectFdbk,-0.402057871
Per_Choice_211_rb.ept,IncorrectFdbk,8.821167856
Per_Choice_211_rb.ept,IncorrectFdbk,-0.237924433
Per_Choice_211_rb.ept,IncorrectFdbk,-5.677573287
Per_Choice_211_rb.ept,IncorrectFdbk,-5.320181213
Per_Choice_211_rb.ept,IncorrectFdbk,-4.726436818
Per_Choice_211_rb.ept,IncorrectFdbk,-0.216052682
Per_Choice_211_rb.ept,IncorrectFdbk,0.684780127
Per_Choice_211_rb.ept,IncorrectFdbk,2.192303284
Per_Choice_211_rb.ept,IncorrectFdbk,-1.495526223
Per_Choice_211_rb.ept,IncorrectFdbk,2.864936479
Per_Choice_211_rb.ept,IncorrectFdbk,-3.807628898
Per_Choice_212_rb.ept,CorrectFdbk,5.994508143
Per_Choice_212_rb.ept,CorrectFdbk,4.834184455
Per_Choice_212_rb.ept,CorrectFdbk,1.303421363
Per_Choice_212_rb.ept,CorrectFdbk,7.277313853
Per_Choice_212_rb.ept,CorrectFdbk,1.17521332
Per_Choice_212_rb.ept,CorrectFdbk,8.462539287
Per_Choice_212_rb.ept,CorrectFdbk,9.31628611
Per_Choice_212_rb.ept,CorrectFdbk,15.37700259
Per_Choice_212_rb.ept,CorrectFdbk,7.178765609
Per_Choice_212_rb.ept,CorrectFdbk,10.68388554
Per_Choice_212_rb.ept,CorrectFdbk,7.8493389
Per_Choice_212_rb.ept,CorrectFdbk,4.899515694
Per_Choice_212_rb.ept,CorrectFdbk,21.00672234
Per_Choice_212_rb.ept,CorrectFdbk,1.740568278
Per_Choice_212_rb.ept,CorrectFdbk,8.374181344
Per_Choice_212_rb.ept,CorrectFdbk,1.879531615
Per_Choice_212_rb.ept,CorrectFdbk,4.347243019
Per_Choice_212_rb.ept,CorrectFdbk,3.852167479
Per_Choice_212_rb.ept,CorrectFdbk,8.865119841
Per_Choice_212_rb.ept,CorrectFdbk,7.324660353
Per_Choice_212_rb.ept,CorrectFdbk,6.646934567
Per_Choice_212_rb.ept,CorrectFdbk,6.061706133
Per_Choice_212_rb.ept,CorrectFdbkFood,5.738556162
Per_Choice_212_rb.ept,CorrectFdbkFood,1.664926574
Per_Choice_212_rb.ept,CorrectFdbkFood,7.429738539
Per_Choice_212_rb.ept,CorrectFdbkFood,10.36797488
Per_Choice_212_rb.ept,CorrectFdbkFood,15.40621903
Per_Choice_212_rb.ept,CorrectFdbkFood,6.504157206
Per_Choice_212_rb.ept,CorrectFdbkFood,10.21369364
Per_Choice_212_rb.ept,CorrectFdbkFood,5.182650126
Per_Choice_212_rb.ept,CorrectFdbkFood,21.14928055
Per_Choice_212_rb.ept,CorrectFdbkFood,1.983296888
Per_Choice_212_rb.ept,CorrectFdbkFood,9.183001142
Per_Choice_212_rb.ept,CorrectFdbkFood,1.691828882
Per_Choice_212_rb.ept,CorrectFdbkFood,4.237012071
Per_Choice_212_rb.ept,CorrectFdbkFood,4.108300718
Per_Choice_212_rb.ept,CorrectFdbkFood,9.074528309
Per_Choice_212_rb.ept,CorrectFdbkFood,6.701617684
Per_Choice_212_rb.ept,IncorrectFdbk,8.328385186
Per_Choice_212_rb.ept,IncorrectFdbk,12.29290691
Per_Choice_212_rb.ept,IncorrectFdbk,4.316551185
Per_Choice_212_rb.ept,IncorrectFdbk,5.600344287
Per_Choice_212_rb.ept,IncorrectFdbk,6.653222138
Per_Choice_212_rb.ept,IncorrectFdbk,19.21584517
Per_Choice_212_rb.ept,IncorrectFdbk,4.765613157
Per_Choice_212_rb.ept,IncorrectFdbk,23.0222235
Per_Choice_212_rb.ept,IncorrectFdbk,12.85884358
Per_Choice_212_rb.ept,IncorrectFdbk,11.92081847
Per_Choice_212_rb.ept,IncorrectFdbk,4.752756762
Per_Choice_212_rb.ept,IncorrectFdbk,4.31472535
Per_Choice_212_rb.ept,IncorrectFdbk,12.83300324
Per_Choice_212_rb.ept,IncorrectFdbk,5.823525727
Per_Choice_212_rb.ept,IncorrectFdbk,-2.114370665
Per_Choice_212_rb.ept,IncorrectFdbk,7.129356655
Per_Choice_212_rb.ept,IncorrectFdbk,-0.779735698
Per_Choice_212_rb.ept,IncorrectFdbk,12.13714975
Per_Choice_212_rb.ept,IncorrectFdbk,7.563057184
Per_Choice_212_rb.ept,IncorrectFdbk,15.79606656
Per_Choice_212_rb.ept,IncorrectFdbk,8.595340981
Per_Choice_213_rb.ept,CorrectFdbk,6.917774518
Per_Choice_213_rb.ept,CorrectFdbk,6.272162087
Per_Choice_213_rb.ept,CorrectFdbk,8.575416761
Per_Choice_213_rb.ept,CorrectFdbk,-4.39371038
Per_Choice_213_rb.ept,CorrectFdbk,6.600391092
Per_Choice_213_rb.ept,CorrectFdbk,6.448258761
Per_Choice_213_rb.ept,CorrectFdbk,6.400922111
Per_Choice_213_rb.ept,CorrectFdbk,-2.418956872
Per_Choice_213_rb.ept,CorrectFdbk,1.943672954
Per_Choice_213_rb.ept,CorrectFdbk,3.62821834
Per_Choice_213_rb.ept,CorrectFdbk,4.534158085
Per_Choice_213_rb.ept,CorrectFdbk,5.062722326
Per_Choice_213_rb.ept,CorrectFdbk,-1.523338177
Per_Choice_213_rb.ept,CorrectFdbk,1.494384624
Per_Choice_213_rb.ept,CorrectFdbk,2.521903308
Per_Choice_213_rb.ept,CorrectFdbk,11.15108468
Per_Choice_213_rb.ept,CorrectFdbk,-2.971807309
Per_Choice_213_rb.ept,CorrectFdbk,10.40174866
Per_Choice_213_rb.ept,CorrectFdbk,8.661615246
Per_Choice_213_rb.ept,CorrectFdbk,5.797938611
Per_Choice_213_rb.ept,CorrectFdbk,4.573018526
Per_Choice_213_rb.ept,CorrectFdbk,0.296031997
Per_Choice_213_rb.ept,CorrectFdbk,0.950098099
Per_Choice_213_rb.ept,CorrectFdbk,-5.001102691
Per_Choice_213_rb.ept,CorrectFdbk,-4.922136904
Per_Choice_213_rb.ept,CorrectFdbkFood,7.708359605
Per_Choice_213_rb.ept,CorrectFdbkFood,-3.524097453
Per_Choice_213_rb.ept,CorrectFdbkFood,-2.123632333
Per_Choice_213_rb.ept,CorrectFdbkFood,2.666261452
Per_Choice_213_rb.ept,CorrectFdbkFood,4.479127314
Per_Choice_213_rb.ept,CorrectFdbkFood,5.382829159
Per_Choice_213_rb.ept,CorrectFdbkFood,-1.218760547
Per_Choice_213_rb.ept,CorrectFdbkFood,2.276630136
Per_Choice_213_rb.ept,CorrectFdbkFood,10.51582133
Per_Choice_213_rb.ept,CorrectFdbkFood,9.025376358
Per_Choice_213_rb.ept,CorrectFdbkFood,6.228737182
Per_Choice_213_rb.ept,CorrectFdbkFood,4.068031989
Per_Choice_213_rb.ept,CorrectFdbkFood,-0.264246366
Per_Choice_213_rb.ept,CorrectFdbkFood,2.363636773
Per_Choice_213_rb.ept,CorrectFdbkFood,-4.640711304
Per_Choice_213_rb.ept,IncorrectFdbk,5.803567808
Per_Choice_213_rb.ept,IncorrectFdbk,4.727188885
Per_Choice_213_rb.ept,IncorrectFdbk,6.419175406
Per_Choice_213_rb.ept,IncorrectFdbk,6.968198423
Per_Choice_213_rb.ept,IncorrectFdbk,5.958019534
Per_Choice_213_rb.ept,IncorrectFdbk,4.684794389
Per_Choice_213_rb.ept,IncorrectFdbk,2.389435954
Per_Choice_213_rb.ept,IncorrectFdbk,1.474754995
Per_Choice_213_rb.ept,IncorrectFdbk,-3.514818029
Per_Choice_213_rb.ept,IncorrectFdbk,7.989095872
Per_Choice_213_rb.ept,IncorrectFdbk,5.792484712
Per_Choice_213_rb.ept,IncorrectFdbk,1.030923501
Per_Choice_213_rb.ept,IncorrectFdbk,-1.446310383
Per_Choice_213_rb.ept,IncorrectFdbk,6.789023856
Per_Choice_213_rb.ept,IncorrectFdbk,-2.684530348
Per_Choice_213_rb.ept,IncorrectFdbk,4.111706317
Per_Choice_213_rb.ept,IncorrectFdbk,5.893302218
Per_Choice_213_rb.ept,IncorrectFdbk,4.238358689
Per_Choice_213_rb.ept,IncorrectFdbk,2.983536385
Per_Choice_213_rb.ept,IncorrectFdbk,-4.959458682
Per_Choice_213_rb.ept,IncorrectFdbk,3.791162868
Per_Choice_213_rb.ept,IncorrectFdbk,2.612601512
Per_Choice_213_rb.ept,IncorrectFdbk,-2.730653137
Per_Choice_213_rb.ept,IncorrectFdbk,10.06503004
Per_Choice_213_rb.ept,IncorrectFdbk,0.518819868
Per_Choice_214_rb.ept,CorrectFdbk,9.728486095
Per_Choice_214_rb.ept,CorrectFdbk,2.686718077
Per_Choice_214_rb.ept,CorrectFdbk,-12.86669942
Per_Choice_214_rb.ept,CorrectFdbk,-0.998318458
Per_Choice_214_rb.ept,CorrectFdbk,0.382076312
Per_Choice_214_rb.ept,CorrectFdbk,2.44825658
Per_Choice_214_rb.ept,CorrectFdbk,-0.009811037
Per_Choice_214_rb.ept,CorrectFdbk,1.829226197
Per_Choice_214_rb.ept,CorrectFdbk,2.478447225
Per_Choice_214_rb.ept,CorrectFdbk,2.787877942
Per_Choice_214_rb.ept,CorrectFdbk,-0.979978869
Per_Choice_214_rb.ept,CorrectFdbk,-1.946552011
Per_Choice_214_rb.ept,CorrectFdbk,2.236319316
Per_Choice_214_rb.ept,CorrectFdbk,3.783234667
Per_Choice_214_rb.ept,CorrectFdbk,4.054560183
Per_Choice_214_rb.ept,CorrectFdbk,3.271282346
Per_Choice_214_rb.ept,CorrectFdbk,1.081802568
Per_Choice_214_rb.ept,CorrectFdbk,1.425216952
Per_Choice_214_rb.ept,CorrectFdbk,-8.009497738
Per_Choice_214_rb.ept,CorrectFdbk,4.00365024
Per_Choice_214_rb.ept,CorrectFdbk,-2.625886167
Per_Choice_214_rb.ept,CorrectFdbk,6.575298373
Per_Choice_214_rb.ept,CorrectFdbkFood,2.870273019
Per_Choice_214_rb.ept,CorrectFdbkFood,0.149651622
Per_Choice_214_rb.ept,CorrectFdbkFood,1.35541334
Per_Choice_214_rb.ept,CorrectFdbkFood,3.153906758
Per_Choice_214_rb.ept,CorrectFdbkFood,-1.302013625
Per_Choice_214_rb.ept,CorrectFdbkFood,-2.282476135
Per_Choice_214_rb.ept,CorrectFdbkFood,2.630162664
Per_Choice_214_rb.ept,CorrectFdbkFood,3.743137411
Per_Choice_214_rb.ept,CorrectFdbkFood,2.27213586
Per_Choice_214_rb.ept,CorrectFdbkFood,2.9739232
Per_Choice_214_rb.ept,CorrectFdbkFood,-1.549967257
Per_Choice_214_rb.ept,CorrectFdbkFood,8.658290622
Per_Choice_214_rb.ept,IncorrectFdbk,1.707137492
Per_Choice_214_rb.ept,IncorrectFdbk,9.543410992
Per_Choice_214_rb.ept,IncorrectFdbk,6.348790465
Per_Choice_214_rb.ept,IncorrectFdbk,-2.965833131
Per_Choice_214_rb.ept,IncorrectFdbk,4.642667444
Per_Choice_214_rb.ept,IncorrectFdbk,6.312779839
Per_Choice_214_rb.ept,IncorrectFdbk,-0.78404889
Per_Choice_214_rb.ept,IncorrectFdbk,1.353609437
Per_Choice_214_rb.ept,IncorrectFdbk,0.242936516
Per_Choice_214_rb.ept,IncorrectFdbk,-1.244806889
Per_Choice_214_rb.ept,IncorrectFdbk,-0.124773641
Per_Choice_214_rb.ept,IncorrectFdbk,2.205356235
Per_Choice_214_rb.ept,IncorrectFdbk,0.307624665
Per_Choice_214_rb.ept,IncorrectFdbk,-3.03012712
Per_Choice_214_rb.ept,IncorrectFdbk,4.608625913
Per_Choice_214_rb.ept,IncorrectFdbk,-4.78795484
Per_Choice_214_rb.ept,IncorrectFdbk,3.885795901
Per_Choice_214_rb.ept,IncorrectFdbk,-4.561609249
Per_Choice_214_rb.ept,IncorrectFdbk,-3.048179753
Per_Choice_215_rb.ept,CorrectFdbk,1.927339182
Per_Choice_215_rb.ept,CorrectFdbk,2.486381826
Per_Choice_215_rb.ept,CorrectFdbk,-2.040900182
Per_Choice_215_rb.ept,CorrectFdbk,2.023804725
Per_Choice_215_rb.ept,CorrectFdbk,1.542958141
Per_Choice_215_rb.ept,CorrectFdbk,5.939417497
Per_Choice_215_rb.ept,CorrectFdbk,7.711256332
Per_Choice_215_rb.ept,CorrectFdbk,6.026878995
Per_Choice_215_rb.ept,CorrectFdbk,5.31633802
Per_Choice_215_rb.ept,CorrectFdbk,1.251857626
Per_Choice_215_rb.ept,CorrectFdbk,-2.242020544
Per_Choice_215_rb.ept,CorrectFdbk,-2.351466853
Per_Choice_215_rb.ept,CorrectFdbk,-3.67124428
Per_Choice_215_rb.ept,CorrectFdbk,10.47812962
Per_Choice_215_rb.ept,CorrectFdbk,8.782015135
Per_Choice_215_rb.ept,CorrectFdbk,6.065635769
Per_Choice_215_rb.ept,CorrectFdbk,3.263732208
Per_Choice_215_rb.ept,CorrectFdbk,11.05847274
Per_Choice_215_rb.ept,CorrectFdbk,15.67036951
Per_Choice_215_rb.ept,CorrectFdbk,10.37944956
Per_Choice_215_rb.ept,CorrectFdbk,4.949515751
Per_Choice_215_rb.ept,CorrectFdbkFood,2.124718243
Per_Choice_215_rb.ept,CorrectFdbkFood,1.512684092
Per_Choice_215_rb.ept,CorrectFdbkFood,-1.331511337
Per_Choice_215_rb.ept,CorrectFdbkFood,5.555229794
Per_Choice_215_rb.ept,CorrectFdbkFood,-2.95506463
Per_Choice_215_rb.ept,CorrectFdbkFood,-1.425001712
Per_Choice_215_rb.ept,CorrectFdbkFood,11.54258252
Per_Choice_215_rb.ept,CorrectFdbkFood,2.372320107
Per_Choice_215_rb.ept,CorrectFdbkFood,11.23866782
Per_Choice_215_rb.ept,CorrectFdbkFood,16.19640827
Per_Choice_215_rb.ept,CorrectFdbkFood,10.61089514
Per_Choice_215_rb.ept,IncorrectFdbk,-6.562475149
Per_Choice_215_rb.ept,IncorrectFdbk,-2.045374756
Per_Choice_215_rb.ept,IncorrectFdbk,-3.661375783
Per_Choice_215_rb.ept,IncorrectFdbk,9.585248345
Per_Choice_215_rb.ept,IncorrectFdbk,-0.487227586
Per_Choice_215_rb.ept,IncorrectFdbk,-1.399690198
Per_Choice_215_rb.ept,IncorrectFdbk,-0.447051819
Per_Choice_215_rb.ept,IncorrectFdbk,1.814317145
Per_Choice_215_rb.ept,IncorrectFdbk,2.680685374
Per_Choice_215_rb.ept,IncorrectFdbk,1.212047347
Per_Choice_215_rb.ept,IncorrectFdbk,-1.260062829
Per_Choice_215_rb.ept,IncorrectFdbk,2.065055294
Per_Choice_215_rb.ept,IncorrectFdbk,-1.777864589
Per_Choice_215_rb.ept,IncorrectFdbk,8.104818082
Per_Choice_215_rb.ept,IncorrectFdbk,0.511276299
Per_Choice_215_rb.ept,IncorrectFdbk,-0.779025483
Per_Choice_215_rb.ept,IncorrectFdbk,1.013835364
Per_Choice_215_rb.ept,IncorrectFdbk,-4.339848927
Per_Choice_215_rb.ept,IncorrectFdbk,4.399160333
Per_Choice_216_rb.ept,CorrectFdbk,1.688271234
Per_Choice_216_rb.ept,CorrectFdbk,-4.581570498
Per_Choice_216_rb.ept,CorrectFdbk,-0.160004961
Per_Choice_216_rb.ept,CorrectFdbk,-3.120384756
Per_Choice_216_rb.ept,CorrectFdbk,5.403428262
Per_Choice_216_rb.ept,CorrectFdbk,4.782540869
Per_Choice_216_rb.ept,CorrectFdbk,9.555472587
Per_Choice_216_rb.ept,CorrectFdbk,3.238116896
Per_Choice_216_rb.ept,CorrectFdbk,-1.289711306
Per_Choice_216_rb.ept,CorrectFdbk,1.132890947
Per_Choice_216_rb.ept,CorrectFdbk,3.309455885
Per_Choice_216_rb.ept,CorrectFdbk,-1.857565533
Per_Choice_216_rb.ept,CorrectFdbk,-4.063894749
Per_Choice_216_rb.ept,CorrectFdbk,1.39711196
Per_Choice_216_rb.ept,CorrectFdbk,1.940225764
Per_Choice_216_rb.ept,CorrectFdbk,2.1221959
Per_Choice_216_rb.ept,CorrectFdbkFood,-0.15520304
Per_Choice_216_rb.ept,CorrectFdbkFood,-4.698407591
Per_Choice_216_rb.ept,CorrectFdbkFood,2.107710568
Per_Choice_216_rb.ept,CorrectFdbkFood,6.266749108
Per_Choice_216_rb.ept,CorrectFdbkFood,5.719210678
Per_Choice_216_rb.ept,CorrectFdbkFood,3.063874374
Per_Choice_216_rb.ept,CorrectFdbkFood,-1.151177667
Per_Choice_216_rb.ept,CorrectFdbkFood,-4.194393492
Per_Choice_216_rb.ept,CorrectFdbkFood,2.956970902
Per_Choice_216_rb.ept,CorrectFdbkFood,3.691390404
Per_Choice_216_rb.ept,IncorrectFdbk,4.541327279
Per_Choice_216_rb.ept,IncorrectFdbk,1.282174104
Per_Choice_216_rb.ept,IncorrectFdbk,4.844797863
Per_Choice_216_rb.ept,IncorrectFdbk,-0.30155774
Per_Choice_216_rb.ept,IncorrectFdbk,0.192675066
Per_Choice_216_rb.ept,IncorrectFdbk,-1.806546837
Per_Choice_216_rb.ept,IncorrectFdbk,-8.017593818
Per_Choice_216_rb.ept,IncorrectFdbk,-1.801818959
Per_Choice_216_rb.ept,IncorrectFdbk,6.904493522
Per_Choice_216_rb.ept,IncorrectFdbk,0.598292523
Per_Choice_216_rb.ept,IncorrectFdbk,8.757492105
Per_Choice_216_rb.ept,IncorrectFdbk,-0.706517788
Per_Choice_216_rb.ept,IncorrectFdbk,-0.868698342
Per_Choice_216_rb.ept,IncorrectFdbk,1.019645643
Per_Choice_216_rb.ept,IncorrectFdbk,-0.86301878
Per_Choice_216_rb.ept,IncorrectFdbk,-0.865202577
Per_Choice_216_rb.ept,IncorrectFdbk,-0.495392375
Per_Choice_217_rb.ept,CorrectFdbk,11.16824943
Per_Choice_217_rb.ept,CorrectFdbk,11.88114622
Per_Choice_217_rb.ept,CorrectFdbk,17.99947562
Per_Choice_217_rb.ept,CorrectFdbk,11.94920851
Per_Choice_217_rb.ept,CorrectFdbk,4.166768162
Per_Choice_217_rb.ept,CorrectFdbk,4.905615561
Per_Choice_217_rb.ept,CorrectFdbk,9.56734754
Per_Choice_217_rb.ept,CorrectFdbk,4.006922091
Per_Choice_217_rb.ept,CorrectFdbk,8.284747942
Per_Choice_217_rb.ept,CorrectFdbk,10.21615908
Per_Choice_217_rb.ept,CorrectFdbk,7.677182688
Per_Choice_217_rb.ept,CorrectFdbk,14.97548883
Per_Choice_217_rb.ept,CorrectFdbk,12.08029206
Per_Choice_217_rb.ept,CorrectFdbk,25.3131809
Per_Choice_217_rb.ept,CorrectFdbk,13.95339205
Per_Choice_217_rb.ept,CorrectFdbk,23.26692201
Per_Choice_217_rb.ept,CorrectFdbk,16.18420275
Per_Choice_217_rb.ept,CorrectFdbk,4.979764725
Per_Choice_217_rb.ept,CorrectFdbk,21.85064274
Per_Choice_217_rb.ept,CorrectFdbk,9.349240076
Per_Choice_217_rb.ept,CorrectFdbk,2.976795496
Per_Choice_217_rb.ept,CorrectFdbk,2.529673513
Per_Choice_217_rb.ept,CorrectFdbk,2.076404196
Per_Choice_217_rb.ept,CorrectFdbk,7.169714471
Per_Choice_217_rb.ept,CorrectFdbkFood,11.81787814
Per_Choice_217_rb.ept,CorrectFdbkFood,18.27696551
Per_Choice_217_rb.ept,CorrectFdbkFood,9.011345016
Per_Choice_217_rb.ept,CorrectFdbkFood,6.06796552
Per_Choice_217_rb.ept,CorrectFdbkFood,8.43768639
Per_Choice_217_rb.ept,CorrectFdbkFood,10.39049266
Per_Choice_217_rb.ept,CorrectFdbkFood,12.83308287
Per_Choice_217_rb.ept,CorrectFdbkFood,14.92261982
Per_Choice_217_rb.ept,CorrectFdbkFood,27.23108347
Per_Choice_217_rb.ept,CorrectFdbkFood,12.69441369
Per_Choice_217_rb.ept,CorrectFdbkFood,24.551574
Per_Choice_217_rb.ept,CorrectFdbkFood,5.008855408
Per_Choice_217_rb.ept,IncorrectFdbk,1.750620895
Per_Choice_217_rb.ept,IncorrectFdbk,1.68285855
Per_Choice_217_rb.ept,IncorrectFdbk,5.65646472
Per_Choice_217_rb.ept,IncorrectFdbk,3.839689285
Per_Choice_217_rb.ept,IncorrectFdbk,5.081748416
Per_Choice_217_rb.ept,IncorrectFdbk,13.04272938
Per_Choice_217_rb.ept,IncorrectFdbk,10.64829943
Per_Choice_217_rb.ept,IncorrectFdbk,0.012974415
Per_Choice_217_rb.ept,IncorrectFdbk,12.63182674
Per_Choice_217_rb.ept,IncorrectFdbk,11.001691
Per_Choice_217_rb.ept,IncorrectFdbk,9.786245147
Per_Choice_217_rb.ept,IncorrectFdbk,8.433018895
Per_Choice_217_rb.ept,IncorrectFdbk,11.75517465
Per_Choice_217_rb.ept,IncorrectFdbk,11.86042164
Per_Choice_218_rb.ept,CorrectFdbk,6.554368582
Per_Choice_218_rb.ept,CorrectFdbk,5.737664355
Per_Choice_218_rb.ept,CorrectFdbk,6.694082183
Per_Choice_218_rb.ept,CorrectFdbk,13.72214921
Per_Choice_218_rb.ept,CorrectFdbk,0.673388568
Per_Choice_218_rb.ept,CorrectFdbk,7.316916898
Per_Choice_218_rb.ept,CorrectFdbk,17.52220159
Per_Choice_218_rb.ept,CorrectFdbk,8.97180621
Per_Choice_218_rb.ept,CorrectFdbk,8.366836781
Per_Choice_218_rb.ept,CorrectFdbk,5.118584628
Per_Choice_218_rb.ept,CorrectFdbk,12.60736238
Per_Choice_218_rb.ept,CorrectFdbk,13.78925328
Per_Choice_218_rb.ept,CorrectFdbk,6.044901204
Per_Choice_218_rb.ept,CorrectFdbk,13.46483741
Per_Choice_218_rb.ept,CorrectFdbkFood,9.856826554
Per_Choice_218_rb.ept,CorrectFdbkFood,8.050290962
Per_Choice_218_rb.ept,CorrectFdbkFood,15.82371449
Per_Choice_218_rb.ept,CorrectFdbkFood,2.376166615
Per_Choice_218_rb.ept,CorrectFdbkFood,6.054970105
Per_Choice_218_rb.ept,CorrectFdbkFood,3.117537031
Per_Choice_218_rb.ept,CorrectFdbkFood,14.68435742
Per_Choice_218_rb.ept,CorrectFdbkFood,5.408266647
Per_Choice_218_rb.ept,CorrectFdbkFood,14.56625361
Per_Choice_218_rb.ept,IncorrectFdbk,2.317058513
Per_Choice_218_rb.ept,IncorrectFdbk,3.393570053
Per_Choice_218_rb.ept,IncorrectFdbk,-1.049027919
Per_Choice_218_rb.ept,IncorrectFdbk,5.436017339
Per_Choice_218_rb.ept,IncorrectFdbk,9.08130942
Per_Choice_218_rb.ept,IncorrectFdbk,2.93385132
Per_Choice_218_rb.ept,IncorrectFdbk,11.71682075
Per_Choice_218_rb.ept,IncorrectFdbk,4.496477848
Per_Choice_218_rb.ept,IncorrectFdbk,-1.50086727
Per_Choice_218_rb.ept,IncorrectFdbk,-0.896089881
Per_Choice_218_rb.ept,IncorrectFdbk,10.18432926
Per_Choice_218_rb.ept,IncorrectFdbk,6.428531401
Per_Choice_218_rb.ept,IncorrectFdbk,1.765041693
Per_Choice_218_rb.ept,IncorrectFdbk,7.924365859
Per_Choice_218_rb.ept,IncorrectFdbk,8.117250402
Per_Choice_218_rb.ept,IncorrectFdbk,13.19908929
Per_Choice_219_rb.ept,CorrectFdbk,4.51471244
Per_Choice_219_rb.ept,CorrectFdbk,1.581645995
Per_Choice_219_rb.ept,CorrectFdbk,-5.100513843
Per_Choice_219_rb.ept,CorrectFdbk,-0.927352159
Per_Choice_219_rb.ept,CorrectFdbk,3.386915098
Per_Choice_219_rb.ept,CorrectFdbk,2.051289406
Per_Choice_219_rb.ept,CorrectFdbk,2.571002402
Per_Choice_219_rb.ept,CorrectFdbk,2.761649686
Per_Choice_219_rb.ept,CorrectFdbk,-0.011885024
Per_Choice_219_rb.ept,CorrectFdbk,-1.113833887
Per_Choice_219_rb.ept,CorrectFdbk,3.560817588
Per_Choice_219_rb.ept,CorrectFdbk,0.632170173
Per_Choice_219_rb.ept,CorrectFdbk,6.277222591
Per_Choice_219_rb.ept,CorrectFdbk,-4.123151089
Per_Choice_219_rb.ept,CorrectFdbk,10.77615356
Per_Choice_219_rb.ept,CorrectFdbk,-1.186397195
Per_Choice_219_rb.ept,CorrectFdbk,-1.86740931
Per_Choice_219_rb.ept,CorrectFdbk,9.60423941
Per_Choice_219_rb.ept,CorrectFdbk,3.301299021
Per_Choice_219_rb.ept,CorrectFdbk,7.023043559
Per_Choice_219_rb.ept,CorrectFdbk,-5.438020449
Per_Choice_219_rb.ept,CorrectFdbk,6.10358381
Per_Choice_219_rb.ept,CorrectFdbk,-5.373555556
Per_Choice_219_rb.ept,CorrectFdbk,-0.6663154
Per_Choice_219_rb.ept,CorrectFdbk,0.3361244
Per_Choice_219_rb.ept,CorrectFdbkFood,3.974369878
Per_Choice_219_rb.ept,CorrectFdbkFood,-5.788615725
Per_Choice_219_rb.ept,CorrectFdbkFood,0.168828719
Per_Choice_219_rb.ept,CorrectFdbkFood,3.177359173
Per_Choice_219_rb.ept,CorrectFdbkFood,0.677025471
Per_Choice_219_rb.ept,CorrectFdbkFood,2.890878193
Per_Choice_219_rb.ept,CorrectFdbkFood,4.811951643
Per_Choice_219_rb.ept,CorrectFdbkFood,0.428662811
Per_Choice_219_rb.ept,CorrectFdbkFood,-2.702535734
Per_Choice_219_rb.ept,CorrectFdbkFood,3.065373463
Per_Choice_219_rb.ept,CorrectFdbkFood,-4.052037793
Per_Choice_219_rb.ept,CorrectFdbkFood,8.917745053
Per_Choice_219_rb.ept,CorrectFdbkFood,5.957496124
Per_Choice_219_rb.ept,CorrectFdbkFood,-4.314486484
Per_Choice_219_rb.ept,IncorrectFdbk,-1.103892211
Per_Choice_219_rb.ept,IncorrectFdbk,-12.14711554
Per_Choice_219_rb.ept,IncorrectFdbk,2.118290184
Per_Choice_219_rb.ept,IncorrectFdbk,6.922537386
Per_Choice_219_rb.ept,IncorrectFdbk,-2.893293459
Per_Choice_219_rb.ept,IncorrectFdbk,-1.565931149
Per_Choice_219_rb.ept,IncorrectFdbk,-3.364857755
Per_Choice_219_rb.ept,IncorrectFdbk,1.421290004
Per_Choice_219_rb.ept,IncorrectFdbk,8.118870963
Per_Choice_219_rb.ept,IncorrectFdbk,0.091096137
Per_Choice_219_rb.ept,IncorrectFdbk,3.784462901
Per_Choice_219_rb.ept,IncorrectFdbk,-7.181010774
Per_Choice_219_rb.ept,IncorrectFdbk,-7.495380583
Per_Choice_219_rb.ept,IncorrectFdbk,1.727956238
Per_Choice_219_rb.ept,IncorrectFdbk,-15.73115455
Per_Choice_219_rb.ept,IncorrectFdbk,-2.711846438
Per_Choice_219_rb.ept,IncorrectFdbk,3.329770764
Per_Choice_219_rb.ept,IncorrectFdbk,-1.092977482
Per_Choice_219_rb.ept,IncorrectFdbk,0.19778343
Per_Choice_220_rb.ept,CorrectFdbk,4.586028393
Per_Choice_220_rb.ept,CorrectFdbk,-2.278414792
Per_Choice_220_rb.ept,CorrectFdbk,4.210503008
Per_Choice_220_rb.ept,CorrectFdbk,1.327821127
Per_Choice_220_rb.ept,CorrectFdbk,4.186374335
Per_Choice_220_rb.ept,CorrectFdbk,3.829651562
Per_Choice_220_rb.ept,CorrectFdbk,0.724701414
Per_Choice_220_rb.ept,CorrectFdbk,-1.568577984
Per_Choice_220_rb.ept,CorrectFdbk,7.275142253
Per_Choice_220_rb.ept,CorrectFdbk,-0.82974711
Per_Choice_220_rb.ept,CorrectFdbk,2.381323353
Per_Choice_220_rb.ept,CorrectFdbk,3.490501512
Per_Choice_220_rb.ept,CorrectFdbk,1.692389655
Per_Choice_220_rb.ept,CorrectFdbk,11.11981373
Per_Choice_220_rb.ept,CorrectFdbk,0.923573593
Per_Choice_220_rb.ept,CorrectFdbk,2.255838447
Per_Choice_220_rb.ept,CorrectFdbk,-0.364443317
Per_Choice_220_rb.ept,CorrectFdbk,5.621240387
Per_Choice_220_rb.ept,CorrectFdbk,-2.051931426
Per_Choice_220_rb.ept,CorrectFdbk,0.511993165
Per_Choice_220_rb.ept,CorrectFdbk,6.398559422
Per_Choice_220_rb.ept,CorrectFdbk,0.231485722
Per_Choice_220_rb.ept,CorrectFdbk,0.792852633
Per_Choice_220_rb.ept,CorrectFdbkFood,3.70498664
Per_Choice_220_rb.ept,CorrectFdbkFood,-1.545085109
Per_Choice_220_rb.ept,CorrectFdbkFood,3.846290862
Per_Choice_220_rb.ept,CorrectFdbkFood,4.298350917
Per_Choice_220_rb.ept,CorrectFdbkFood,-1.422587934
Per_Choice_220_rb.ept,CorrectFdbkFood,6.698948006
Per_Choice_220_rb.ept,CorrectFdbkFood,3.007044867
Per_Choice_220_rb.ept,CorrectFdbkFood,4.258078524
Per_Choice_220_rb.ept,CorrectFdbkFood,2.001548358
Per_Choice_220_rb.ept,CorrectFdbkFood,10.79293396
Per_Choice_220_rb.ept,CorrectFdbkFood,-0.529845968
Per_Choice_220_rb.ept,CorrectFdbkFood,2.88223226
Per_Choice_220_rb.ept,CorrectFdbkFood,0.321126833
Per_Choice_220_rb.ept,CorrectFdbkFood,-2.097153566
Per_Choice_220_rb.ept,CorrectFdbkFood,0.471425642
Per_Choice_220_rb.ept,CorrectFdbkFood,5.907628318
Per_Choice_220_rb.ept,CorrectFdbkFood,0.432053329
Per_Choice_220_rb.ept,IncorrectFdbk,-0.344553179
Per_Choice_220_rb.ept,IncorrectFdbk,1.368207373
Per_Choice_220_rb.ept,IncorrectFdbk,-3.173781058
Per_Choice_220_rb.ept,IncorrectFdbk,-2.74792704
Per_Choice_220_rb.ept,IncorrectFdbk,-6.226240616
Per_Choice_220_rb.ept,IncorrectFdbk,1.047385859
Per_Choice_220_rb.ept,IncorrectFdbk,-3.09377085
Per_Choice_220_rb.ept,IncorrectFdbk,3.020065641
Per_Choice_220_rb.ept,IncorrectFdbk,-0.943938107
Per_Choice_220_rb.ept,IncorrectFdbk,7.651750798
Per_Choice_220_rb.ept,IncorrectFdbk,3.944659554
Per_Choice_220_rb.ept,IncorrectFdbk,-2.037490555
Per_Choice_220_rb.ept,IncorrectFdbk,-2.803550806
Per_Choice_220_rb.ept,IncorrectFdbk,4.908946587
Per_Choice_220_rb.ept,IncorrectFdbk,-6.110697569
Per_Choice_220_rb.ept,IncorrectFdbk,4.339579082
Per_Choice_220_rb.ept,IncorrectFdbk,-1.758374672
Per_Choice_220_rb.ept,IncorrectFdbk,1.551845842
Per_Choice_220_rb.ept,IncorrectFdbk,1.746832319
Per_Choice_220_rb.ept,IncorrectFdbk,6.447090292
Per_Choice_220_rb.ept,IncorrectFdbk,6.751294899
Per_Choice_220_rb.ept,IncorrectFdbk,2.072080247
Per_Choice_221_rb.ept,CorrectFdbk,8.728188202
Per_Choice_221_rb.ept,CorrectFdbk,10.32108005
Per_Choice_221_rb.ept,CorrectFdbk,13.98632686
Per_Choice_221_rb.ept,CorrectFdbk,10.68324868
Per_Choice_221_rb.ept,CorrectFdbk,-0.654368896
Per_Choice_221_rb.ept,CorrectFdbk,-6.666297156
Per_Choice_221_rb.ept,CorrectFdbk,19.47802821
Per_Choice_221_rb.ept,CorrectFdbk,4.90349797
Per_Choice_221_rb.ept,CorrectFdbk,4.731988062
Per_Choice_221_rb.ept,CorrectFdbk,8.475604924
Per_Choice_221_rb.ept,CorrectFdbk,17.7465873
Per_Choice_221_rb.ept,CorrectFdbk,-4.729277783
Per_Choice_221_rb.ept,CorrectFdbk,-1.705864895
Per_Choice_221_rb.ept,CorrectFdbk,7.342466657
Per_Choice_221_rb.ept,CorrectFdbk,6.626061566
Per_Choice_221_rb.ept,CorrectFdbk,3.781962617
Per_Choice_221_rb.ept,CorrectFdbk,0.551620875
Per_Choice_221_rb.ept,CorrectFdbkFood,10.15228943
Per_Choice_221_rb.ept,CorrectFdbkFood,10.3951534
Per_Choice_221_rb.ept,CorrectFdbkFood,14.22711023
Per_Choice_221_rb.ept,CorrectFdbkFood,11.46187782
Per_Choice_221_rb.ept,CorrectFdbkFood,11.43413114
Per_Choice_221_rb.ept,CorrectFdbkFood,7.017655796
Per_Choice_221_rb.ept,CorrectFdbkFood,18.41145703
Per_Choice_221_rb.ept,CorrectFdbkFood,7.395162612
Per_Choice_221_rb.ept,CorrectFdbkFood,-5.546242693
Per_Choice_221_rb.ept,CorrectFdbkFood,3.031403418
Per_Choice_221_rb.ept,CorrectFdbkFood,6.937549277
Per_Choice_221_rb.ept,CorrectFdbkFood,3.475786298
Per_Choice_221_rb.ept,IncorrectFdbk,0.400127228
Per_Choice_221_rb.ept,IncorrectFdbk,9.684268085
Per_Choice_221_rb.ept,IncorrectFdbk,15.87047433
Per_Choice_221_rb.ept,IncorrectFdbk,-4.13905809
Per_Choice_221_rb.ept,IncorrectFdbk,5.232269377
Per_Choice_221_rb.ept,IncorrectFdbk,10.06381758
Per_Choice_221_rb.ept,IncorrectFdbk,-1.805247161
Per_Choice_221_rb.ept,IncorrectFdbk,4.814978255
Per_Choice_221_rb.ept,IncorrectFdbk,1.518123024
Per_Choice_221_rb.ept,IncorrectFdbk,-1.048315996
Per_Choice_221_rb.ept,IncorrectFdbk,-1.816281285
Per_Choice_221_rb.ept,IncorrectFdbk,-0.56969845
Per_Choice_221_rb.ept,IncorrectFdbk,5.547225687
Per_Choice_221_rb.ept,IncorrectFdbk,-1.89390349
Per_Choice_221_rb.ept,IncorrectFdbk,5.272191362
Per_Choice_221_rb.ept,IncorrectFdbk,11.16787801
Per_Choice_221_rb.ept,IncorrectFdbk,11.45307827
Per_Choice_221_rb.ept,IncorrectFdbk,4.659521522
Per_Choice_221_rb.ept,IncorrectFdbk,6.689552962
Per_Choice_221_rb.ept,IncorrectFdbk,9.919728505
Per_Choice_222_rb.ept,CorrectFdbk,4.780483584
Per_Choice_222_rb.ept,CorrectFdbk,0.937615201
Per_Choice_222_rb.ept,CorrectFdbk,5.052271047
Per_Choice_222_rb.ept,CorrectFdbk,3.945963788
Per_Choice_222_rb.ept,CorrectFdbk,1.317052812
Per_Choice_222_rb.ept,CorrectFdbk,-1.46693339
Per_Choice_222_rb.ept,CorrectFdbk,-2.547416423
Per_Choice_222_rb.ept,CorrectFdbk,-0.331850063
Per_Choice_222_rb.ept,CorrectFdbk,-0.983815944
Per_Choice_222_rb.ept,CorrectFdbk,-0.393498805
Per_Choice_222_rb.ept,CorrectFdbk,2.509762631
Per_Choice_222_rb.ept,CorrectFdbk,0.757912802
Per_Choice_222_rb.ept,CorrectFdbk,-0.776987961
Per_Choice_222_rb.ept,CorrectFdbk,-3.10807618
Per_Choice_222_rb.ept,CorrectFdbk,-0.040775308
Per_Choice_222_rb.ept,CorrectFdbk,-1.413373155
Per_Choice_222_rb.ept,CorrectFdbk,-2.922519185
Per_Choice_222_rb.ept,CorrectFdbk,-5.870189936
Per_Choice_222_rb.ept,CorrectFdbk,1.49872367
Per_Choice_222_rb.ept,CorrectFdbk,5.121162139
Per_Choice_222_rb.ept,CorrectFdbk,2.621438743
Per_Choice_222_rb.ept,CorrectFdbkFood,5.280806692
Per_Choice_222_rb.ept,CorrectFdbkFood,0.324039962
Per_Choice_222_rb.ept,CorrectFdbkFood,4.708977155
Per_Choice_222_rb.ept,CorrectFdbkFood,4.4942049
Per_Choice_222_rb.ept,CorrectFdbkFood,1.536114332
Per_Choice_222_rb.ept,CorrectFdbkFood,-1.570936769
Per_Choice_222_rb.ept,CorrectFdbkFood,-2.076370987
Per_Choice_222_rb.ept,CorrectFdbkFood,0.356511979
Per_Choice_222_rb.ept,CorrectFdbkFood,2.374727472
Per_Choice_222_rb.ept,CorrectFdbkFood,1.473855141
Per_Choice_222_rb.ept,CorrectFdbkFood,-0.412623542
Per_Choice_222_rb.ept,CorrectFdbkFood,-2.717764616
Per_Choice_222_rb.ept,CorrectFdbkFood,-1.820706401
Per_Choice_222_rb.ept,CorrectFdbkFood,-4.173430466
Per_Choice_222_rb.ept,CorrectFdbkFood,1.347954827
Per_Choice_222_rb.ept,CorrectFdbkFood,4.671088834
Per_Choice_222_rb.ept,IncorrectFdbk,0.26339181
Per_Choice_222_rb.ept,IncorrectFdbk,-1.733050994
Per_Choice_222_rb.ept,IncorrectFdbk,0.15752939
Per_Choice_222_rb.ept,IncorrectFdbk,0.98651081
Per_Choice_222_rb.ept,IncorrectFdbk,0.908744968
Per_Choice_222_rb.ept,IncorrectFdbk,2.922665509
Per_Choice_222_rb.ept,IncorrectFdbk,0.633565799
Per_Choice_222_rb.ept,IncorrectFdbk,-0.268751177
Per_Choice_222_rb.ept,IncorrectFdbk,4.214101118
Per_Choice_222_rb.ept,IncorrectFdbk,0.852220383
Per_Choice_222_rb.ept,IncorrectFdbk,-1.030042602
Per_Choice_222_rb.ept,IncorrectFdbk,-1.305281144
Per_Choice_222_rb.ept,IncorrectFdbk,-0.896924406
Per_Choice_222_rb.ept,IncorrectFdbk,0.44680747
Per_Choice_222_rb.ept,IncorrectFdbk,-0.440276967
Per_Choice_222_rb.ept,IncorrectFdbk,1.934191323
Per_Choice_222_rb.ept,IncorrectFdbk,3.492778715
Per_Choice_222_rb.ept,IncorrectFdbk,0.826502806
Per_Choice_222_rb.ept,IncorrectFdbk,-0.212429675
Per_Choice_223_rb.ept,CorrectFdbk,3.359083467
Per_Choice_223_rb.ept,CorrectFdbk,0.969346481
Per_Choice_223_rb.ept,CorrectFdbk,5.473090667
Per_Choice_223_rb.ept,CorrectFdbk,4.484414946
Per_Choice_223_rb.ept,CorrectFdbk,8.870401898
Per_Choice_223_rb.ept,CorrectFdbk,4.791464747
Per_Choice_223_rb.ept,CorrectFdbk,11.32174878
Per_Choice_223_rb.ept,CorrectFdbk,0.493303003
Per_Choice_223_rb.ept,CorrectFdbk,7.929196102
Per_Choice_223_rb.ept,CorrectFdbk,6.696635645
Per_Choice_223_rb.ept,CorrectFdbk,-2.555251753
Per_Choice_223_rb.ept,CorrectFdbk,-0.630680165
Per_Choice_223_rb.ept,CorrectFdbk,5.561085431
Per_Choice_223_rb.ept,CorrectFdbk,0.889634158
Per_Choice_223_rb.ept,CorrectFdbk,1.627583009
Per_Choice_223_rb.ept,CorrectFdbk,8.647464971
Per_Choice_223_rb.ept,CorrectFdbk,0.151131495
Per_Choice_223_rb.ept,CorrectFdbk,10.63975822
Per_Choice_223_rb.ept,CorrectFdbk,3.694935578
Per_Choice_223_rb.ept,CorrectFdbk,8.35675348
Per_Choice_223_rb.ept,CorrectFdbk,2.867384648
Per_Choice_223_rb.ept,CorrectFdbkFood,6.331776865
Per_Choice_223_rb.ept,CorrectFdbkFood,1.964878596
Per_Choice_223_rb.ept,CorrectFdbkFood,4.94372525
Per_Choice_223_rb.ept,CorrectFdbkFood,3.716160361
Per_Choice_223_rb.ept,CorrectFdbkFood,4.347365328
Per_Choice_223_rb.ept,CorrectFdbkFood,0.80830426
Per_Choice_223_rb.ept,CorrectFdbkFood,8.36109494
Per_Choice_223_rb.ept,CorrectFdbkFood,5.91833954
Per_Choice_223_rb.ept,CorrectFdbkFood,-2.993442968
Per_Choice_223_rb.ept,CorrectFdbkFood,0.939372187
Per_Choice_223_rb.ept,CorrectFdbkFood,3.326104707
Per_Choice_223_rb.ept,CorrectFdbkFood,0.141808731
Per_Choice_223_rb.ept,CorrectFdbkFood,11.12262545
Per_Choice_223_rb.ept,CorrectFdbkFood,4.157167651
Per_Choice_223_rb.ept,CorrectFdbkFood,3.432866015
Per_Choice_223_rb.ept,IncorrectFdbk,1.120564809
Per_Choice_223_rb.ept,IncorrectFdbk,12.34958346
Per_Choice_223_rb.ept,IncorrectFdbk,6.215688107
Per_Choice_223_rb.ept,IncorrectFdbk,-1.316587256
Per_Choice_223_rb.ept,IncorrectFdbk,4.251511628
Per_Choice_223_rb.ept,IncorrectFdbk,3.250928229
Per_Choice_223_rb.ept,IncorrectFdbk,-5.800766895
Per_Choice_223_rb.ept,IncorrectFdbk,1.332166804
Per_Choice_223_rb.ept,IncorrectFdbk,6.921915153
Per_Choice_223_rb.ept,IncorrectFdbk,-0.885781261
Per_Choice_223_rb.ept,IncorrectFdbk,10.21230184
Per_Choice_223_rb.ept,IncorrectFdbk,-1.359520883
Per_Choice_223_rb.ept,IncorrectFdbk,1.808657522
Per_Choice_223_rb.ept,IncorrectFdbk,6.506615604
Per_Choice_223_rb.ept,IncorrectFdbk,6.787271318
Per_Choice_223_rb.ept,IncorrectFdbk,0.871420839
Per_Choice_223_rb.ept,IncorrectFdbk,0.683686741
Per_Choice_223_rb.ept,IncorrectFdbk,-2.368723542
Per_Choice_223_rb.ept,IncorrectFdbk,-1.194891872
Per_Choice_223_rb.ept,IncorrectFdbk,-0.338528805
Per_Choice_223_rb.ept,IncorrectFdbk,4.441501606
Per_Choice_223_rb.ept,IncorrectFdbk,-0.749588402
Per_Choice_223_rb.ept,IncorrectFdbk,0.273775114
Per_Choice_224_rb.ept,CorrectFdbk,-3.565037414
Per_Choice_224_rb.ept,CorrectFdbk,7.877233623
Per_Choice_224_rb.ept,CorrectFdbk,9.072240191
Per_Choice_224_rb.ept,CorrectFdbk,3.169043749
Per_Choice_224_rb.ept,CorrectFdbk,8.290900228
Per_Choice_224_rb.ept,CorrectFdbk,6.335968987
Per_Choice_224_rb.ept,CorrectFdbk,14.27412448
Per_Choice_224_rb.ept,CorrectFdbk,7.988244601
Per_Choice_224_rb.ept,CorrectFdbk,12.68946936
Per_Choice_224_rb.ept,CorrectFdbk,4.521450829
Per_Choice_224_rb.ept,CorrectFdbk,7.896189601
Per_Choice_224_rb.ept,CorrectFdbk,2.69797346
Per_Choice_224_rb.ept,CorrectFdbk,5.778345146
Per_Choice_224_rb.ept,CorrectFdbk,3.752523167
Per_Choice_224_rb.ept,CorrectFdbk,7.757295477
Per_Choice_224_rb.ept,CorrectFdbk,4.641611518
Per_Choice_224_rb.ept,CorrectFdbk,1.739890729
Per_Choice_224_rb.ept,CorrectFdbk,2.600717575
Per_Choice_224_rb.ept,CorrectFdbk,11.427227
Per_Choice_224_rb.ept,CorrectFdbk,5.312161083
Per_Choice_224_rb.ept,CorrectFdbk,8.200005424
Per_Choice_224_rb.ept,CorrectFdbk,11.40517239
Per_Choice_224_rb.ept,CorrectFdbk,7.308383487
Per_Choice_224_rb.ept,CorrectFdbk,8.312064717
Per_Choice_224_rb.ept,CorrectFdbkFood,-0.086624985
Per_Choice_224_rb.ept,CorrectFdbkFood,7.617516662
Per_Choice_224_rb.ept,CorrectFdbkFood,9.744178594
Per_Choice_224_rb.ept,CorrectFdbkFood,3.408627508
Per_Choice_224_rb.ept,CorrectFdbkFood,6.818334684
Per_Choice_224_rb.ept,CorrectFdbkFood,14.91059716
Per_Choice_224_rb.ept,CorrectFdbkFood,7.658500566
Per_Choice_224_rb.ept,CorrectFdbkFood,6.296111072
Per_Choice_224_rb.ept,CorrectFdbkFood,8.194263456
Per_Choice_224_rb.ept,CorrectFdbkFood,6.540748347
Per_Choice_224_rb.ept,CorrectFdbkFood,5.892031224
Per_Choice_224_rb.ept,CorrectFdbkFood,4.409980399
Per_Choice_224_rb.ept,CorrectFdbkFood,4.491609056
Per_Choice_224_rb.ept,CorrectFdbkFood,12.06434483
Per_Choice_224_rb.ept,CorrectFdbkFood,5.926754227
Per_Choice_224_rb.ept,CorrectFdbkFood,13.58194302
Per_Choice_224_rb.ept,CorrectFdbkFood,8.86156751
Per_Choice_224_rb.ept,IncorrectFdbk,-4.479613586
Per_Choice_224_rb.ept,IncorrectFdbk,4.548244956
Per_Choice_224_rb.ept,IncorrectFdbk,8.83362844
Per_Choice_224_rb.ept,IncorrectFdbk,-1.26718133
Per_Choice_224_rb.ept,IncorrectFdbk,3.194263686
Per_Choice_224_rb.ept,IncorrectFdbk,0.86086225
Per_Choice_224_rb.ept,IncorrectFdbk,2.431676251
Per_Choice_224_rb.ept,IncorrectFdbk,1.579428443
Per_Choice_224_rb.ept,IncorrectFdbk,2.990420789
Per_Choice_224_rb.ept,IncorrectFdbk,1.87133059
Per_Choice_224_rb.ept,IncorrectFdbk,4.196936877
Per_Choice_224_rb.ept,IncorrectFdbk,12.5259826
Per_Choice_224_rb.ept,IncorrectFdbk,3.737824609
Per_Choice_224_rb.ept,IncorrectFdbk,3.675969661
Per_Choice_224_rb.ept,IncorrectFdbk,3.260064061
Per_Choice_224_rb.ept,IncorrectFdbk,8.905766856
Per_Choice_224_rb.ept,IncorrectFdbk,14.91692285
Per_Choice_224_rb.ept,IncorrectFdbk,-1.71403992
Per_Choice_224_rb.ept,IncorrectFdbk,6.872125554
Per_Choice_224_rb.ept,IncorrectFdbk,8.2322511
Per_Choice_224_rb.ept,IncorrectFdbk,10.47773498
Per_Choice_224_rb.ept,IncorrectFdbk,4.687295931
Per_Choice_224_rb.ept,IncorrectFdbk,4.808935543
Per_Choice_224_rb.ept,IncorrectFdbk,3.894044675
Per_Choice_224_rb.ept,IncorrectFdbk,-12.11740167
Per_Choice_225_rb.ept,CorrectFdbk,6.888198715
Per_Choice_225_rb.ept,CorrectFdbk,6.973180627
Per_Choice_225_rb.ept,CorrectFdbk,-3.936121347
Per_Choice_225_rb.ept,CorrectFdbk,-7.429442385
Per_Choice_225_rb.ept,CorrectFdbk,-1.370575414
Per_Choice_225_rb.ept,CorrectFdbk,4.926735947
Per_Choice_225_rb.ept,CorrectFdbk,-1.305162048
Per_Choice_225_rb.ept,CorrectFdbk,1.466044913
Per_Choice_225_rb.ept,CorrectFdbk,5.378074338
Per_Choice_225_rb.ept,CorrectFdbkFood,8.041312756
Per_Choice_225_rb.ept,CorrectFdbkFood,8.586073029
Per_Choice_225_rb.ept,CorrectFdbkFood,-3.76910071
Per_Choice_225_rb.ept,CorrectFdbkFood,-7.577853102
Per_Choice_225_rb.ept,CorrectFdbkFood,2.910950265
Per_Choice_225_rb.ept,CorrectFdbkFood,3.848388234
Per_Choice_225_rb.ept,CorrectFdbkFood,6.134562519
Per_Choice_225_rb.ept,IncorrectFdbk,1.235530151
Per_Choice_225_rb.ept,IncorrectFdbk,-1.616559015
Per_Choice_225_rb.ept,IncorrectFdbk,5.662232032
Per_Choice_225_rb.ept,IncorrectFdbk,3.90122466
Per_Choice_225_rb.ept,IncorrectFdbk,-0.612404008
Per_Choice_225_rb.ept,IncorrectFdbk,3.684612211
Per_Choice_225_rb.ept,IncorrectFdbk,6.231584559
Per_Choice_225_rb.ept,IncorrectFdbk,6.292260145
Per_Choice_225_rb.ept,IncorrectFdbk,6.620431291
Per_Choice_225_rb.ept,IncorrectFdbk,3.488243074
Per_Choice_225_rb.ept,IncorrectFdbk,10.84624244
Per_Choice_225_rb.ept,IncorrectFdbk,1.710381923
Per_Choice_226_rb.ept,CorrectFdbk,12.86476958
Per_Choice_226_rb.ept,CorrectFdbk,13.28511052
Per_Choice_226_rb.ept,CorrectFdbk,9.280910119
Per_Choice_226_rb.ept,CorrectFdbk,-1.170475782
Per_Choice_226_rb.ept,CorrectFdbk,1.450705568
Per_Choice_226_rb.ept,CorrectFdbk,0.555815551
Per_Choice_226_rb.ept,CorrectFdbk,-1.795292989
Per_Choice_226_rb.ept,CorrectFdbk,1.513203223
Per_Choice_226_rb.ept,CorrectFdbk,3.950585264
Per_Choice_226_rb.ept,CorrectFdbk,5.82501437
Per_Choice_226_rb.ept,CorrectFdbk,7.95930882
Per_Choice_226_rb.ept,CorrectFdbk,-2.091116832
Per_Choice_226_rb.ept,CorrectFdbk,0.475343731
Per_Choice_226_rb.ept,CorrectFdbk,0.314341015
Per_Choice_226_rb.ept,CorrectFdbk,3.340709769
Per_Choice_226_rb.ept,CorrectFdbk,3.622567611
Per_Choice_226_rb.ept,CorrectFdbk,0.058391563
Per_Choice_226_rb.ept,CorrectFdbk,7.561062017
Per_Choice_226_rb.ept,CorrectFdbk,8.634511872
Per_Choice_226_rb.ept,CorrectFdbk,2.548864118
Per_Choice_226_rb.ept,CorrectFdbk,2.589811663
Per_Choice_226_rb.ept,CorrectFdbkFood,13.77957785
Per_Choice_226_rb.ept,CorrectFdbkFood,14.25468479
Per_Choice_226_rb.ept,CorrectFdbkFood,9.216938778
Per_Choice_226_rb.ept,CorrectFdbkFood,-0.119679722
Per_Choice_226_rb.ept,CorrectFdbkFood,1.320669453
Per_Choice_226_rb.ept,CorrectFdbkFood,0.4441377
Per_Choice_226_rb.ept,CorrectFdbkFood,-1.362153878
Per_Choice_226_rb.ept,CorrectFdbkFood,2.516622766
Per_Choice_226_rb.ept,CorrectFdbkFood,5.1829448
Per_Choice_226_rb.ept,CorrectFdbkFood,4.533604446
Per_Choice_226_rb.ept,CorrectFdbkFood,9.091780419
Per_Choice_226_rb.ept,CorrectFdbkFood,0.45809258
Per_Choice_226_rb.ept,CorrectFdbkFood,-0.120127537
Per_Choice_226_rb.ept,CorrectFdbkFood,3.16827853
Per_Choice_226_rb.ept,CorrectFdbkFood,-1.108962845
Per_Choice_226_rb.ept,CorrectFdbkFood,7.263009012
Per_Choice_226_rb.ept,CorrectFdbkFood,8.966076515
Per_Choice_226_rb.ept,CorrectFdbkFood,2.7406803
Per_Choice_226_rb.ept,IncorrectFdbk,2.930722536
Per_Choice_226_rb.ept,IncorrectFdbk,7.375261766
Per_Choice_226_rb.ept,IncorrectFdbk,-2.507130676
Per_Choice_226_rb.ept,IncorrectFdbk,1.744629333
Per_Choice_226_rb.ept,IncorrectFdbk,-2.057534528
Per_Choice_226_rb.ept,IncorrectFdbk,1.173451773
Per_Choice_226_rb.ept,IncorrectFdbk,10.72109741
Per_Choice_226_rb.ept,IncorrectFdbk,1.872069697
Per_Choice_226_rb.ept,IncorrectFdbk,-2.064565518
Per_Choice_226_rb.ept,IncorrectFdbk,-1.882685913
Per_Choice_226_rb.ept,IncorrectFdbk,3.726250988
Per_Choice_226_rb.ept,IncorrectFdbk,-1.016701198
Per_Choice_226_rb.ept,IncorrectFdbk,-0.775702615
Per_Choice_226_rb.ept,IncorrectFdbk,7.373435688
Per_Choice_226_rb.ept,IncorrectFdbk,1.02793724
Per_Choice_228_rb.ept,CorrectFdbk,2.416871831
Per_Choice_228_rb.ept,CorrectFdbk,1.088952901
Per_Choice_228_rb.ept,CorrectFdbk,0.072218404
Per_Choice_228_rb.ept,CorrectFdbk,2.157174787
Per_Choice_228_rb.ept,CorrectFdbk,1.672490003
Per_Choice_228_rb.ept,CorrectFdbk,6.590928964
Per_Choice_228_rb.ept,CorrectFdbk,1.379340611
Per_Choice_228_rb.ept,CorrectFdbk,-4.541500539
Per_Choice_228_rb.ept,CorrectFdbk,-3.146726795
Per_Choice_228_rb.ept,CorrectFdbk,-0.924091275
Per_Choice_228_rb.ept,CorrectFdbk,9.490075544
Per_Choice_228_rb.ept,CorrectFdbk,-0.009563477
Per_Choice_228_rb.ept,CorrectFdbk,5.662965574
Per_Choice_228_rb.ept,CorrectFdbk,-4.19118828
Per_Choice_228_rb.ept,CorrectFdbk,4.427713027
Per_Choice_228_rb.ept,CorrectFdbk,4.239278717
Per_Choice_228_rb.ept,CorrectFdbk,0.258080957
Per_Choice_228_rb.ept,CorrectFdbk,1.972702894
Per_Choice_228_rb.ept,CorrectFdbk,-8.303520389
Per_Choice_228_rb.ept,CorrectFdbk,-1.661228896
Per_Choice_228_rb.ept,CorrectFdbk,-5.191194489
Per_Choice_228_rb.ept,CorrectFdbk,3.826262217
Per_Choice_228_rb.ept,CorrectFdbk,0.866170008
Per_Choice_228_rb.ept,CorrectFdbk,6.25555345
Per_Choice_228_rb.ept,CorrectFdbkFood,-0.710394217
Per_Choice_228_rb.ept,CorrectFdbkFood,-0.609082134
Per_Choice_228_rb.ept,CorrectFdbkFood,1.858283284
Per_Choice_228_rb.ept,CorrectFdbkFood,-0.059500154
Per_Choice_228_rb.ept,CorrectFdbkFood,5.693749127
Per_Choice_228_rb.ept,CorrectFdbkFood,-3.865360641
Per_Choice_228_rb.ept,CorrectFdbkFood,-2.457040567
Per_Choice_228_rb.ept,CorrectFdbkFood,-2.458909577
Per_Choice_228_rb.ept,CorrectFdbkFood,4.879090879
Per_Choice_228_rb.ept,CorrectFdbkFood,2.850598982
Per_Choice_228_rb.ept,CorrectFdbkFood,2.530708951
Per_Choice_228_rb.ept,CorrectFdbkFood,2.169554124
Per_Choice_228_rb.ept,CorrectFdbkFood,-8.830364848
Per_Choice_228_rb.ept,CorrectFdbkFood,-1.67552111
Per_Choice_228_rb.ept,CorrectFdbkFood,2.545267151
Per_Choice_228_rb.ept,CorrectFdbkFood,2.366724485
Per_Choice_228_rb.ept,CorrectFdbkFood,8.039049742
Per_Choice_228_rb.ept,IncorrectFdbk,-6.646923117
Per_Choice_228_rb.ept,IncorrectFdbk,-2.396634863
Per_Choice_228_rb.ept,IncorrectFdbk,-0.077658484
Per_Choice_228_rb.ept,IncorrectFdbk,3.784011503
Per_Choice_228_rb.ept,IncorrectFdbk,-8.747075688
Per_Choice_228_rb.ept,IncorrectFdbk,3.041053126
Per_Choice_228_rb.ept,IncorrectFdbk,2.086710589
Per_Choice_228_rb.ept,IncorrectFdbk,6.150714071
Per_Choice_228_rb.ept,IncorrectFdbk,-0.839672423
Per_Choice_228_rb.ept,IncorrectFdbk,3.819422546
Per_Choice_228_rb.ept,IncorrectFdbk,-0.277196144
Per_Choice_228_rb.ept,IncorrectFdbk,-0.834736556
Per_Choice_228_rb.ept,IncorrectFdbk,-0.772278941
Per_Choice_228_rb.ept,IncorrectFdbk,4.806739789
Per_Choice_228_rb.ept,IncorrectFdbk,8.72772765
Per_Choice_228_rb.ept,IncorrectFdbk,-3.90499068
Per_Choice_228_rb.ept,IncorrectFdbk,-0.48227162
Per_Choice_228_rb.ept,IncorrectFdbk,-8.034346536
Per_Choice_228_rb.ept,IncorrectFdbk,-5.986466594
Per_Choice_228_rb.ept,IncorrectFdbk,3.301739626
Per_Choice_228_rb.ept,IncorrectFdbk,-1.826614178
Per_Choice_228_rb.ept,IncorrectFdbk,-5.676148916
Per_Choice_228_rb.ept,IncorrectFdbk,-1.266448886
Per_Choice_230_rb.ept,CorrectFdbk,1.320815079
Per_Choice_230_rb.ept,CorrectFdbkFood,2.032713972
Per_Choice_230_rb.ept,IncorrectFdbk,-5.042445026
Per_Choice_232_rb.ept,CorrectFdbk,6.173226582
Per_Choice_232_rb.ept,CorrectFdbk,4.147526889
Per_Choice_232_rb.ept,CorrectFdbk,4.634857366
Per_Choice_232_rb.ept,CorrectFdbk,2.104701261
Per_Choice_232_rb.ept,CorrectFdbk,0.89762032
Per_Choice_232_rb.ept,CorrectFdbk,3.326526847
Per_Choice_232_rb.ept,CorrectFdbkFood,5.939783655
Per_Choice_232_rb.ept,CorrectFdbkFood,5.098052326
Per_Choice_232_rb.ept,CorrectFdbkFood,4.261402399
Per_Choice_232_rb.ept,CorrectFdbkFood,6.835609985
Per_Choice_232_rb.ept,IncorrectFdbk,-2.862119187
Per_Choice_232_rb.ept,IncorrectFdbk,-1.092615756
Per_Choice_233_rb.ept,CorrectFdbk,-0.712088261
Per_Choice_233_rb.ept,CorrectFdbk,9.155031467
Per_Choice_233_rb.ept,CorrectFdbk,5.640740622
Per_Choice_233_rb.ept,CorrectFdbk,14.0038923
Per_Choice_233_rb.ept,CorrectFdbk,0.513040319
Per_Choice_233_rb.ept,CorrectFdbk,4.041711649
Per_Choice_233_rb.ept,CorrectFdbk,6.296253403
Per_Choice_233_rb.ept,CorrectFdbk,4.002985733
Per_Choice_233_rb.ept,CorrectFdbk,7.410842828
Per_Choice_233_rb.ept,CorrectFdbk,0.114427095
Per_Choice_233_rb.ept,CorrectFdbk,-0.118916872
Per_Choice_233_rb.ept,CorrectFdbk,-0.447328514
Per_Choice_233_rb.ept,CorrectFdbk,-4.190388229
Per_Choice_233_rb.ept,CorrectFdbk,10.90224578
Per_Choice_233_rb.ept,CorrectFdbk,12.63009688
Per_Choice_233_rb.ept,CorrectFdbkFood,-0.931556025
Per_Choice_233_rb.ept,CorrectFdbkFood,8.0858755
Per_Choice_233_rb.ept,CorrectFdbkFood,5.458051439
Per_Choice_233_rb.ept,CorrectFdbkFood,12.38061192
Per_Choice_233_rb.ept,CorrectFdbkFood,-2.100586719
Per_Choice_233_rb.ept,CorrectFdbkFood,2.120050921
Per_Choice_233_rb.ept,CorrectFdbkFood,5.711661954
Per_Choice_233_rb.ept,CorrectFdbkFood,3.058373314
Per_Choice_233_rb.ept,CorrectFdbkFood,6.802594223
Per_Choice_233_rb.ept,CorrectFdbkFood,1.174297601
Per_Choice_233_rb.ept,CorrectFdbkFood,-5.332130223
Per_Choice_233_rb.ept,IncorrectFdbk,6.921961469
Per_Choice_233_rb.ept,IncorrectFdbk,-1.572505539
Per_Choice_233_rb.ept,IncorrectFdbk,-0.636284953
Per_Choice_233_rb.ept,IncorrectFdbk,-0.376637993
Per_Choice_233_rb.ept,IncorrectFdbk,8.941973744
Per_Choice_233_rb.ept,IncorrectFdbk,-4.254078587
Per_Choice_233_rb.ept,IncorrectFdbk,2.400954343
Per_Choice_233_rb.ept,IncorrectFdbk,2.206147738
Per_Choice_233_rb.ept,IncorrectFdbk,-0.456012391
Per_Choice_233_rb.ept,IncorrectFdbk,8.18461329
Per_Choice_233_rb.ept,IncorrectFdbk,-3.838958553
Per_Choice_233_rb.ept,IncorrectFdbk,0.53070125
Per_Choice_233_rb.ept,IncorrectFdbk,-2.294002115
Per_Choice_233_rb.ept,IncorrectFdbk,6.915522202
Per_Choice_234_rb.ept,CorrectFdbk,-2.54245521
Per_Choice_234_rb.ept,CorrectFdbk,6.373727837
Per_Choice_234_rb.ept,CorrectFdbk,21.70641176
Per_Choice_234_rb.ept,CorrectFdbk,5.98493003
Per_Choice_234_rb.ept,CorrectFdbk,1.418080934
Per_Choice_234_rb.ept,CorrectFdbk,6.566246463
Per_Choice_234_rb.ept,CorrectFdbk,-0.04972186
Per_Choice_234_rb.ept,CorrectFdbk,3.208919578
Per_Choice_234_rb.ept,CorrectFdbk,5.380066972
Per_Choice_234_rb.ept,CorrectFdbk,4.734659533
Per_Choice_234_rb.ept,CorrectFdbk,9.304625692
Per_Choice_234_rb.ept,CorrectFdbk,12.12308482
Per_Choice_234_rb.ept,CorrectFdbk,6.014649317
Per_Choice_234_rb.ept,CorrectFdbk,24.91573082
Per_Choice_234_rb.ept,CorrectFdbk,2.862035415
Per_Choice_234_rb.ept,CorrectFdbk,3.118754133
Per_Choice_234_rb.ept,CorrectFdbk,4.679200818
Per_Choice_234_rb.ept,CorrectFdbk,0.700316316
Per_Choice_234_rb.ept,CorrectFdbk,3.703635231
Per_Choice_234_rb.ept,CorrectFdbk,7.833183592
Per_Choice_234_rb.ept,CorrectFdbk,4.214882799
Per_Choice_234_rb.ept,CorrectFdbk,2.388985973
Per_Choice_234_rb.ept,CorrectFdbk,11.61476616
Per_Choice_234_rb.ept,CorrectFdbk,9.69383412
Per_Choice_234_rb.ept,CorrectFdbkFood,-5.574460025
Per_Choice_234_rb.ept,CorrectFdbkFood,6.524291039
Per_Choice_234_rb.ept,CorrectFdbkFood,23.16857264
Per_Choice_234_rb.ept,CorrectFdbkFood,5.062356331
Per_Choice_234_rb.ept,CorrectFdbkFood,0.944978632
Per_Choice_234_rb.ept,CorrectFdbkFood,7.855676345
Per_Choice_234_rb.ept,CorrectFdbkFood,4.104081786
Per_Choice_234_rb.ept,CorrectFdbkFood,4.728239618
Per_Choice_234_rb.ept,CorrectFdbkFood,13.05656978
Per_Choice_234_rb.ept,CorrectFdbkFood,8.424129867
Per_Choice_234_rb.ept,CorrectFdbkFood,4.646238331
Per_Choice_234_rb.ept,CorrectFdbkFood,4.531244712
Per_Choice_234_rb.ept,CorrectFdbkFood,3.380656652
Per_Choice_234_rb.ept,CorrectFdbkFood,-1.333476407
Per_Choice_234_rb.ept,CorrectFdbkFood,2.613584326
Per_Choice_234_rb.ept,CorrectFdbkFood,8.038564888
Per_Choice_234_rb.ept,CorrectFdbkFood,14.08334149
Per_Choice_234_rb.ept,CorrectFdbkFood,9.023536019
Per_Choice_234_rb.ept,IncorrectFdbk,16.87326969
Per_Choice_234_rb.ept,IncorrectFdbk,10.32745118
Per_Choice_234_rb.ept,IncorrectFdbk,2.871946377
Per_Choice_234_rb.ept,IncorrectFdbk,-2.326085392
Per_Choice_234_rb.ept,IncorrectFdbk,-0.237451256
Per_Choice_234_rb.ept,IncorrectFdbk,5.639748934
Per_Choice_234_rb.ept,IncorrectFdbk,10.49985862
Per_Choice_234_rb.ept,IncorrectFdbk,1.680933538
Per_Choice_234_rb.ept,IncorrectFdbk,-1.841685123
Per_Choice_234_rb.ept,IncorrectFdbk,7.880435535
Per_Choice_234_rb.ept,IncorrectFdbk,0.036491752
Per_Choice_234_rb.ept,IncorrectFdbk,16.6083643
Per_Choice_234_rb.ept,IncorrectFdbk,0.947286453
Per_Choice_234_rb.ept,IncorrectFdbk,1.057583666
Per_Choice_234_rb.ept,IncorrectFdbk,7.630580376
Per_Choice_234_rb.ept,IncorrectFdbk,12.65661536
Per_Choice_234_rb.ept,IncorrectFdbk,5.817943934
Per_Choice_234_rb.ept,IncorrectFdbk,3.719334306
Per_Choice_234_rb.ept,IncorrectFdbk,12.94644881
Per_Choice_234_rb.ept,IncorrectFdbk,5.622380875
Per_Choice_234_rb.ept,IncorrectFdbk,-0.601054065
Per_Choice_234_rb.ept,IncorrectFdbk,1.602622582
Per_Choice_234_rb.ept,IncorrectFdbk,2.166518272
Per_Choice_234_rb.ept,IncorrectFdbk,10.49579581
Per_Choice_234_rb.ept,IncorrectFdbk,2.815837668
Per_Choice_235_rb.ept,CorrectFdbk,8.783698816
Per_Choice_235_rb.ept,CorrectFdbk,-1.319367921
Per_Choice_235_rb.ept,CorrectFdbk,0.748286179
Per_Choice_235_rb.ept,CorrectFdbk,2.586974326
Per_Choice_235_rb.ept,CorrectFdbk,0.569510317
Per_Choice_235_rb.ept,CorrectFdbk,16.20006419
Per_Choice_235_rb.ept,CorrectFdbk,2.100670518
Per_Choice_235_rb.ept,CorrectFdbk,2.146949743
Per_Choice_235_rb.ept,CorrectFdbk,-1.070113768
Per_Choice_235_rb.ept,CorrectFdbk,3.825502725
Per_Choice_235_rb.ept,CorrectFdbk,2.649994178
Per_Choice_235_rb.ept,CorrectFdbk,-0.422316323
Per_Choice_235_rb.ept,CorrectFdbk,3.149519977
Per_Choice_235_rb.ept,CorrectFdbk,-7.715581968
Per_Choice_235_rb.ept,CorrectFdbk,-1.654901279
Per_Choice_235_rb.ept,CorrectFdbk,2.010373498
Per_Choice_235_rb.ept,CorrectFdbk,2.8175031
Per_Choice_235_rb.ept,CorrectFdbk,0.431820743
Per_Choice_235_rb.ept,CorrectFdbk,2.251285096
Per_Choice_235_rb.ept,CorrectFdbk,-1.460769877
Per_Choice_235_rb.ept,CorrectFdbk,6.112197326
Per_Choice_235_rb.ept,CorrectFdbk,2.487630253
Per_Choice_235_rb.ept,CorrectFdbk,-3.943025533
Per_Choice_235_rb.ept,CorrectFdbkFood,7.773946694
Per_Choice_235_rb.ept,CorrectFdbkFood,0.096088154
Per_Choice_235_rb.ept,CorrectFdbkFood,1.698961895
Per_Choice_235_rb.ept,CorrectFdbkFood,2.719082018
Per_Choice_235_rb.ept,CorrectFdbkFood,0.168502274
Per_Choice_235_rb.ept,CorrectFdbkFood,5.794707135
Per_Choice_235_rb.ept,CorrectFdbkFood,-7.530774621
Per_Choice_235_rb.ept,CorrectFdbkFood,1.867764538
Per_Choice_235_rb.ept,CorrectFdbkFood,2.1769286
Per_Choice_235_rb.ept,CorrectFdbkFood,0.733309002
Per_Choice_235_rb.ept,CorrectFdbkFood,6.253280778
Per_Choice_235_rb.ept,CorrectFdbkFood,2.228810309
Per_Choice_235_rb.ept,CorrectFdbkFood,-3.586662396
Per_Choice_235_rb.ept,IncorrectFdbk,5.479993688
Per_Choice_235_rb.ept,IncorrectFdbk,3.843032576
Per_Choice_235_rb.ept,IncorrectFdbk,-3.447734476
Per_Choice_235_rb.ept,IncorrectFdbk,-2.085182073
Per_Choice_235_rb.ept,IncorrectFdbk,3.481025905
Per_Choice_235_rb.ept,IncorrectFdbk,-3.060579535
Per_Choice_235_rb.ept,IncorrectFdbk,-3.3011416
Per_Choice_235_rb.ept,IncorrectFdbk,4.883719872
Per_Choice_235_rb.ept,IncorrectFdbk,-1.086686393
Per_Choice_235_rb.ept,IncorrectFdbk,1.331800108
Per_Choice_235_rb.ept,IncorrectFdbk,4.303893634
Per_Choice_235_rb.ept,IncorrectFdbk,1.871373363
Per_Choice_235_rb.ept,IncorrectFdbk,0.733263365
Per_Choice_235_rb.ept,IncorrectFdbk,2.907039186
Per_Choice_235_rb.ept,IncorrectFdbk,-1.301733043
Per_Choice_235_rb.ept,IncorrectFdbk,5.997361642
Per_Choice_235_rb.ept,IncorrectFdbk,1.428410882
Per_Choice_235_rb.ept,IncorrectFdbk,-1.165323645
Per_Choice_235_rb.ept,IncorrectFdbk,1.007281826
Per_Choice_235_rb.ept,IncorrectFdbk,1.31392851
Per_Choice_235_rb.ept,IncorrectFdbk,-2.853274511
Per_Choice_235_rb.ept,IncorrectFdbk,-5.320844936
Per_Choice_235_rb.ept,IncorrectFdbk,2.835851311
Per_Choice_236_rb.ept,CorrectFdbk,3.549578136
Per_Choice_236_rb.ept,CorrectFdbk,-0.447659974
Per_Choice_236_rb.ept,CorrectFdbk,12.00985974
Per_Choice_236_rb.ept,CorrectFdbk,3.181104599
Per_Choice_236_rb.ept,CorrectFdbk,10.41650719
Per_Choice_236_rb.ept,CorrectFdbk,-0.275647173
Per_Choice_236_rb.ept,CorrectFdbk,0.586181493
Per_Choice_236_rb.ept,CorrectFdbk,-0.348797129
Per_Choice_236_rb.ept,CorrectFdbk,6.451007563
Per_Choice_236_rb.ept,CorrectFdbk,0.485894884
Per_Choice_236_rb.ept,CorrectFdbk,23.57378497
Per_Choice_236_rb.ept,CorrectFdbk,-5.323467976
Per_Choice_236_rb.ept,CorrectFdbk,2.973492132
Per_Choice_236_rb.ept,CorrectFdbk,1.262541259
Per_Choice_236_rb.ept,CorrectFdbk,14.14660912
Per_Choice_236_rb.ept,CorrectFdbk,5.016529716
Per_Choice_236_rb.ept,CorrectFdbk,10.29857438
Per_Choice_236_rb.ept,CorrectFdbk,3.066071544
Per_Choice_236_rb.ept,CorrectFdbk,0.052819097
Per_Choice_236_rb.ept,CorrectFdbkFood,-0.798486896
Per_Choice_236_rb.ept,CorrectFdbkFood,12.77552686
Per_Choice_236_rb.ept,CorrectFdbkFood,3.738697845
Per_Choice_236_rb.ept,CorrectFdbkFood,12.00920112
Per_Choice_236_rb.ept,CorrectFdbkFood,-0.705392351
Per_Choice_236_rb.ept,CorrectFdbkFood,-0.359851542
Per_Choice_236_rb.ept,CorrectFdbkFood,-0.247548124
Per_Choice_236_rb.ept,CorrectFdbkFood,5.197516298
Per_Choice_236_rb.ept,CorrectFdbkFood,20.29373953
Per_Choice_236_rb.ept,CorrectFdbkFood,-10.06121118
Per_Choice_236_rb.ept,CorrectFdbkFood,1.541852787
Per_Choice_236_rb.ept,CorrectFdbkFood,-0.142122237
Per_Choice_236_rb.ept,CorrectFdbkFood,10.95168361
Per_Choice_236_rb.ept,CorrectFdbkFood,5.954100406
Per_Choice_236_rb.ept,CorrectFdbkFood,3.71520354
Per_Choice_236_rb.ept,IncorrectFdbk,3.703210954
Per_Choice_236_rb.ept,IncorrectFdbk,5.282897432
Per_Choice_236_rb.ept,IncorrectFdbk,-0.650431956
Per_Choice_236_rb.ept,IncorrectFdbk,2.162851511
Per_Choice_236_rb.ept,IncorrectFdbk,3.347985965
Per_Choice_236_rb.ept,IncorrectFdbk,10.4255917
Per_Choice_236_rb.ept,IncorrectFdbk,6.251904719
Per_Choice_236_rb.ept,IncorrectFdbk,3.963521477
Per_Choice_236_rb.ept,IncorrectFdbk,7.82282835
Per_Choice_236_rb.ept,IncorrectFdbk,2.76228964
Per_Choice_236_rb.ept,IncorrectFdbk,12.63204372
Per_Choice_236_rb.ept,IncorrectFdbk,1.038524658
Per_Choice_236_rb.ept,IncorrectFdbk,-1.130895847
Per_Choice_237_rb.ept,CorrectFdbk,11.7779345
Per_Choice_237_rb.ept,CorrectFdbk,11.48761656
Per_Choice_237_rb.ept,CorrectFdbk,12.211685
Per_Choice_237_rb.ept,CorrectFdbk,2.471988733
Per_Choice_237_rb.ept,CorrectFdbk,4.064251532
Per_Choice_237_rb.ept,CorrectFdbk,2.420280518
Per_Choice_237_rb.ept,CorrectFdbk,8.718872971
Per_Choice_237_rb.ept,CorrectFdbk,7.435973585
Per_Choice_237_rb.ept,CorrectFdbk,10.54316335
Per_Choice_237_rb.ept,CorrectFdbk,2.967948961
Per_Choice_237_rb.ept,CorrectFdbk,1.100608999
Per_Choice_237_rb.ept,CorrectFdbk,14.51028542
Per_Choice_237_rb.ept,CorrectFdbk,2.58753965
Per_Choice_237_rb.ept,CorrectFdbk,5.545187932
Per_Choice_237_rb.ept,CorrectFdbkFood,10.6479497
Per_Choice_237_rb.ept,CorrectFdbkFood,3.381415628
Per_Choice_237_rb.ept,CorrectFdbkFood,4.544689119
Per_Choice_237_rb.ept,CorrectFdbkFood,2.509837017
Per_Choice_237_rb.ept,CorrectFdbkFood,8.134414365
Per_Choice_237_rb.ept,CorrectFdbkFood,-0.387962679
Per_Choice_237_rb.ept,CorrectFdbkFood,14.47381777
Per_Choice_237_rb.ept,CorrectFdbkFood,2.59643855
Per_Choice_237_rb.ept,CorrectFdbkFood,5.749707186
Per_Choice_237_rb.ept,IncorrectFdbk,7.555383716
Per_Choice_237_rb.ept,IncorrectFdbk,1.331065205
Per_Choice_237_rb.ept,IncorrectFdbk,7.465585899
Per_Choice_237_rb.ept,IncorrectFdbk,1.437926409
Per_Choice_237_rb.ept,IncorrectFdbk,2.43334309
Per_Choice_237_rb.ept,IncorrectFdbk,4.678426356
Per_Choice_237_rb.ept,IncorrectFdbk,10.16749744
Per_Choice_237_rb.ept,IncorrectFdbk,10.12584629
Per_Choice_237_rb.ept,IncorrectFdbk,7.468185249
Per_Choice_237_rb.ept,IncorrectFdbk,4.626193702
Per_Choice_237_rb.ept,IncorrectFdbk,0.513742955
Per_Choice_237_rb.ept,IncorrectFdbk,8.790638936
Per_Choice_238_rb.ept,CorrectFdbk,9.588421674
Per_Choice_238_rb.ept,CorrectFdbk,17.47700795
Per_Choice_238_rb.ept,CorrectFdbk,-0.955077879
Per_Choice_238_rb.ept,CorrectFdbk,6.534002152
Per_Choice_238_rb.ept,CorrectFdbk,15.23089863
Per_Choice_238_rb.ept,CorrectFdbk,1.879937701
Per_Choice_238_rb.ept,CorrectFdbk,-0.469068482
Per_Choice_238_rb.ept,CorrectFdbk,17.23611135
Per_Choice_238_rb.ept,CorrectFdbk,9.794876776
Per_Choice_238_rb.ept,CorrectFdbk,-0.844950375
Per_Choice_238_rb.ept,CorrectFdbk,1.678418075
Per_Choice_238_rb.ept,CorrectFdbk,4.573638016
Per_Choice_238_rb.ept,CorrectFdbk,14.59191369
Per_Choice_238_rb.ept,CorrectFdbk,-2.920760453
Per_Choice_238_rb.ept,CorrectFdbk,5.60761237
Per_Choice_238_rb.ept,CorrectFdbk,22.94606567
Per_Choice_238_rb.ept,CorrectFdbk,17.75069427
Per_Choice_238_rb.ept,CorrectFdbk,10.20451379
Per_Choice_238_rb.ept,CorrectFdbk,7.61706276
Per_Choice_238_rb.ept,CorrectFdbk,3.107449673
Per_Choice_238_rb.ept,CorrectFdbk,9.379755901
Per_Choice_238_rb.ept,CorrectFdbkFood,19.71859856
Per_Choice_238_rb.ept,CorrectFdbkFood,15.16980499
Per_Choice_238_rb.ept,CorrectFdbkFood,2.721561647
Per_Choice_238_rb.ept,CorrectFdbkFood,-0.298830366
Per_Choice_238_rb.ept,CorrectFdbkFood,17.33288162
Per_Choice_238_rb.ept,CorrectFdbkFood,2.38004389
Per_Choice_238_rb.ept,CorrectFdbkFood,2.649135096
Per_Choice_238_rb.ept,CorrectFdbkFood,14.42998213
Per_Choice_238_rb.ept,CorrectFdbkFood,-3.946250261
Per_Choice_238_rb.ept,CorrectFdbkFood,21.56547065
Per_Choice_238_rb.ept,CorrectFdbkFood,16.2822812
Per_Choice_238_rb.ept,CorrectFdbkFood,10.32053458
Per_Choice_238_rb.ept,CorrectFdbkFood,6.595207688
Per_Choice_238_rb.ept,CorrectFdbkFood,4.88360004
Per_Choice_238_rb.ept,CorrectFdbkFood,9.672110592
Per_Choice_238_rb.ept,IncorrectFdbk,-4.113977684
Per_Choice_238_rb.ept,IncorrectFdbk,0.981293608
Per_Choice_238_rb.ept,IncorrectFdbk,4.282851029
Per_Choice_238_rb.ept,IncorrectFdbk,-1.084207144
Per_Choice_238_rb.ept,IncorrectFdbk,1.522480646
Per_Choice_238_rb.ept,IncorrectFdbk,-1.017658897
Per_Choice_238_rb.ept,IncorrectFdbk,0.102923881
Per_Choice_238_rb.ept,IncorrectFdbk,-2.35718245
Per_Choice_238_rb.ept,IncorrectFdbk,7.333354394
Per_Choice_238_rb.ept,IncorrectFdbk,6.422396136
Per_Choice_238_rb.ept,IncorrectFdbk,3.138732427
Per_Choice_238_rb.ept,IncorrectFdbk,-1.794829429
Per_Choice_238_rb.ept,IncorrectFdbk,1.085416048
Per_Choice_238_rb.ept,IncorrectFdbk,-1.792518281
Per_Choice_238_rb.ept,IncorrectFdbk,-0.146358864
Per_Choice_238_rb.ept,IncorrectFdbk,5.511927065
Per_Choice_238_rb.ept,IncorrectFdbk,-0.444486917
Per_Choice_238_rb.ept,IncorrectFdbk,4.319622513
Per_Choice_238_rb.ept,IncorrectFdbk,4.538256519
Per_Choice_238_rb.ept,IncorrectFdbk,2.050364106
Per_Choice_239_rb.ept,CorrectFdbk,7.76033549
Per_Choice_239_rb.ept,CorrectFdbk,-0.474909757
Per_Choice_239_rb.ept,CorrectFdbk,-2.126230249
Per_Choice_239_rb.ept,CorrectFdbk,4.973031373
Per_Choice_239_rb.ept,CorrectFdbk,-0.292391721
Per_Choice_239_rb.ept,CorrectFdbk,-1.353018378
Per_Choice_239_rb.ept,CorrectFdbk,0.248689535
Per_Choice_239_rb.ept,CorrectFdbk,-2.172067848
Per_Choice_239_rb.ept,CorrectFdbk,5.915583407
Per_Choice_239_rb.ept,CorrectFdbk,1.994423564
Per_Choice_239_rb.ept,CorrectFdbk,-1.261861217
Per_Choice_239_rb.ept,CorrectFdbk,-3.152633971
Per_Choice_239_rb.ept,CorrectFdbk,0.455093556
Per_Choice_239_rb.ept,CorrectFdbk,0.228990048
Per_Choice_239_rb.ept,CorrectFdbk,2.000765652
Per_Choice_239_rb.ept,CorrectFdbk,1.462075403
Per_Choice_239_rb.ept,CorrectFdbk,0.973681977
Per_Choice_239_rb.ept,CorrectFdbk,-1.756457375
Per_Choice_239_rb.ept,CorrectFdbk,2.327729668
Per_Choice_239_rb.ept,CorrectFdbkFood,-2.74725557
Per_Choice_239_rb.ept,CorrectFdbkFood,-0.66339666
Per_Choice_239_rb.ept,CorrectFdbkFood,-0.714010938
Per_Choice_239_rb.ept,CorrectFdbkFood,-2.977021218
Per_Choice_239_rb.ept,CorrectFdbkFood,5.103471583
Per_Choice_239_rb.ept,CorrectFdbkFood,1.491765041
Per_Choice_239_rb.ept,CorrectFdbkFood,-1.862676491
Per_Choice_239_rb.ept,CorrectFdbkFood,2.335661809
Per_Choice_239_rb.ept,CorrectFdbkFood,1.222940908
Per_Choice_239_rb.ept,CorrectFdbkFood,1.728069585
Per_Choice_239_rb.ept,CorrectFdbkFood,1.819355472
Per_Choice_239_rb.ept,CorrectFdbkFood,-2.122350811
Per_Choice_239_rb.ept,CorrectFdbkFood,1.9705562
Per_Choice_239_rb.ept,IncorrectFdbk,1.009279347
Per_Choice_239_rb.ept,IncorrectFdbk,-1.569369031
Per_Choice_239_rb.ept,IncorrectFdbk,4.160105382
Per_Choice_239_rb.ept,IncorrectFdbk,2.487579723
Per_Choice_239_rb.ept,IncorrectFdbk,-0.187895948
Per_Choice_239_rb.ept,IncorrectFdbk,0.621472918
Per_Choice_239_rb.ept,IncorrectFdbk,-0.992134959
Per_Choice_239_rb.ept,IncorrectFdbk,-4.328034072
Per_Choice_239_rb.ept,IncorrectFdbk,4.587986037
Per_Choice_239_rb.ept,IncorrectFdbk,2.226158322
Per_Choice_239_rb.ept,IncorrectFdbk,3.825943727
Per_Choice_239_rb.ept,IncorrectFdbk,1.750330494
Per_Choice_240_rb.ept,CorrectFdbk,3.708862709
Per_Choice_240_rb.ept,CorrectFdbk,18.3147742
Per_Choice_240_rb.ept,CorrectFdbk,5.481067352
Per_Choice_240_rb.ept,CorrectFdbk,11.53990882
Per_Choice_240_rb.ept,CorrectFdbk,8.612417476
Per_Choice_240_rb.ept,CorrectFdbk,8.601742794
Per_Choice_240_rb.ept,CorrectFdbk,9.430230617
Per_Choice_240_rb.ept,CorrectFdbk,5.053816821
Per_Choice_240_rb.ept,CorrectFdbk,9.619882053
Per_Choice_240_rb.ept,CorrectFdbk,9.177009436
Per_Choice_240_rb.ept,CorrectFdbk,10.06561153
Per_Choice_240_rb.ept,CorrectFdbk,1.132277283
Per_Choice_240_rb.ept,CorrectFdbk,6.694360646
Per_Choice_240_rb.ept,CorrectFdbk,5.354539506
Per_Choice_240_rb.ept,CorrectFdbk,11.99599756
Per_Choice_240_rb.ept,CorrectFdbk,1.423945074
Per_Choice_240_rb.ept,CorrectFdbk,20.09289849
Per_Choice_240_rb.ept,CorrectFdbk,7.076537172
Per_Choice_240_rb.ept,CorrectFdbk,15.34988761
Per_Choice_240_rb.ept,CorrectFdbk,12.38863617
Per_Choice_240_rb.ept,CorrectFdbk,10.72846834
Per_Choice_240_rb.ept,CorrectFdbk,9.79887491
Per_Choice_240_rb.ept,CorrectFdbk,15.27013045
Per_Choice_240_rb.ept,CorrectFdbk,15.78260636
Per_Choice_240_rb.ept,CorrectFdbk,14.04931109
Per_Choice_240_rb.ept,CorrectFdbkFood,8.226029943
Per_Choice_240_rb.ept,CorrectFdbkFood,7.966546539
Per_Choice_240_rb.ept,CorrectFdbkFood,10.75634267
Per_Choice_240_rb.ept,CorrectFdbkFood,9.206800273
Per_Choice_240_rb.ept,CorrectFdbkFood,8.538865029
Per_Choice_240_rb.ept,CorrectFdbkFood,8.258122332
Per_Choice_240_rb.ept,CorrectFdbkFood,5.400901109
Per_Choice_240_rb.ept,CorrectFdbkFood,8.239045876
Per_Choice_240_rb.ept,CorrectFdbkFood,1.51315786
Per_Choice_240_rb.ept,CorrectFdbkFood,4.90909457
Per_Choice_240_rb.ept,CorrectFdbkFood,19.52495573
Per_Choice_240_rb.ept,CorrectFdbkFood,7.815786981
Per_Choice_240_rb.ept,CorrectFdbkFood,12.96106272
Per_Choice_240_rb.ept,CorrectFdbkFood,12.29212334
Per_Choice_240_rb.ept,CorrectFdbkFood,10.43331598
Per_Choice_240_rb.ept,CorrectFdbkFood,16.82258205
Per_Choice_240_rb.ept,CorrectFdbkFood,17.3852291
Per_Choice_240_rb.ept,CorrectFdbkFood,12.94400434
Per_Choice_240_rb.ept,IncorrectFdbk,3.396861735
Per_Choice_240_rb.ept,IncorrectFdbk,0.461995006
Per_Choice_240_rb.ept,IncorrectFdbk,4.538740647
Per_Choice_240_rb.ept,IncorrectFdbk,2.624120683
Per_Choice_240_rb.ept,IncorrectFdbk,13.45272165
Per_Choice_240_rb.ept,IncorrectFdbk,18.05507277
Per_Choice_240_rb.ept,IncorrectFdbk,3.22857796
Per_Choice_240_rb.ept,IncorrectFdbk,10.76647537
Per_Choice_240_rb.ept,IncorrectFdbk,3.145003913
Per_Choice_240_rb.ept,IncorrectFdbk,1.352710924
Per_Choice_240_rb.ept,IncorrectFdbk,5.761306579
Per_Choice_240_rb.ept,IncorrectFdbk,5.856676812
Per_Choice_240_rb.ept,IncorrectFdbk,6.329062966
Per_Choice_240_rb.ept,IncorrectFdbk,7.908159554
Per_Choice_240_rb.ept,IncorrectFdbk,-5.583238482
Per_Choice_240_rb.ept,IncorrectFdbk,9.633493357
Per_Choice_240_rb.ept,IncorrectFdbk,5.310143984
Per_Choice_240_rb.ept,IncorrectFdbk,10.5591614
Per_Choice_240_rb.ept,IncorrectFdbk,3.856959853
Per_Choice_240_rb.ept,IncorrectFdbk,-0.519297014
Per_Choice_241_rb.ept,CorrectFdbk,4.125588759
Per_Choice_241_rb.ept,CorrectFdbk,2.726261179
Per_Choice_241_rb.ept,CorrectFdbk,3.47418391
Per_Choice_241_rb.ept,CorrectFdbk,8.132798571
Per_Choice_241_rb.ept,CorrectFdbk,1.783660454
Per_Choice_241_rb.ept,CorrectFdbk,-0.249610143
Per_Choice_241_rb.ept,CorrectFdbk,-0.904372211
Per_Choice_241_rb.ept,CorrectFdbk,8.20166473
Per_Choice_241_rb.ept,CorrectFdbk,12.38608495
Per_Choice_241_rb.ept,CorrectFdbk,0.217239986
Per_Choice_241_rb.ept,CorrectFdbk,1.799263645
Per_Choice_241_rb.ept,CorrectFdbk,8.739469123
Per_Choice_241_rb.ept,CorrectFdbk,6.388638204
Per_Choice_241_rb.ept,CorrectFdbk,-0.129699133
Per_Choice_241_rb.ept,CorrectFdbk,-2.734303889
Per_Choice_241_rb.ept,CorrectFdbk,6.222559071
Per_Choice_241_rb.ept,CorrectFdbk,3.079292013
Per_Choice_241_rb.ept,CorrectFdbk,1.171714943
Per_Choice_241_rb.ept,CorrectFdbk,3.518160793
Per_Choice_241_rb.ept,CorrectFdbk,4.762707615
Per_Choice_241_rb.ept,CorrectFdbkFood,4.159145435
Per_Choice_241_rb.ept,CorrectFdbkFood,3.240885311
Per_Choice_241_rb.ept,CorrectFdbkFood,3.224132578
Per_Choice_241_rb.ept,CorrectFdbkFood,7.315667788
Per_Choice_241_rb.ept,CorrectFdbkFood,1.6865367
Per_Choice_241_rb.ept,CorrectFdbkFood,0.95304652
Per_Choice_241_rb.ept,CorrectFdbkFood,2.71916081
Per_Choice_241_rb.ept,CorrectFdbkFood,6.820426517
Per_Choice_241_rb.ept,CorrectFdbkFood,0.480248276
Per_Choice_241_rb.ept,CorrectFdbkFood,-3.099729946
Per_Choice_241_rb.ept,CorrectFdbkFood,5.198010857
Per_Choice_241_rb.ept,CorrectFdbkFood,2.718684861
Per_Choice_241_rb.ept,CorrectFdbkFood,1.093162023
Per_Choice_241_rb.ept,CorrectFdbkFood,1.811302809
Per_Choice_241_rb.ept,IncorrectFdbk,1.562194529
Per_Choice_241_rb.ept,IncorrectFdbk,3.748427226
Per_Choice_241_rb.ept,IncorrectFdbk,-2.937431908
Per_Choice_241_rb.ept,IncorrectFdbk,2.560850964
Per_Choice_241_rb.ept,IncorrectFdbk,-1.529101195
Per_Choice_241_rb.ept,IncorrectFdbk,-2.301105096
Per_Choice_241_rb.ept,IncorrectFdbk,-0.422719994
Per_Choice_241_rb.ept,IncorrectFdbk,0.336812974
Per_Choice_241_rb.ept,IncorrectFdbk,5.095761848
Per_Choice_241_rb.ept,IncorrectFdbk,1.811162846
Per_Choice_241_rb.ept,IncorrectFdbk,-2.874026069
Per_Choice_241_rb.ept,IncorrectFdbk,2.778673882
Per_Choice_241_rb.ept,IncorrectFdbk,-0.044820848
Per_Choice_241_rb.ept,IncorrectFdbk,-3.166685873
Per_Choice_241_rb.ept,IncorrectFdbk,2.4033854
Per_Choice_241_rb.ept,IncorrectFdbk,2.119222995
Per_Choice_241_rb.ept,IncorrectFdbk,4.91976488
Per_Choice_241_rb.ept,IncorrectFdbk,1.523053671
Per_Choice_241_rb.ept,IncorrectFdbk,3.929315673
Per_Choice_241_rb.ept,IncorrectFdbk,4.737356826
Per_Choice_241_rb.ept,IncorrectFdbk,1.788159436
Per_Choice_242_rb.ept,CorrectFdbk,2.275977904
Per_Choice_242_rb.ept,CorrectFdbk,-4.320783315
Per_Choice_242_rb.ept,CorrectFdbk,6.422592839
Per_Choice_242_rb.ept,CorrectFdbk,2.620602559
Per_Choice_242_rb.ept,CorrectFdbk,-1.985345515
Per_Choice_242_rb.ept,CorrectFdbk,12.45620266
Per_Choice_242_rb.ept,CorrectFdbk,0.718062016
Per_Choice_242_rb.ept,CorrectFdbk,9.428641077
Per_Choice_242_rb.ept,CorrectFdbk,8.623618976
Per_Choice_242_rb.ept,CorrectFdbk,21.34409982
Per_Choice_242_rb.ept,CorrectFdbk,12.32708195
Per_Choice_242_rb.ept,CorrectFdbk,12.99946819
Per_Choice_242_rb.ept,CorrectFdbk,14.43820819
Per_Choice_242_rb.ept,CorrectFdbk,5.044401619
Per_Choice_242_rb.ept,CorrectFdbk,5.794360764
Per_Choice_242_rb.ept,CorrectFdbk,6.496550218
Per_Choice_242_rb.ept,CorrectFdbk,0.800924157
Per_Choice_242_rb.ept,CorrectFdbk,11.23617095
Per_Choice_242_rb.ept,CorrectFdbk,4.24329718
Per_Choice_242_rb.ept,CorrectFdbk,-17.00510816
Per_Choice_242_rb.ept,CorrectFdbk,9.848337025
Per_Choice_242_rb.ept,CorrectFdbk,11.46687892
Per_Choice_242_rb.ept,CorrectFdbk,17.21434766
Per_Choice_242_rb.ept,CorrectFdbk,8.921689314
Per_Choice_242_rb.ept,CorrectFdbkFood,2.037566763
Per_Choice_242_rb.ept,CorrectFdbkFood,-5.614344777
Per_Choice_242_rb.ept,CorrectFdbkFood,6.341405316
Per_Choice_242_rb.ept,CorrectFdbkFood,16.5449605
Per_Choice_242_rb.ept,CorrectFdbkFood,0.488101513
Per_Choice_242_rb.ept,CorrectFdbkFood,9.929277546
Per_Choice_242_rb.ept,CorrectFdbkFood,23.11140948
Per_Choice_242_rb.ept,CorrectFdbkFood,12.59826135
Per_Choice_242_rb.ept,CorrectFdbkFood,13.53672495
Per_Choice_242_rb.ept,CorrectFdbkFood,15.37007826
Per_Choice_242_rb.ept,CorrectFdbkFood,3.481614085
Per_Choice_242_rb.ept,CorrectFdbkFood,3.025927593
Per_Choice_242_rb.ept,CorrectFdbkFood,11.99936323
Per_Choice_242_rb.ept,CorrectFdbkFood,14.91795976
Per_Choice_242_rb.ept,CorrectFdbkFood,17.39042316
Per_Choice_242_rb.ept,IncorrectFdbk,-0.936930679
Per_Choice_242_rb.ept,IncorrectFdbk,8.601756481
Per_Choice_242_rb.ept,IncorrectFdbk,-9.233555925
Per_Choice_242_rb.ept,IncorrectFdbk,3.230113432
Per_Choice_242_rb.ept,IncorrectFdbk,9.058423053
Per_Choice_242_rb.ept,IncorrectFdbk,3.068118385
Per_Choice_242_rb.ept,IncorrectFdbk,1.660018289
Per_Choice_242_rb.ept,IncorrectFdbk,0.676876619
Per_Choice_242_rb.ept,IncorrectFdbk,-1.32741575
Per_Choice_242_rb.ept,IncorrectFdbk,5.910016423
Per_Choice_242_rb.ept,IncorrectFdbk,14.38088509
Per_Choice_242_rb.ept,IncorrectFdbk,-6.697197403
Per_Choice_242_rb.ept,IncorrectFdbk,-6.195297364
Per_Choice_242_rb.ept,IncorrectFdbk,-3.885649724
Per_Choice_242_rb.ept,IncorrectFdbk,-3.151982986
Per_Choice_242_rb.ept,IncorrectFdbk,12.86394754
Per_Choice_242_rb.ept,IncorrectFdbk,8.891226572
Per_Choice_242_rb.ept,IncorrectFdbk,-1.479496057
Per_Choice_242_rb.ept,IncorrectFdbk,-4.265040975
Per_Choice_242_rb.ept,IncorrectFdbk,4.170631598
Per_Choice_242_rb.ept,IncorrectFdbk,3.841149831
Per_Choice_242_rb.ept,IncorrectFdbk,-8.27050646
Per_Choice_243_rb.ept,CorrectFdbk,5.850672328
Per_Choice_243_rb.ept,CorrectFdbk,8.563057217
Per_Choice_243_rb.ept,CorrectFdbk,7.536085897
Per_Choice_243_rb.ept,CorrectFdbk,11.27767116
Per_Choice_243_rb.ept,CorrectFdbk,11.48249249
Per_Choice_243_rb.ept,CorrectFdbk,8.322184674
Per_Choice_243_rb.ept,CorrectFdbk,11.64445983
Per_Choice_243_rb.ept,CorrectFdbk,4.265417058
Per_Choice_243_rb.ept,CorrectFdbk,8.635203809
Per_Choice_243_rb.ept,CorrectFdbk,14.21278943
Per_Choice_243_rb.ept,CorrectFdbk,6.143356421
Per_Choice_243_rb.ept,CorrectFdbk,8.549778402
Per_Choice_243_rb.ept,CorrectFdbk,3.416052868
Per_Choice_243_rb.ept,CorrectFdbk,-1.839855142
Per_Choice_243_rb.ept,CorrectFdbk,11.15324819
Per_Choice_243_rb.ept,CorrectFdbk,11.79524741
Per_Choice_243_rb.ept,CorrectFdbk,6.173207274
Per_Choice_243_rb.ept,CorrectFdbk,12.8652673
Per_Choice_243_rb.ept,CorrectFdbkFood,9.042328208
Per_Choice_243_rb.ept,CorrectFdbkFood,9.33436065
Per_Choice_243_rb.ept,CorrectFdbkFood,7.585492077
Per_Choice_243_rb.ept,CorrectFdbkFood,13.19647207
Per_Choice_243_rb.ept,CorrectFdbkFood,9.09353767
Per_Choice_243_rb.ept,CorrectFdbkFood,12.20172287
Per_Choice_243_rb.ept,CorrectFdbkFood,15.92297769
Per_Choice_243_rb.ept,CorrectFdbkFood,4.41328218
Per_Choice_243_rb.ept,CorrectFdbkFood,13.013961
Per_Choice_243_rb.ept,CorrectFdbkFood,6.849443812
Per_Choice_243_rb.ept,CorrectFdbkFood,12.19424397
Per_Choice_243_rb.ept,IncorrectFdbk,15.27019085
Per_Choice_243_rb.ept,IncorrectFdbk,6.100100536
Per_Choice_243_rb.ept,IncorrectFdbk,5.654878553
Per_Choice_243_rb.ept,IncorrectFdbk,5.471460296
Per_Choice_243_rb.ept,IncorrectFdbk,-1.305199645
Per_Choice_243_rb.ept,IncorrectFdbk,-9.917365886
Per_Choice_243_rb.ept,IncorrectFdbk,5.170587219
Per_Choice_243_rb.ept,IncorrectFdbk,7.881138449
Per_Choice_243_rb.ept,IncorrectFdbk,8.677646396
Per_Choice_243_rb.ept,IncorrectFdbk,6.784422015
Per_Choice_243_rb.ept,IncorrectFdbk,0.532572418
Per_Choice_243_rb.ept,IncorrectFdbk,12.11474044
Per_Choice_243_rb.ept,IncorrectFdbk,5.291702448
Per_Choice_243_rb.ept,IncorrectFdbk,4.77933375
Per_Choice_243_rb.ept,IncorrectFdbk,2.612271188
Per_Choice_243_rb.ept,IncorrectFdbk,6.858715762
Per_Choice_243_rb.ept,IncorrectFdbk,-5.448601672
Per_Choice_243_rb.ept,IncorrectFdbk,5.89868546
Per_Choice_244_rb.ept,CorrectFdbk,-4.658077481
Per_Choice_244_rb.ept,CorrectFdbk,-1.227025634
Per_Choice_244_rb.ept,CorrectFdbk,-1.017073086
Per_Choice_244_rb.ept,CorrectFdbk,13.22863141
Per_Choice_244_rb.ept,CorrectFdbk,0.615751416
Per_Choice_244_rb.ept,CorrectFdbk,-2.197958643
Per_Choice_244_rb.ept,CorrectFdbk,10.26941067
Per_Choice_244_rb.ept,CorrectFdbk,15.03703817
Per_Choice_244_rb.ept,CorrectFdbk,10.06346052
Per_Choice_244_rb.ept,CorrectFdbk,12.17597792
Per_Choice_244_rb.ept,CorrectFdbk,-1.072923058
Per_Choice_244_rb.ept,CorrectFdbk,3.882964685
Per_Choice_244_rb.ept,CorrectFdbk,-22.62898777
Per_Choice_244_rb.ept,CorrectFdbkFood,-1.32112569
Per_Choice_244_rb.ept,CorrectFdbkFood,-25.52193501
Per_Choice_244_rb.ept,CorrectFdbkFood,-0.640278591
Per_Choice_244_rb.ept,CorrectFdbkFood,11.49253849
Per_Choice_244_rb.ept,CorrectFdbkFood,14.8700803
Per_Choice_244_rb.ept,CorrectFdbkFood,11.54777606
Per_Choice_244_rb.ept,CorrectFdbkFood,11.98320998
Per_Choice_244_rb.ept,CorrectFdbkFood,0.727423911
Per_Choice_244_rb.ept,CorrectFdbkFood,-22.11622922
Per_Choice_244_rb.ept,IncorrectFdbk,-2.379997493
Per_Choice_244_rb.ept,IncorrectFdbk,-0.459531617
Per_Choice_244_rb.ept,IncorrectFdbk,1.069643114
Per_Choice_244_rb.ept,IncorrectFdbk,-3.784949876
Per_Choice_244_rb.ept,IncorrectFdbk,3.463297717
Per_Choice_244_rb.ept,IncorrectFdbk,-4.79665111
Per_Choice_244_rb.ept,IncorrectFdbk,-0.945214757
Per_Choice_244_rb.ept,IncorrectFdbk,-7.396116694
Per_Choice_244_rb.ept,IncorrectFdbk,1.456612802
Per_Choice_244_rb.ept,IncorrectFdbk,-0.977868473
Per_Choice_244_rb.ept,IncorrectFdbk,-18.67128883
Per_Choice_244_rb.ept,IncorrectFdbk,-13.93177333
Per_Choice_244_rb.ept,IncorrectFdbk,-1.880780071
Per_Choice_244_rb.ept,IncorrectFdbk,2.375985416
Per_Choice_244_rb.ept,IncorrectFdbk,-6.833461666
Per_Choice_245_rb.ept,CorrectFdbk,0.819140147
Per_Choice_245_rb.ept,CorrectFdbk,11.34309184
Per_Choice_245_rb.ept,CorrectFdbk,6.09295666
Per_Choice_245_rb.ept,CorrectFdbk,4.842852937
Per_Choice_245_rb.ept,CorrectFdbk,14.50340008
Per_Choice_245_rb.ept,CorrectFdbk,3.954677416
Per_Choice_245_rb.ept,CorrectFdbk,5.902307202
Per_Choice_245_rb.ept,CorrectFdbk,1.911470147
Per_Choice_245_rb.ept,CorrectFdbk,12.09659902
Per_Choice_245_rb.ept,CorrectFdbk,9.049134394
Per_Choice_245_rb.ept,CorrectFdbk,1.301555853
Per_Choice_245_rb.ept,CorrectFdbk,11.10552073
Per_Choice_245_rb.ept,CorrectFdbk,10.65327595
Per_Choice_245_rb.ept,CorrectFdbk,5.853975944
Per_Choice_245_rb.ept,CorrectFdbk,6.507883174
Per_Choice_245_rb.ept,CorrectFdbk,11.89261397
Per_Choice_245_rb.ept,CorrectFdbk,5.926610333
Per_Choice_245_rb.ept,CorrectFdbk,2.214366964
Per_Choice_245_rb.ept,CorrectFdbk,9.818322465
Per_Choice_245_rb.ept,CorrectFdbk,7.666486661
Per_Choice_245_rb.ept,CorrectFdbk,8.098760356
Per_Choice_245_rb.ept,CorrectFdbk,7.34939848
Per_Choice_245_rb.ept,CorrectFdbk,6.921916542
Per_Choice_245_rb.ept,CorrectFdbk,8.725431205
Per_Choice_245_rb.ept,CorrectFdbkFood,11.88338733
Per_Choice_245_rb.ept,CorrectFdbkFood,7.277429256
Per_Choice_245_rb.ept,CorrectFdbkFood,6.051332348
Per_Choice_245_rb.ept,CorrectFdbkFood,14.51820779
Per_Choice_245_rb.ept,CorrectFdbkFood,5.038409326
Per_Choice_245_rb.ept,CorrectFdbkFood,12.34435912
Per_Choice_245_rb.ept,CorrectFdbkFood,10.55822766
Per_Choice_245_rb.ept,CorrectFdbkFood,11.41395544
Per_Choice_245_rb.ept,CorrectFdbkFood,6.572361028
Per_Choice_245_rb.ept,CorrectFdbkFood,5.556182706
Per_Choice_245_rb.ept,CorrectFdbkFood,2.04894603
Per_Choice_245_rb.ept,CorrectFdbkFood,10.03675113
Per_Choice_245_rb.ept,CorrectFdbkFood,6.404966569
Per_Choice_245_rb.ept,CorrectFdbkFood,8.86259255
Per_Choice_245_rb.ept,CorrectFdbkFood,6.882232733
Per_Choice_245_rb.ept,CorrectFdbkFood,8.051927748
Per_Choice_245_rb.ept,IncorrectFdbk,5.221182824
Per_Choice_245_rb.ept,IncorrectFdbk,5.86020649
Per_Choice_245_rb.ept,IncorrectFdbk,-1.394417412
Per_Choice_245_rb.ept,IncorrectFdbk,3.203318966
Per_Choice_245_rb.ept,IncorrectFdbk,12.22096366
Per_Choice_245_rb.ept,IncorrectFdbk,5.462245248
Per_Choice_245_rb.ept,IncorrectFdbk,1.414880836
Per_Choice_245_rb.ept,IncorrectFdbk,-1.996924333
Per_Choice_245_rb.ept,IncorrectFdbk,6.212803388
Per_Choice_245_rb.ept,IncorrectFdbk,8.562175475
Per_Choice_245_rb.ept,IncorrectFdbk,7.054274191
Per_Choice_245_rb.ept,IncorrectFdbk,10.92719964
Per_Choice_245_rb.ept,IncorrectFdbk,2.271676
Per_Choice_245_rb.ept,IncorrectFdbk,5.84382503
Per_Choice_245_rb.ept,IncorrectFdbk,1.392880226
Per_Choice_245_rb.ept,IncorrectFdbk,7.515132872
Per_Choice_245_rb.ept,IncorrectFdbk,7.540397636
Per_Choice_245_rb.ept,IncorrectFdbk,2.616885125
Per_Choice_245_rb.ept,IncorrectFdbk,12.66076938
Per_Choice_245_rb.ept,IncorrectFdbk,2.10320066
Per_Choice_246_rb.ept,CorrectFdbk,0.664600821
Per_Choice_246_rb.ept,CorrectFdbk,2.38604232
Per_Choice_246_rb.ept,CorrectFdbk,4.647424399
Per_Choice_246_rb.ept,CorrectFdbk,2.01238612
Per_Choice_246_rb.ept,CorrectFdbk,-0.20849234
Per_Choice_246_rb.ept,CorrectFdbk,1.976206217
Per_Choice_246_rb.ept,CorrectFdbk,-3.420757491
Per_Choice_246_rb.ept,CorrectFdbk,0.995747438
Per_Choice_246_rb.ept,CorrectFdbk,0.766675059
Per_Choice_246_rb.ept,CorrectFdbk,6.331125705
Per_Choice_246_rb.ept,CorrectFdbk,1.013319402
Per_Choice_246_rb.ept,CorrectFdbk,2.978931382
Per_Choice_246_rb.ept,CorrectFdbk,5.645132731
Per_Choice_246_rb.ept,CorrectFdbk,0.722288417
Per_Choice_246_rb.ept,CorrectFdbk,1.329021557
Per_Choice_246_rb.ept,CorrectFdbk,8.055954433
Per_Choice_246_rb.ept,CorrectFdbk,5.24851296
Per_Choice_246_rb.ept,CorrectFdbk,8.127817521
Per_Choice_246_rb.ept,CorrectFdbk,-0.148365177
Per_Choice_246_rb.ept,CorrectFdbk,9.015321414
Per_Choice_246_rb.ept,CorrectFdbk,2.879854146
Per_Choice_246_rb.ept,CorrectFdbkFood,-2.517653209
Per_Choice_246_rb.ept,CorrectFdbkFood,4.341085733
Per_Choice_246_rb.ept,CorrectFdbkFood,-0.175910691
Per_Choice_246_rb.ept,CorrectFdbkFood,0.08854618
Per_Choice_246_rb.ept,CorrectFdbkFood,2.150071717
Per_Choice_246_rb.ept,CorrectFdbkFood,-4.384094503
Per_Choice_246_rb.ept,CorrectFdbkFood,1.635148132
Per_Choice_246_rb.ept,CorrectFdbkFood,5.67922721
Per_Choice_246_rb.ept,CorrectFdbkFood,-0.146600669
Per_Choice_246_rb.ept,CorrectFdbkFood,3.859409036
Per_Choice_246_rb.ept,CorrectFdbkFood,0.232332306
Per_Choice_246_rb.ept,CorrectFdbkFood,9.370423057
Per_Choice_246_rb.ept,CorrectFdbkFood,-2.109413453
Per_Choice_246_rb.ept,CorrectFdbkFood,3.874690302
Per_Choice_246_rb.ept,CorrectFdbkFood,3.990369271
Per_Choice_246_rb.ept,IncorrectFdbk,0.298436957
Per_Choice_246_rb.ept,IncorrectFdbk,2.614493479
Per_Choice_246_rb.ept,IncorrectFdbk,5.023885024
Per_Choice_246_rb.ept,IncorrectFdbk,-0.504533941
Per_Choice_246_rb.ept,IncorrectFdbk,1.267852766
Per_Choice_246_rb.ept,IncorrectFdbk,7.894562571
Per_Choice_246_rb.ept,IncorrectFdbk,5.713408474
Per_Choice_246_rb.ept,IncorrectFdbk,1.019543609
Per_Choice_246_rb.ept,IncorrectFdbk,5.731291921
Per_Choice_246_rb.ept,IncorrectFdbk,10.05300092
Per_Choice_246_rb.ept,IncorrectFdbk,3.517412442
Per_Choice_246_rb.ept,IncorrectFdbk,6.987780018
Per_Choice_246_rb.ept,IncorrectFdbk,4.925383092
Per_Choice_246_rb.ept,IncorrectFdbk,0.807056798
Per_Choice_246_rb.ept,IncorrectFdbk,-2.045246103
Per_Choice_246_rb.ept,IncorrectFdbk,-1.212811193
Per_Choice_246_rb.ept,IncorrectFdbk,0.375858232
Per_Choice_246_rb.ept,IncorrectFdbk,8.359632205
Per_Choice_246_rb.ept,IncorrectFdbk,0.419445598
Per_Choice_246_rb.ept,IncorrectFdbk,1.227202433
Per_Choice_246_rb.ept,IncorrectFdbk,8.492093272
Per_Choice_246_rb.ept,IncorrectFdbk,3.549155031
Per_Choice_246_rb.ept,IncorrectFdbk,9.566589994
Per_Choice_246_rb.ept,IncorrectFdbk,7.523711254
Per_Choice_247_rb.ept,CorrectFdbk,5.433217063
Per_Choice_247_rb.ept,CorrectFdbk,1.316982263
Per_Choice_247_rb.ept,CorrectFdbk,2.201737345
Per_Choice_247_rb.ept,CorrectFdbk,7.476194533
Per_Choice_247_rb.ept,CorrectFdbk,7.291724448
Per_Choice_247_rb.ept,CorrectFdbk,6.228795866
Per_Choice_247_rb.ept,CorrectFdbk,9.999838014
Per_Choice_247_rb.ept,CorrectFdbk,8.511105759
Per_Choice_247_rb.ept,CorrectFdbk,2.975700947
Per_Choice_247_rb.ept,CorrectFdbk,4.167693885
Per_Choice_247_rb.ept,CorrectFdbk,8.755750092
Per_Choice_247_rb.ept,CorrectFdbk,4.9226567
Per_Choice_247_rb.ept,CorrectFdbk,4.15694426
Per_Choice_247_rb.ept,CorrectFdbk,6.706830934
Per_Choice_247_rb.ept,CorrectFdbk,10.64689147
Per_Choice_247_rb.ept,CorrectFdbk,3.596597648
Per_Choice_247_rb.ept,CorrectFdbk,3.226651025
Per_Choice_247_rb.ept,CorrectFdbk,6.547466956
Per_Choice_247_rb.ept,CorrectFdbk,4.801731266
Per_Choice_247_rb.ept,CorrectFdbk,-0.322533853
Per_Choice_247_rb.ept,CorrectFdbk,6.51910615
Per_Choice_247_rb.ept,CorrectFdbk,5.598802879
Per_Choice_247_rb.ept,CorrectFdbk,6.867402732
Per_Choice_247_rb.ept,CorrectFdbk,1.390448874
Per_Choice_247_rb.ept,CorrectFdbkFood,6.584585507
Per_Choice_247_rb.ept,CorrectFdbkFood,7.229677048
Per_Choice_247_rb.ept,CorrectFdbkFood,6.538990402
Per_Choice_247_rb.ept,CorrectFdbkFood,8.272653913
Per_Choice_247_rb.ept,CorrectFdbkFood,0.575312661
Per_Choice_247_rb.ept,CorrectFdbkFood,5.191316454
Per_Choice_247_rb.ept,CorrectFdbkFood,8.321458103
Per_Choice_247_rb.ept,CorrectFdbkFood,5.393023256
Per_Choice_247_rb.ept,CorrectFdbkFood,3.955264304
Per_Choice_247_rb.ept,CorrectFdbkFood,6.552482466
Per_Choice_247_rb.ept,CorrectFdbkFood,9.622282761
Per_Choice_247_rb.ept,CorrectFdbkFood,4.142893216
Per_Choice_247_rb.ept,CorrectFdbkFood,3.036025118
Per_Choice_247_rb.ept,CorrectFdbkFood,6.252511525
Per_Choice_247_rb.ept,CorrectFdbkFood,4.137354743
Per_Choice_247_rb.ept,CorrectFdbkFood,0.226692722
Per_Choice_247_rb.ept,CorrectFdbkFood,5.835059357
Per_Choice_247_rb.ept,CorrectFdbkFood,7.193275378
Per_Choice_247_rb.ept,IncorrectFdbk,2.205842743
Per_Choice_247_rb.ept,IncorrectFdbk,2.897194971
Per_Choice_247_rb.ept,IncorrectFdbk,2.025612184
Per_Choice_247_rb.ept,IncorrectFdbk,5.379655128
Per_Choice_247_rb.ept,IncorrectFdbk,3.592129556
Per_Choice_247_rb.ept,IncorrectFdbk,9.67676717
Per_Choice_247_rb.ept,IncorrectFdbk,1.037354606
Per_Choice_247_rb.ept,IncorrectFdbk,-1.352610459
Per_Choice_247_rb.ept,IncorrectFdbk,-0.831211654
Per_Choice_247_rb.ept,IncorrectFdbk,4.814530589
Per_Choice_247_rb.ept,IncorrectFdbk,2.118673311
Per_Choice_247_rb.ept,IncorrectFdbk,8.188424142
Per_Choice_247_rb.ept,IncorrectFdbk,4.266199521
Per_Choice_247_rb.ept,IncorrectFdbk,6.86958468
Per_Choice_247_rb.ept,IncorrectFdbk,-0.523424967
Per_Choice_247_rb.ept,IncorrectFdbk,1.264831303
Per_Choice_247_rb.ept,IncorrectFdbk,1.297342972
Per_Choice_247_rb.ept,IncorrectFdbk,4.592816261
Per_Choice_248_rb.ept,CorrectFdbk,4.148889921
Per_Choice_248_rb.ept,CorrectFdbk,4.068258408
Per_Choice_248_rb.ept,CorrectFdbk,1.176878792
Per_Choice_248_rb.ept,CorrectFdbk,2.442266483
Per_Choice_248_rb.ept,CorrectFdbk,-0.143247079
Per_Choice_248_rb.ept,CorrectFdbk,0.179176884
Per_Choice_248_rb.ept,CorrectFdbk,4.206405369
Per_Choice_248_rb.ept,CorrectFdbk,0.674370378
Per_Choice_248_rb.ept,CorrectFdbk,-0.397509162
Per_Choice_248_rb.ept,CorrectFdbk,2.893299144
Per_Choice_248_rb.ept,CorrectFdbk,4.830395864
Per_Choice_248_rb.ept,CorrectFdbk,4.365101066
Per_Choice_248_rb.ept,CorrectFdbk,12.8802536
Per_Choice_248_rb.ept,CorrectFdbk,2.262164214
Per_Choice_248_rb.ept,CorrectFdbk,4.127671375
Per_Choice_248_rb.ept,CorrectFdbk,-0.915357734
Per_Choice_248_rb.ept,CorrectFdbk,5.366412545
Per_Choice_248_rb.ept,CorrectFdbk,0.856816283
Per_Choice_248_rb.ept,CorrectFdbk,-1.130166376
Per_Choice_248_rb.ept,CorrectFdbk,3.202743382
Per_Choice_248_rb.ept,CorrectFdbk,0.525479522
Per_Choice_248_rb.ept,CorrectFdbkFood,1.754385878
Per_Choice_248_rb.ept,CorrectFdbkFood,5.01968293
Per_Choice_248_rb.ept,CorrectFdbkFood,3.671596763
Per_Choice_248_rb.ept,CorrectFdbkFood,0.711737446
Per_Choice_248_rb.ept,CorrectFdbkFood,0.053954102
Per_Choice_248_rb.ept,CorrectFdbkFood,3.873371463
Per_Choice_248_rb.ept,CorrectFdbkFood,-0.576524405
Per_Choice_248_rb.ept,CorrectFdbkFood,0.122275616
Per_Choice_248_rb.ept,CorrectFdbkFood,4.859686398
Per_Choice_248_rb.ept,CorrectFdbkFood,5.080598632
Per_Choice_248_rb.ept,CorrectFdbkFood,4.77399225
Per_Choice_248_rb.ept,CorrectFdbkFood,11.92448563
Per_Choice_248_rb.ept,CorrectFdbkFood,-0.977586192
Per_Choice_248_rb.ept,CorrectFdbkFood,1.376150203
Per_Choice_248_rb.ept,CorrectFdbkFood,0.756348517
Per_Choice_248_rb.ept,CorrectFdbkFood,0.845219797
Per_Choice_248_rb.ept,IncorrectFdbk,-2.048062073
Per_Choice_248_rb.ept,IncorrectFdbk,6.492133953
Per_Choice_248_rb.ept,IncorrectFdbk,3.055924381
Per_Choice_248_rb.ept,IncorrectFdbk,-1.069120114
Per_Choice_248_rb.ept,IncorrectFdbk,-1.638629802
Per_Choice_248_rb.ept,IncorrectFdbk,-0.279316915
Per_Choice_248_rb.ept,IncorrectFdbk,-3.173513985
Per_Choice_248_rb.ept,IncorrectFdbk,6.683888231
Per_Choice_248_rb.ept,IncorrectFdbk,5.917675274
Per_Choice_248_rb.ept,IncorrectFdbk,7.39202266
Per_Choice_248_rb.ept,IncorrectFdbk,3.965769812
Per_Choice_248_rb.ept,IncorrectFdbk,-1.360630314
Per_Choice_248_rb.ept,IncorrectFdbk,-1.179757997
Per_Choice_248_rb.ept,IncorrectFdbk,2.204755658
Per_Choice_248_rb.ept,IncorrectFdbk,2.263620867
Per_Choice_248_rb.ept,IncorrectFdbk,7.095128033
Per_Choice_248_rb.ept,IncorrectFdbk,-1.117654828
Per_Choice_248_rb.ept,IncorrectFdbk,-0.426596806
Per_Choice_248_rb.ept,IncorrectFdbk,3.760249419
Per_Choice_248_rb.ept,IncorrectFdbk,5.230136775
Per_Choice_300_rb.ept,CorrectFdbk,5.309332402
Per_Choice_300_rb.ept,CorrectFdbk,3.958063123
Per_Choice_300_rb.ept,CorrectFdbk,10.05020493
Per_Choice_300_rb.ept,CorrectFdbk,6.973439131
Per_Choice_300_rb.ept,CorrectFdbk,-0.363805763
Per_Choice_300_rb.ept,CorrectFdbk,8.45165419
Per_Choice_300_rb.ept,CorrectFdbk,1.279870359
Per_Choice_300_rb.ept,CorrectFdbk,4.884781838
Per_Choice_300_rb.ept,CorrectFdbk,8.758691399
Per_Choice_300_rb.ept,CorrectFdbk,0.417284382
Per_Choice_300_rb.ept,CorrectFdbk,3.698332613
Per_Choice_300_rb.ept,CorrectFdbk,0.62683432
Per_Choice_300_rb.ept,CorrectFdbk,4.554190224
Per_Choice_300_rb.ept,CorrectFdbk,9.563780589
Per_Choice_300_rb.ept,CorrectFdbk,6.434105708
Per_Choice_300_rb.ept,CorrectFdbk,12.42064046
Per_Choice_300_rb.ept,CorrectFdbk,8.298840919
Per_Choice_300_rb.ept,CorrectFdbk,3.332584718
Per_Choice_300_rb.ept,CorrectFdbk,6.675817011
Per_Choice_300_rb.ept,CorrectFdbk,4.168249169
Per_Choice_300_rb.ept,CorrectFdbk,3.918572996
Per_Choice_300_rb.ept,CorrectFdbk,8.86486165
Per_Choice_300_rb.ept,CorrectFdbk,1.671574013
Per_Choice_300_rb.ept,CorrectFdbk,7.056888095
Per_Choice_300_rb.ept,CorrectFdbkFood,10.05020493
Per_Choice_300_rb.ept,CorrectFdbkFood,6.973439131
Per_Choice_300_rb.ept,CorrectFdbkFood,-0.363805763
Per_Choice_300_rb.ept,CorrectFdbkFood,1.279870359
Per_Choice_300_rb.ept,CorrectFdbkFood,4.884781838
Per_Choice_300_rb.ept,CorrectFdbkFood,8.758691399
Per_Choice_300_rb.ept,CorrectFdbkFood,0.417284382
Per_Choice_300_rb.ept,CorrectFdbkFood,3.698839281
Per_Choice_300_rb.ept,CorrectFdbkFood,0.626815292
Per_Choice_300_rb.ept,CorrectFdbkFood,4.554190224
Per_Choice_300_rb.ept,CorrectFdbkFood,6.434105708
Per_Choice_300_rb.ept,CorrectFdbkFood,8.298840919
Per_Choice_300_rb.ept,CorrectFdbkFood,6.675817011
Per_Choice_300_rb.ept,CorrectFdbkFood,4.168249169
Per_Choice_300_rb.ept,CorrectFdbkFood,8.86486165
Per_Choice_300_rb.ept,CorrectFdbkFood,1.671574013
Per_Choice_300_rb.ept,CorrectFdbkFood,7.056888095
Per_Choice_300_rb.ept,IncorrectFdbk,2.314278676
Per_Choice_300_rb.ept,IncorrectFdbk,3.739604665
Per_Choice_300_rb.ept,IncorrectFdbk,-3.932927279
Per_Choice_300_rb.ept,IncorrectFdbk,1.792082687
Per_Choice_300_rb.ept,IncorrectFdbk,-0.223219653
Per_Choice_300_rb.ept,IncorrectFdbk,2.394732706
Per_Choice_300_rb.ept,IncorrectFdbk,14.04549718
Per_Choice_300_rb.ept,IncorrectFdbk,6.332226067
Per_Choice_300_rb.ept,IncorrectFdbk,8.317667041
Per_Choice_300_rb.ept,IncorrectFdbk,-0.442923464
Per_Choice_300_rb.ept,IncorrectFdbk,1.360955738
Per_Choice_300_rb.ept,IncorrectFdbk,0.221451259
Per_Choice_300_rb.ept,IncorrectFdbk,5.213953496
Per_Choice_300_rb.ept,IncorrectFdbk,2.077403653
Per_Choice_300_rb.ept,IncorrectFdbk,4.075925318
Per_Choice_300_rb.ept,IncorrectFdbk,4.206119847
Per_Choice_300_rb.ept,IncorrectFdbk,11.54211259
Per_Choice_300_rb.ept,IncorrectFdbk,-2.855726417
Per_Choice_300_rb.ept,IncorrectFdbk,5.015746084
Per_Choice_300_rb.ept,IncorrectFdbk,-5.143569952
Per_Choice_300_rb.ept,IncorrectFdbk,3.377219677
Per_Choice_300_rb.ept,IncorrectFdbk,5.521881176
Per_Choice_301_rb.ept,CorrectFdbk,8.581258293
Per_Choice_301_rb.ept,CorrectFdbk,13.47497144
Per_Choice_301_rb.ept,CorrectFdbk,3.973856778
Per_Choice_301_rb.ept,CorrectFdbk,18.68982529
Per_Choice_301_rb.ept,CorrectFdbk,4.190807349
Per_Choice_301_rb.ept,CorrectFdbk,7.100103498
Per_Choice_301_rb.ept,CorrectFdbk,2.169501605
Per_Choice_301_rb.ept,CorrectFdbk,9.079320939
Per_Choice_301_rb.ept,CorrectFdbk,-3.067314971
Per_Choice_301_rb.ept,CorrectFdbk,11.69360635
Per_Choice_301_rb.ept,CorrectFdbk,4.29537497
Per_Choice_301_rb.ept,CorrectFdbk,-3.461800545
Per_Choice_301_rb.ept,CorrectFdbk,4.924874111
Per_Choice_301_rb.ept,CorrectFdbk,-8.737061514
Per_Choice_301_rb.ept,CorrectFdbk,5.285998258
Per_Choice_301_rb.ept,CorrectFdbk,3.158218999
Per_Choice_301_rb.ept,CorrectFdbk,3.800943299
Per_Choice_301_rb.ept,CorrectFdbk,6.072431098
Per_Choice_301_rb.ept,CorrectFdbk,12.02943151
Per_Choice_301_rb.ept,CorrectFdbk,4.577149944
Per_Choice_301_rb.ept,CorrectFdbk,-4.737427651
Per_Choice_301_rb.ept,CorrectFdbk,6.322108371
Per_Choice_301_rb.ept,CorrectFdbk,5.453478188
Per_Choice_301_rb.ept,CorrectFdbk,-5.398842317
Per_Choice_301_rb.ept,CorrectFdbk,1.570415254
Per_Choice_301_rb.ept,CorrectFdbkFood,13.47497144
Per_Choice_301_rb.ept,CorrectFdbkFood,18.68982529
Per_Choice_301_rb.ept,CorrectFdbkFood,7.100103498
Per_Choice_301_rb.ept,CorrectFdbkFood,9.079320939
Per_Choice_301_rb.ept,CorrectFdbkFood,-3.067314971
Per_Choice_301_rb.ept,CorrectFdbkFood,11.52430172
Per_Choice_301_rb.ept,CorrectFdbkFood,-3.461800545
Per_Choice_301_rb.ept,CorrectFdbkFood,-8.737061514
Per_Choice_301_rb.ept,CorrectFdbkFood,3.158218999
Per_Choice_301_rb.ept,CorrectFdbkFood,3.800943299
Per_Choice_301_rb.ept,CorrectFdbkFood,6.072431098
Per_Choice_301_rb.ept,CorrectFdbkFood,12.02943151
Per_Choice_301_rb.ept,CorrectFdbkFood,4.577149944
Per_Choice_301_rb.ept,CorrectFdbkFood,-4.737427651
Per_Choice_301_rb.ept,CorrectFdbkFood,6.322108371
Per_Choice_301_rb.ept,CorrectFdbkFood,-5.398842317
Per_Choice_301_rb.ept,IncorrectFdbk,5.3544677
Per_Choice_301_rb.ept,IncorrectFdbk,-2.501300697
Per_Choice_301_rb.ept,IncorrectFdbk,4.702117447
Per_Choice_301_rb.ept,IncorrectFdbk,0.636094754
Per_Choice_301_rb.ept,IncorrectFdbk,1.426584225
Per_Choice_301_rb.ept,IncorrectFdbk,8.383777039
Per_Choice_301_rb.ept,IncorrectFdbk,-3.956739945
Per_Choice_301_rb.ept,IncorrectFdbk,6.344606364
Per_Choice_301_rb.ept,IncorrectFdbk,4.404064678
Per_Choice_301_rb.ept,IncorrectFdbk,-7.117453259
Per_Choice_301_rb.ept,IncorrectFdbk,11.14507063
Per_Choice_301_rb.ept,IncorrectFdbk,6.870034496
Per_Choice_301_rb.ept,IncorrectFdbk,1.888803161
Per_Choice_301_rb.ept,IncorrectFdbk,5.406781469
Per_Choice_301_rb.ept,IncorrectFdbk,7.743777358
Per_Choice_301_rb.ept,IncorrectFdbk,1.158595792
Per_Choice_301_rb.ept,IncorrectFdbk,10.30845055
Per_Choice_301_rb.ept,IncorrectFdbk,0.958499815
Per_Choice_301_rb.ept,IncorrectFdbk,-1.127978821
Per_Choice_301_rb.ept,IncorrectFdbk,8.395113825
Per_Choice_301_rb.ept,IncorrectFdbk,3.704815942
Per_Choice_301_rb.ept,IncorrectFdbk,-0.459351052
Per_Choice_301_rb.ept,IncorrectFdbk,-0.351327948
Per_Choice_301_rb.ept,IncorrectFdbk,0.026808047
Per_Choice_302_rb.ept,CorrectFdbk,8.175018629
Per_Choice_302_rb.ept,CorrectFdbk,9.820628747
Per_Choice_302_rb.ept,CorrectFdbk,10.36249954
Per_Choice_302_rb.ept,CorrectFdbk,5.930652562
Per_Choice_302_rb.ept,CorrectFdbk,7.782847226
Per_Choice_302_rb.ept,CorrectFdbk,6.191970048
Per_Choice_302_rb.ept,CorrectFdbk,11.51686352
Per_Choice_302_rb.ept,CorrectFdbk,4.706145717
Per_Choice_302_rb.ept,CorrectFdbk,2.21386272
Per_Choice_302_rb.ept,CorrectFdbk,4.814739892
Per_Choice_302_rb.ept,CorrectFdbk,7.826789958
Per_Choice_302_rb.ept,CorrectFdbk,9.450441741
Per_Choice_302_rb.ept,CorrectFdbk,2.832682447
Per_Choice_302_rb.ept,CorrectFdbk,3.040299944
Per_Choice_302_rb.ept,CorrectFdbk,6.322413778
Per_Choice_302_rb.ept,CorrectFdbk,7.843579907
Per_Choice_302_rb.ept,CorrectFdbk,-0.156502936
Per_Choice_302_rb.ept,CorrectFdbk,8.744523177
Per_Choice_302_rb.ept,CorrectFdbk,5.503839811
Per_Choice_302_rb.ept,CorrectFdbk,-1.654555082
Per_Choice_302_rb.ept,CorrectFdbk,3.049364104
Per_Choice_302_rb.ept,CorrectFdbk,7.599698891
Per_Choice_302_rb.ept,CorrectFdbk,7.020014554
Per_Choice_302_rb.ept,CorrectFdbkFood,9.820628747
Per_Choice_302_rb.ept,CorrectFdbkFood,5.930652562
Per_Choice_302_rb.ept,CorrectFdbkFood,7.782847226
Per_Choice_302_rb.ept,CorrectFdbkFood,6.191970048
Per_Choice_302_rb.ept,CorrectFdbkFood,2.21386272
Per_Choice_302_rb.ept,CorrectFdbkFood,4.814739892
Per_Choice_302_rb.ept,CorrectFdbkFood,7.826789958
Per_Choice_302_rb.ept,CorrectFdbkFood,3.040300267
Per_Choice_302_rb.ept,CorrectFdbkFood,6.322413778
Per_Choice_302_rb.ept,CorrectFdbkFood,7.843579907
Per_Choice_302_rb.ept,CorrectFdbkFood,-0.156502936
Per_Choice_302_rb.ept,CorrectFdbkFood,8.744523177
Per_Choice_302_rb.ept,CorrectFdbkFood,-1.654563636
Per_Choice_302_rb.ept,CorrectFdbkFood,3.049364104
Per_Choice_302_rb.ept,IncorrectFdbk,5.127149282
Per_Choice_302_rb.ept,IncorrectFdbk,7.328918289
Per_Choice_302_rb.ept,IncorrectFdbk,9.441570827
Per_Choice_302_rb.ept,IncorrectFdbk,0.218949914
Per_Choice_302_rb.ept,IncorrectFdbk,1.146299305
Per_Choice_302_rb.ept,IncorrectFdbk,1.26202407
Per_Choice_302_rb.ept,IncorrectFdbk,-1.883850815
Per_Choice_302_rb.ept,IncorrectFdbk,7.109841157
Per_Choice_302_rb.ept,IncorrectFdbk,-4.804902086
Per_Choice_302_rb.ept,IncorrectFdbk,3.614272616
Per_Choice_302_rb.ept,IncorrectFdbk,3.35814171
Per_Choice_302_rb.ept,IncorrectFdbk,0.110236258
Per_Choice_302_rb.ept,IncorrectFdbk,3.744914253
Per_Choice_302_rb.ept,IncorrectFdbk,8.914444061
Per_Choice_302_rb.ept,IncorrectFdbk,7.317340977
Per_Choice_302_rb.ept,IncorrectFdbk,5.826207255
Per_Choice_302_rb.ept,IncorrectFdbk,6.86214361
Per_Choice_302_rb.ept,IncorrectFdbk,6.298120859
Per_Choice_302_rb.ept,IncorrectFdbk,2.842568653
Per_Choice_302_rb.ept,IncorrectFdbk,9.0597875
Per_Choice_302_rb.ept,IncorrectFdbk,-2.77671379
Per_Choice_303_rb.ept,CorrectFdbk,6.250606133
Per_Choice_303_rb.ept,CorrectFdbk,8.968798904
Per_Choice_303_rb.ept,CorrectFdbk,9.038104053
Per_Choice_303_rb.ept,CorrectFdbk,0.14299084
Per_Choice_303_rb.ept,CorrectFdbk,4.926351208
Per_Choice_303_rb.ept,CorrectFdbk,1.839148651
Per_Choice_303_rb.ept,CorrectFdbk,8.575778291
Per_Choice_303_rb.ept,CorrectFdbk,4.510903429
Per_Choice_303_rb.ept,CorrectFdbk,3.754322004
Per_Choice_303_rb.ept,CorrectFdbk,1.871818364
Per_Choice_303_rb.ept,CorrectFdbk,-3.979118664
Per_Choice_303_rb.ept,CorrectFdbk,7.511164311
Per_Choice_303_rb.ept,CorrectFdbkFood,6.250727369
Per_Choice_303_rb.ept,CorrectFdbkFood,8.968821185
Per_Choice_303_rb.ept,CorrectFdbkFood,9.038001677
Per_Choice_303_rb.ept,CorrectFdbkFood,0.143328652
Per_Choice_303_rb.ept,CorrectFdbkFood,4.926247313
Per_Choice_303_rb.ept,CorrectFdbkFood,1.839044031
Per_Choice_303_rb.ept,CorrectFdbkFood,8.575725091
Per_Choice_303_rb.ept,CorrectFdbkFood,4.511251722
Per_Choice_303_rb.ept,CorrectFdbkFood,3.754322004
Per_Choice_303_rb.ept,CorrectFdbkFood,1.871818899
Per_Choice_303_rb.ept,CorrectFdbkFood,-3.979005497
Per_Choice_303_rb.ept,IncorrectFdbk,2.94616255
Per_Choice_303_rb.ept,IncorrectFdbk,-0.424699018
Per_Choice_303_rb.ept,IncorrectFdbk,0.894739062
Per_Choice_303_rb.ept,IncorrectFdbk,1.262555112
Per_Choice_303_rb.ept,IncorrectFdbk,3.608498718
Per_Choice_303_rb.ept,IncorrectFdbk,3.226425567
Per_Choice_303_rb.ept,IncorrectFdbk,1.833976652
Per_Choice_303_rb.ept,IncorrectFdbk,0.01910327
Per_Choice_303_rb.ept,IncorrectFdbk,10.19585445
Per_Choice_303_rb.ept,IncorrectFdbk,4.761583016
Per_Choice_303_rb.ept,IncorrectFdbk,2.950146672
Per_Choice_303_rb.ept,IncorrectFdbk,-1.789218395
Per_Choice_305_rb.ept,CorrectFdbk,1.45939601
Per_Choice_305_rb.ept,CorrectFdbk,5.86646939
Per_Choice_305_rb.ept,CorrectFdbk,4.647995168
Per_Choice_305_rb.ept,CorrectFdbk,7.66849337
Per_Choice_305_rb.ept,CorrectFdbk,2.793809734
Per_Choice_305_rb.ept,CorrectFdbk,13.89532002
Per_Choice_305_rb.ept,CorrectFdbk,1.238235382
Per_Choice_305_rb.ept,CorrectFdbk,4.330107593
Per_Choice_305_rb.ept,CorrectFdbk,7.901751421
Per_Choice_305_rb.ept,CorrectFdbk,6.285132509
Per_Choice_305_rb.ept,CorrectFdbk,5.124305606
Per_Choice_305_rb.ept,CorrectFdbk,1.808363011
Per_Choice_305_rb.ept,CorrectFdbk,5.495298297
Per_Choice_305_rb.ept,CorrectFdbk,8.574342458
Per_Choice_305_rb.ept,CorrectFdbk,11.78557209
Per_Choice_305_rb.ept,CorrectFdbk,5.065858512
Per_Choice_305_rb.ept,CorrectFdbkFood,5.866454369
Per_Choice_305_rb.ept,CorrectFdbkFood,4.647995168
Per_Choice_305_rb.ept,CorrectFdbkFood,7.66849337
Per_Choice_305_rb.ept,CorrectFdbkFood,3.159685045
Per_Choice_305_rb.ept,CorrectFdbkFood,13.89531811
Per_Choice_305_rb.ept,CorrectFdbkFood,1.238235382
Per_Choice_305_rb.ept,CorrectFdbkFood,4.330107593
Per_Choice_305_rb.ept,CorrectFdbkFood,7.901723727
Per_Choice_305_rb.ept,CorrectFdbkFood,6.285128384
Per_Choice_305_rb.ept,CorrectFdbkFood,1.808363011
Per_Choice_305_rb.ept,CorrectFdbkFood,5.49540222
Per_Choice_305_rb.ept,CorrectFdbkFood,8.574335203
Per_Choice_305_rb.ept,CorrectFdbkFood,11.78551615
Per_Choice_305_rb.ept,IncorrectFdbk,-1.705142687
Per_Choice_305_rb.ept,IncorrectFdbk,6.807018411
Per_Choice_305_rb.ept,IncorrectFdbk,-2.489819071
Per_Choice_305_rb.ept,IncorrectFdbk,8.469832369
Per_Choice_305_rb.ept,IncorrectFdbk,3.874972726
Per_Choice_305_rb.ept,IncorrectFdbk,4.004606546
Per_Choice_305_rb.ept,IncorrectFdbk,-1.335560535
Per_Choice_305_rb.ept,IncorrectFdbk,7.789833657
Per_Choice_305_rb.ept,IncorrectFdbk,11.38339042
Per_Choice_305_rb.ept,IncorrectFdbk,6.720823284
Per_Choice_305_rb.ept,IncorrectFdbk,2.186690676
Per_Choice_305_rb.ept,IncorrectFdbk,12.06430058
Per_Choice_305_rb.ept,IncorrectFdbk,10.8784297
Per_Choice_307_rb.ept,CorrectFdbk,10.86251235
Per_Choice_307_rb.ept,CorrectFdbk,8.751108527
Per_Choice_307_rb.ept,CorrectFdbk,5.876691637
Per_Choice_307_rb.ept,CorrectFdbk,8.889159693
Per_Choice_307_rb.ept,CorrectFdbk,3.0886268
Per_Choice_307_rb.ept,CorrectFdbk,3.878331857
Per_Choice_307_rb.ept,CorrectFdbk,0.86598702
Per_Choice_307_rb.ept,CorrectFdbk,3.654700926
Per_Choice_307_rb.ept,CorrectFdbk,2.385707422
Per_Choice_307_rb.ept,CorrectFdbk,0.84218734
Per_Choice_307_rb.ept,CorrectFdbk,5.02416934
Per_Choice_307_rb.ept,CorrectFdbk,6.897862828
Per_Choice_307_rb.ept,CorrectFdbk,9.030587661
Per_Choice_307_rb.ept,CorrectFdbk,1.746388335
Per_Choice_307_rb.ept,CorrectFdbk,6.824756737
Per_Choice_307_rb.ept,CorrectFdbk,4.258937537
Per_Choice_307_rb.ept,CorrectFdbk,6.286026947
Per_Choice_307_rb.ept,CorrectFdbk,4.423237784
Per_Choice_307_rb.ept,CorrectFdbk,10.53881728
Per_Choice_307_rb.ept,CorrectFdbk,9.813757475
Per_Choice_307_rb.ept,CorrectFdbk,0.277507937
Per_Choice_307_rb.ept,CorrectFdbkFood,10.86251235
Per_Choice_307_rb.ept,CorrectFdbkFood,8.751108527
Per_Choice_307_rb.ept,CorrectFdbkFood,5.876691637
Per_Choice_307_rb.ept,CorrectFdbkFood,8.952766292
Per_Choice_307_rb.ept,CorrectFdbkFood,3.0886268
Per_Choice_307_rb.ept,CorrectFdbkFood,3.878331857
Per_Choice_307_rb.ept,CorrectFdbkFood,0.86598702
Per_Choice_307_rb.ept,CorrectFdbkFood,3.654700926
Per_Choice_307_rb.ept,CorrectFdbkFood,2.385707422
Per_Choice_307_rb.ept,CorrectFdbkFood,6.897862828
Per_Choice_307_rb.ept,CorrectFdbkFood,9.030587661
Per_Choice_307_rb.ept,CorrectFdbkFood,1.746388335
Per_Choice_307_rb.ept,CorrectFdbkFood,6.824756737
Per_Choice_307_rb.ept,CorrectFdbkFood,4.258937537
Per_Choice_307_rb.ept,CorrectFdbkFood,6.286026947
Per_Choice_307_rb.ept,CorrectFdbkFood,4.423237784
Per_Choice_307_rb.ept,IncorrectFdbk,3.85555322
Per_Choice_307_rb.ept,IncorrectFdbk,6.212731187
Per_Choice_307_rb.ept,IncorrectFdbk,3.711430833
Per_Choice_307_rb.ept,IncorrectFdbk,3.967460687
Per_Choice_307_rb.ept,IncorrectFdbk,7.594676264
Per_Choice_307_rb.ept,IncorrectFdbk,3.646991254
Per_Choice_307_rb.ept,IncorrectFdbk,7.524012551
Per_Choice_307_rb.ept,IncorrectFdbk,6.524275378
Per_Choice_307_rb.ept,IncorrectFdbk,8.899494278
Per_Choice_307_rb.ept,IncorrectFdbk,6.418954777
Per_Choice_307_rb.ept,IncorrectFdbk,-1.837299927
Per_Choice_307_rb.ept,IncorrectFdbk,3.724361199
Per_Choice_307_rb.ept,IncorrectFdbk,1.957414898
Per_Choice_307_rb.ept,IncorrectFdbk,1.898081315
Per_Choice_307_rb.ept,IncorrectFdbk,5.804394777
Per_Choice_307_rb.ept,IncorrectFdbk,9.628971091
Per_Choice_307_rb.ept,IncorrectFdbk,0.057513474
Per_Choice_307_rb.ept,IncorrectFdbk,2.311737034
Per_Choice_308_rb.ept,CorrectFdbk,2.59865456
Per_Choice_308_rb.ept,CorrectFdbk,1.262777486
Per_Choice_308_rb.ept,CorrectFdbk,-0.945324801
Per_Choice_308_rb.ept,CorrectFdbk,9.012721779
Per_Choice_308_rb.ept,CorrectFdbk,0.525288067
Per_Choice_308_rb.ept,CorrectFdbk,11.36633655
Per_Choice_308_rb.ept,CorrectFdbk,-0.327495541
Per_Choice_308_rb.ept,CorrectFdbk,6.918566309
Per_Choice_308_rb.ept,CorrectFdbk,5.670578708
Per_Choice_308_rb.ept,CorrectFdbk,7.526622133
Per_Choice_308_rb.ept,CorrectFdbk,-8.658622552
Per_Choice_308_rb.ept,CorrectFdbk,11.34758089
Per_Choice_308_rb.ept,CorrectFdbk,4.579781667
Per_Choice_308_rb.ept,CorrectFdbk,15.26552064
Per_Choice_308_rb.ept,CorrectFdbk,7.444581768
Per_Choice_308_rb.ept,CorrectFdbk,12.14981818
Per_Choice_308_rb.ept,CorrectFdbk,7.203225143
Per_Choice_308_rb.ept,CorrectFdbk,8.443248862
Per_Choice_308_rb.ept,CorrectFdbk,1.6998184
Per_Choice_308_rb.ept,CorrectFdbk,5.205052982
Per_Choice_308_rb.ept,CorrectFdbk,7.278817174
Per_Choice_308_rb.ept,CorrectFdbk,3.861273232
Per_Choice_308_rb.ept,CorrectFdbkFood,2.59872507
Per_Choice_308_rb.ept,CorrectFdbkFood,9.012721779
Per_Choice_308_rb.ept,CorrectFdbkFood,0.525288067
Per_Choice_308_rb.ept,CorrectFdbkFood,-0.327495541
Per_Choice_308_rb.ept,CorrectFdbkFood,5.670578708
Per_Choice_308_rb.ept,CorrectFdbkFood,7.526622133
Per_Choice_308_rb.ept,CorrectFdbkFood,-8.658622552
Per_Choice_308_rb.ept,CorrectFdbkFood,4.579781667
Per_Choice_308_rb.ept,CorrectFdbkFood,15.26552064
Per_Choice_308_rb.ept,CorrectFdbkFood,7.444581768
Per_Choice_308_rb.ept,CorrectFdbkFood,12.14981818
Per_Choice_308_rb.ept,CorrectFdbkFood,7.203200915
Per_Choice_308_rb.ept,CorrectFdbkFood,8.443248862
Per_Choice_308_rb.ept,CorrectFdbkFood,5.205052982
Per_Choice_308_rb.ept,CorrectFdbkFood,3.861273232
Per_Choice_308_rb.ept,IncorrectFdbk,3.484999731
Per_Choice_308_rb.ept,IncorrectFdbk,4.930128226
Per_Choice_308_rb.ept,IncorrectFdbk,3.87125014
Per_Choice_308_rb.ept,IncorrectFdbk,1.984420116
Per_Choice_308_rb.ept,IncorrectFdbk,-0.634079424
Per_Choice_308_rb.ept,IncorrectFdbk,-0.264085804
Per_Choice_308_rb.ept,IncorrectFdbk,3.791629092
Per_Choice_308_rb.ept,IncorrectFdbk,3.679308219
Per_Choice_308_rb.ept,IncorrectFdbk,3.964233107
Per_Choice_308_rb.ept,IncorrectFdbk,4.928298754
Per_Choice_308_rb.ept,IncorrectFdbk,-2.465645353
Per_Choice_308_rb.ept,IncorrectFdbk,-6.772293298
Per_Choice_308_rb.ept,IncorrectFdbk,6.436476192
Per_Choice_308_rb.ept,IncorrectFdbk,5.551144703
Per_Choice_308_rb.ept,IncorrectFdbk,-5.07821684
Per_Choice_308_rb.ept,IncorrectFdbk,10.77161684
Per_Choice_308_rb.ept,IncorrectFdbk,2.748822425
Per_Choice_308_rb.ept,IncorrectFdbk,0.708234651
Per_Choice_308_rb.ept,IncorrectFdbk,0.732802317
Per_Choice_308_rb.ept,IncorrectFdbk,10.73522653
Per_Choice_308_rb.ept,IncorrectFdbk,9.327755519
Per_Choice_308_rb.ept,IncorrectFdbk,-0.529179867
Per_Choice_308_rb.ept,IncorrectFdbk,2.975477654
Per_Choice_308_rb.ept,IncorrectFdbk,4.028976467
Per_Choice_309_rb.ept,CorrectFdbk,7.126416499
Per_Choice_309_rb.ept,CorrectFdbk,6.488130856
Per_Choice_309_rb.ept,CorrectFdbk,3.664225796
Per_Choice_309_rb.ept,CorrectFdbk,-1.493647864
Per_Choice_309_rb.ept,CorrectFdbk,5.096114781
Per_Choice_309_rb.ept,CorrectFdbk,7.072261928
Per_Choice_309_rb.ept,CorrectFdbk,-2.587361259
Per_Choice_309_rb.ept,CorrectFdbk,4.454539352
Per_Choice_309_rb.ept,CorrectFdbk,5.102463704
Per_Choice_309_rb.ept,CorrectFdbk,4.095881723
Per_Choice_309_rb.ept,CorrectFdbk,8.005708562
Per_Choice_309_rb.ept,CorrectFdbk,1.873138628
Per_Choice_309_rb.ept,CorrectFdbk,2.958464029
Per_Choice_309_rb.ept,CorrectFdbk,5.423879271
Per_Choice_309_rb.ept,CorrectFdbk,-1.594795824
Per_Choice_309_rb.ept,CorrectFdbk,3.411150013
Per_Choice_309_rb.ept,CorrectFdbk,13.96577731
Per_Choice_309_rb.ept,CorrectFdbk,-0.729331054
Per_Choice_309_rb.ept,CorrectFdbk,-3.802829874
Per_Choice_309_rb.ept,CorrectFdbk,8.527120102
Per_Choice_309_rb.ept,CorrectFdbk,1.252908384
Per_Choice_309_rb.ept,CorrectFdbk,5.483452468
Per_Choice_309_rb.ept,CorrectFdbk,8.197175112
Per_Choice_309_rb.ept,CorrectFdbk,1.307688329
Per_Choice_309_rb.ept,CorrectFdbk,-4.247126466
Per_Choice_309_rb.ept,CorrectFdbkFood,6.488130856
Per_Choice_309_rb.ept,CorrectFdbkFood,3.664225796
Per_Choice_309_rb.ept,CorrectFdbkFood,5.096114781
Per_Choice_309_rb.ept,CorrectFdbkFood,-2.587361259
Per_Choice_309_rb.ept,CorrectFdbkFood,4.095881723
Per_Choice_309_rb.ept,CorrectFdbkFood,2.958464029
Per_Choice_309_rb.ept,CorrectFdbkFood,3.411150013
Per_Choice_309_rb.ept,CorrectFdbkFood,13.96577731
Per_Choice_309_rb.ept,CorrectFdbkFood,-0.729331054
Per_Choice_309_rb.ept,CorrectFdbkFood,-3.802829874
Per_Choice_309_rb.ept,CorrectFdbkFood,5.483452468
Per_Choice_309_rb.ept,CorrectFdbkFood,1.307688329
Per_Choice_309_rb.ept,IncorrectFdbk,13.42487985
Per_Choice_309_rb.ept,IncorrectFdbk,1.340214927
Per_Choice_309_rb.ept,IncorrectFdbk,5.585725321
Per_Choice_309_rb.ept,IncorrectFdbk,-1.613956614
Per_Choice_309_rb.ept,IncorrectFdbk,2.496388656
Per_Choice_309_rb.ept,IncorrectFdbk,4.01202134
Per_Choice_309_rb.ept,IncorrectFdbk,-3.937577146
Per_Choice_309_rb.ept,IncorrectFdbk,4.891601378
Per_Choice_309_rb.ept,IncorrectFdbk,1.54220303
Per_Choice_309_rb.ept,IncorrectFdbk,1.846572611
Per_Choice_309_rb.ept,IncorrectFdbk,2.857145392
Per_Choice_309_rb.ept,IncorrectFdbk,4.01961656
Per_Choice_309_rb.ept,IncorrectFdbk,-2.37407519
Per_Choice_309_rb.ept,IncorrectFdbk,0.896971189
Per_Choice_309_rb.ept,IncorrectFdbk,-3.432337209
Per_Choice_309_rb.ept,IncorrectFdbk,-2.087694862
Per_Choice_309_rb.ept,IncorrectFdbk,-8.972792282
Per_Choice_309_rb.ept,IncorrectFdbk,-3.366478827
Per_Choice_309_rb.ept,IncorrectFdbk,1.313132723
Per_Choice_309_rb.ept,IncorrectFdbk,1.156817642
Per_Choice_309_rb.ept,IncorrectFdbk,-3.144805691
Per_Choice_309_rb.ept,IncorrectFdbk,1.582433711
Per_Choice_309_rb.ept,IncorrectFdbk,5.043386765
Per_Choice_310_rb.ept,CorrectFdbk,6.607497561
Per_Choice_310_rb.ept,CorrectFdbk,7.252889478
Per_Choice_310_rb.ept,CorrectFdbk,2.052877343
Per_Choice_310_rb.ept,CorrectFdbk,14.38253917
Per_Choice_310_rb.ept,CorrectFdbk,4.378846385
Per_Choice_310_rb.ept,CorrectFdbk,8.388674389
Per_Choice_310_rb.ept,CorrectFdbk,21.17190356
Per_Choice_310_rb.ept,CorrectFdbk,3.075354208
Per_Choice_310_rb.ept,CorrectFdbk,4.681190198
Per_Choice_310_rb.ept,CorrectFdbk,4.656112232
Per_Choice_310_rb.ept,CorrectFdbk,2.91874009
Per_Choice_310_rb.ept,CorrectFdbk,4.550258412
Per_Choice_310_rb.ept,CorrectFdbk,8.181141482
Per_Choice_310_rb.ept,CorrectFdbk,11.59165114
Per_Choice_310_rb.ept,CorrectFdbkFood,7.252854523
Per_Choice_310_rb.ept,CorrectFdbkFood,2.052877343
Per_Choice_310_rb.ept,CorrectFdbkFood,14.38253917
Per_Choice_310_rb.ept,CorrectFdbkFood,4.378846385
Per_Choice_310_rb.ept,CorrectFdbkFood,8.38867114
Per_Choice_310_rb.ept,CorrectFdbkFood,21.17190013
Per_Choice_310_rb.ept,CorrectFdbkFood,3.075372362
Per_Choice_310_rb.ept,CorrectFdbkFood,4.681388873
Per_Choice_310_rb.ept,CorrectFdbkFood,4.656110246
Per_Choice_310_rb.ept,CorrectFdbkFood,2.91874009
Per_Choice_310_rb.ept,CorrectFdbkFood,8.181136415
Per_Choice_310_rb.ept,CorrectFdbkFood,11.59165859
Per_Choice_310_rb.ept,IncorrectFdbk,16.89780351
Per_Choice_310_rb.ept,IncorrectFdbk,2.50101678
Per_Choice_310_rb.ept,IncorrectFdbk,2.024373174
Per_Choice_310_rb.ept,IncorrectFdbk,12.00915149
Per_Choice_310_rb.ept,IncorrectFdbk,2.820817149
Per_Choice_310_rb.ept,IncorrectFdbk,0.220394992
Per_Choice_310_rb.ept,IncorrectFdbk,4.463617231
Per_Choice_310_rb.ept,IncorrectFdbk,6.87241197
Per_Choice_310_rb.ept,IncorrectFdbk,9.732842405
Per_Choice_310_rb.ept,IncorrectFdbk,8.358905232
Per_Choice_310_rb.ept,IncorrectFdbk,-0.317260334
Per_Choice_311_rb.ept,CorrectFdbk,8.08564421
Per_Choice_311_rb.ept,CorrectFdbk,4.629810088
Per_Choice_311_rb.ept,CorrectFdbk,4.5414571
Per_Choice_311_rb.ept,CorrectFdbk,8.700035771
Per_Choice_311_rb.ept,CorrectFdbk,2.384534115
Per_Choice_311_rb.ept,CorrectFdbk,11.4430933
Per_Choice_311_rb.ept,CorrectFdbk,6.377433215
Per_Choice_311_rb.ept,CorrectFdbk,1.882300815
Per_Choice_311_rb.ept,CorrectFdbk,8.422831847
Per_Choice_311_rb.ept,CorrectFdbk,3.648067215
Per_Choice_311_rb.ept,CorrectFdbk,3.162505435
Per_Choice_311_rb.ept,CorrectFdbk,-2.581248072
Per_Choice_311_rb.ept,CorrectFdbk,-1.024581756
Per_Choice_311_rb.ept,CorrectFdbk,-0.270986973
Per_Choice_311_rb.ept,CorrectFdbk,4.114697653
Per_Choice_311_rb.ept,CorrectFdbk,1.399944532
Per_Choice_311_rb.ept,CorrectFdbk,2.15126117
Per_Choice_311_rb.ept,CorrectFdbk,2.471195362
Per_Choice_311_rb.ept,CorrectFdbk,2.130064355
Per_Choice_311_rb.ept,CorrectFdbk,5.939429042
Per_Choice_311_rb.ept,CorrectFdbk,5.74231993
Per_Choice_311_rb.ept,CorrectFdbkFood,4.629810088
Per_Choice_311_rb.ept,CorrectFdbkFood,8.700035771
Per_Choice_311_rb.ept,CorrectFdbkFood,6.377433215
Per_Choice_311_rb.ept,CorrectFdbkFood,1.882301341
Per_Choice_311_rb.ept,CorrectFdbkFood,3.162505435
Per_Choice_311_rb.ept,CorrectFdbkFood,-1.024581756
Per_Choice_311_rb.ept,CorrectFdbkFood,4.114697653
Per_Choice_311_rb.ept,CorrectFdbkFood,1.399944532
Per_Choice_311_rb.ept,CorrectFdbkFood,2.15126117
Per_Choice_311_rb.ept,CorrectFdbkFood,2.130064355
Per_Choice_311_rb.ept,IncorrectFdbk,2.945415011
Per_Choice_311_rb.ept,IncorrectFdbk,2.50266112
Per_Choice_311_rb.ept,IncorrectFdbk,2.840097648
Per_Choice_311_rb.ept,IncorrectFdbk,5.255474741
Per_Choice_311_rb.ept,IncorrectFdbk,5.295735271
Per_Choice_311_rb.ept,IncorrectFdbk,0.296631927
Per_Choice_311_rb.ept,IncorrectFdbk,4.590455859
Per_Choice_311_rb.ept,IncorrectFdbk,4.834978066
Per_Choice_311_rb.ept,IncorrectFdbk,-0.326242288
Per_Choice_311_rb.ept,IncorrectFdbk,1.374300442
Per_Choice_311_rb.ept,IncorrectFdbk,2.85847436
Per_Choice_311_rb.ept,IncorrectFdbk,2.839690353
Per_Choice_311_rb.ept,IncorrectFdbk,2.98344129
Per_Choice_311_rb.ept,IncorrectFdbk,-6.56872913
Per_Choice_311_rb.ept,IncorrectFdbk,3.017800158
Per_Choice_311_rb.ept,IncorrectFdbk,-3.643090057
Per_Choice_311_rb.ept,IncorrectFdbk,9.533969931
Per_Choice_311_rb.ept,IncorrectFdbk,7.191986536
Per_Choice_311_rb.ept,IncorrectFdbk,-0.529322849
Per_Choice_311_rb.ept,IncorrectFdbk,-6.547548472
Per_Choice_311_rb.ept,IncorrectFdbk,2.330844745
Per_Choice_311_rb.ept,IncorrectFdbk,-1.564641418
Per_Choice_311_rb.ept,IncorrectFdbk,3.356136789
Per_Choice_311_rb.ept,IncorrectFdbk,3.462716955
Per_Choice_313_rb.ept,CorrectFdbk,10.04311633
Per_Choice_313_rb.ept,CorrectFdbk,-4.005811387
Per_Choice_313_rb.ept,CorrectFdbk,5.973453448
Per_Choice_313_rb.ept,CorrectFdbk,-0.406750254
Per_Choice_313_rb.ept,CorrectFdbk,3.898987511
Per_Choice_313_rb.ept,CorrectFdbk,0.173233806
Per_Choice_313_rb.ept,CorrectFdbk,-3.098473915
Per_Choice_313_rb.ept,CorrectFdbk,4.107684822
Per_Choice_313_rb.ept,CorrectFdbk,2.197669645
Per_Choice_313_rb.ept,CorrectFdbk,0.067113444
Per_Choice_313_rb.ept,CorrectFdbk,0.062195481
Per_Choice_313_rb.ept,CorrectFdbk,1.820660375
Per_Choice_313_rb.ept,CorrectFdbk,-1.81127956
Per_Choice_313_rb.ept,CorrectFdbk,-4.948513298
Per_Choice_313_rb.ept,CorrectFdbk,-1.638169543
Per_Choice_313_rb.ept,CorrectFdbk,8.00965957
Per_Choice_313_rb.ept,CorrectFdbk,11.50603367
Per_Choice_313_rb.ept,CorrectFdbk,11.76871827
Per_Choice_313_rb.ept,CorrectFdbk,7.522548362
Per_Choice_313_rb.ept,CorrectFdbkFood,10.04312628
Per_Choice_313_rb.ept,CorrectFdbkFood,-4.005800691
Per_Choice_313_rb.ept,CorrectFdbkFood,6.410865157
Per_Choice_313_rb.ept,CorrectFdbkFood,-0.406750254
Per_Choice_313_rb.ept,CorrectFdbkFood,0.173526393
Per_Choice_313_rb.ept,CorrectFdbkFood,-3.098487602
Per_Choice_313_rb.ept,CorrectFdbkFood,2.197669645
Per_Choice_313_rb.ept,CorrectFdbkFood,0.062195481
Per_Choice_313_rb.ept,CorrectFdbkFood,1.820660375
Per_Choice_313_rb.ept,CorrectFdbkFood,-1.811377458
Per_Choice_313_rb.ept,CorrectFdbkFood,-4.948513298
Per_Choice_313_rb.ept,CorrectFdbkFood,-1.638169543
Per_Choice_313_rb.ept,CorrectFdbkFood,11.50603367
Per_Choice_313_rb.ept,IncorrectFdbk,-1.085171647
Per_Choice_313_rb.ept,IncorrectFdbk,6.951536341
Per_Choice_313_rb.ept,IncorrectFdbk,-10.34485853
Per_Choice_313_rb.ept,IncorrectFdbk,-0.279350976
Per_Choice_313_rb.ept,IncorrectFdbk,0.345399119
Per_Choice_313_rb.ept,IncorrectFdbk,-0.934967077
Per_Choice_313_rb.ept,IncorrectFdbk,-2.735183937
Per_Choice_313_rb.ept,IncorrectFdbk,2.791877192
Per_Choice_313_rb.ept,IncorrectFdbk,11.56102799
Per_Choice_313_rb.ept,IncorrectFdbk,4.740620149
Per_Choice_313_rb.ept,IncorrectFdbk,9.646179996
Per_Choice_313_rb.ept,IncorrectFdbk,-1.563857384
Per_Choice_313_rb.ept,IncorrectFdbk,0.909996236
Per_Choice_313_rb.ept,IncorrectFdbk,10.32730761
Per_Choice_313_rb.ept,IncorrectFdbk,11.60766871
Per_Choice_313_rb.ept,IncorrectFdbk,12.72703447
Per_Choice_313_rb.ept,IncorrectFdbk,-0.777717265
Per_Choice_317_rb.ept,CorrectFdbk,2.792960866
Per_Choice_317_rb.ept,CorrectFdbk,2.095981721
Per_Choice_317_rb.ept,CorrectFdbk,-2.013491719
Per_Choice_317_rb.ept,CorrectFdbk,2.834930763
Per_Choice_317_rb.ept,CorrectFdbk,-0.270279048
Per_Choice_317_rb.ept,CorrectFdbk,-1.628317654
Per_Choice_317_rb.ept,CorrectFdbk,0.130449719
Per_Choice_317_rb.ept,CorrectFdbk,-4.394887861
Per_Choice_317_rb.ept,CorrectFdbk,-1.858953669
Per_Choice_317_rb.ept,CorrectFdbk,-3.61596567
Per_Choice_317_rb.ept,CorrectFdbk,-0.522180065
Per_Choice_317_rb.ept,CorrectFdbk,0.852624077
Per_Choice_317_rb.ept,CorrectFdbk,-0.449596456
Per_Choice_317_rb.ept,CorrectFdbk,2.809996945
Per_Choice_317_rb.ept,CorrectFdbk,0.135762674
Per_Choice_317_rb.ept,CorrectFdbk,-0.971028436
Per_Choice_317_rb.ept,CorrectFdbk,1.817443825
Per_Choice_317_rb.ept,CorrectFdbk,-1.237873529
Per_Choice_317_rb.ept,CorrectFdbk,-1.653156465
Per_Choice_317_rb.ept,CorrectFdbk,0.062854989
Per_Choice_317_rb.ept,CorrectFdbk,3.371403542
Per_Choice_317_rb.ept,CorrectFdbk,0.610540728
Per_Choice_317_rb.ept,CorrectFdbkFood,2.644766686
Per_Choice_317_rb.ept,CorrectFdbkFood,2.095981721
Per_Choice_317_rb.ept,CorrectFdbkFood,-2.013491719
Per_Choice_317_rb.ept,CorrectFdbkFood,2.834930763
Per_Choice_317_rb.ept,CorrectFdbkFood,-1.62827377
Per_Choice_317_rb.ept,CorrectFdbkFood,0.130449719
Per_Choice_317_rb.ept,CorrectFdbkFood,-4.394887861
Per_Choice_317_rb.ept,CorrectFdbkFood,-1.858953669
Per_Choice_317_rb.ept,CorrectFdbkFood,-3.527575858
Per_Choice_317_rb.ept,CorrectFdbkFood,-0.522180065
Per_Choice_317_rb.ept,CorrectFdbkFood,0.852624077
Per_Choice_317_rb.ept,CorrectFdbkFood,2.809996945
Per_Choice_317_rb.ept,CorrectFdbkFood,0.135762674
Per_Choice_317_rb.ept,CorrectFdbkFood,-0.971028436
Per_Choice_317_rb.ept,CorrectFdbkFood,1.817443825
Per_Choice_317_rb.ept,CorrectFdbkFood,-1.237873234
Per_Choice_317_rb.ept,CorrectFdbkFood,-1.653156465
Per_Choice_317_rb.ept,CorrectFdbkFood,0.062855515
Per_Choice_317_rb.ept,CorrectFdbkFood,0.610540728
Per_Choice_317_rb.ept,IncorrectFdbk,0.467734746
Per_Choice_317_rb.ept,IncorrectFdbk,1.094972518
Per_Choice_317_rb.ept,IncorrectFdbk,-2.344847914
Per_Choice_317_rb.ept,IncorrectFdbk,1.863778147
Per_Choice_317_rb.ept,IncorrectFdbk,-8.284476767
Per_Choice_317_rb.ept,IncorrectFdbk,1.094032446
Per_Choice_317_rb.ept,IncorrectFdbk,2.648930721
Per_Choice_317_rb.ept,IncorrectFdbk,-0.188188768
Per_Choice_317_rb.ept,IncorrectFdbk,1.271904073
Per_Choice_317_rb.ept,IncorrectFdbk,-1.129519993
Per_Choice_317_rb.ept,IncorrectFdbk,-0.551595957
Per_Choice_317_rb.ept,IncorrectFdbk,0.872214346
Per_Choice_317_rb.ept,IncorrectFdbk,3.055750314
Per_Choice_317_rb.ept,IncorrectFdbk,1.649638506
Per_Choice_317_rb.ept,IncorrectFdbk,1.125210446
Per_Choice_317_rb.ept,IncorrectFdbk,-1.051748817
Per_Choice_317_rb.ept,IncorrectFdbk,-6.26E-05
Per_Choice_317_rb.ept,IncorrectFdbk,1.61481258
Per_Choice_317_rb.ept,IncorrectFdbk,-2.227867071
Per_Choice_317_rb.ept,IncorrectFdbk,2.402225458
Per_Choice_317_rb.ept,IncorrectFdbk,-4.098192156
Per_Choice_317_rb.ept,IncorrectFdbk,0.53467526
Per_Choice_318_rb.ept,CorrectFdbk,-3.868098771
Per_Choice_318_rb.ept,CorrectFdbk,2.164561472
Per_Choice_318_rb.ept,CorrectFdbk,5.125860726
Per_Choice_318_rb.ept,CorrectFdbk,15.46218867
Per_Choice_318_rb.ept,CorrectFdbk,6.158669741
Per_Choice_318_rb.ept,CorrectFdbk,28.64455609
Per_Choice_318_rb.ept,CorrectFdbk,11.71960167
Per_Choice_318_rb.ept,CorrectFdbk,27.19671774
Per_Choice_318_rb.ept,CorrectFdbk,24.03318559
Per_Choice_318_rb.ept,CorrectFdbk,3.607479776
Per_Choice_318_rb.ept,CorrectFdbk,3.049582618
Per_Choice_318_rb.ept,CorrectFdbk,12.62508937
Per_Choice_318_rb.ept,CorrectFdbk,2.358089286
Per_Choice_318_rb.ept,CorrectFdbk,5.855163243
Per_Choice_318_rb.ept,CorrectFdbk,17.68325849
Per_Choice_318_rb.ept,CorrectFdbk,12.99744785
Per_Choice_318_rb.ept,CorrectFdbk,18.01209732
Per_Choice_318_rb.ept,CorrectFdbk,12.5453227
Per_Choice_318_rb.ept,CorrectFdbk,9.820583855
Per_Choice_318_rb.ept,CorrectFdbk,2.145582159
Per_Choice_318_rb.ept,CorrectFdbk,8.116271163
Per_Choice_318_rb.ept,CorrectFdbk,23.74407514
Per_Choice_318_rb.ept,CorrectFdbk,2.590534812
Per_Choice_318_rb.ept,CorrectFdbk,2.207807338
Per_Choice_318_rb.ept,CorrectFdbk,18.73600883
Per_Choice_318_rb.ept,CorrectFdbkFood,-3.868098771
Per_Choice_318_rb.ept,CorrectFdbkFood,2.164561472
Per_Choice_318_rb.ept,CorrectFdbkFood,5.125860726
Per_Choice_318_rb.ept,CorrectFdbkFood,15.46218867
Per_Choice_318_rb.ept,CorrectFdbkFood,28.64455609
Per_Choice_318_rb.ept,CorrectFdbkFood,11.71960167
Per_Choice_318_rb.ept,CorrectFdbkFood,27.19671774
Per_Choice_318_rb.ept,CorrectFdbkFood,24.03318559
Per_Choice_318_rb.ept,CorrectFdbkFood,3.607479776
Per_Choice_318_rb.ept,CorrectFdbkFood,3.049582618
Per_Choice_318_rb.ept,CorrectFdbkFood,12.62508937
Per_Choice_318_rb.ept,CorrectFdbkFood,2.358089286
Per_Choice_318_rb.ept,CorrectFdbkFood,12.99744785
Per_Choice_318_rb.ept,CorrectFdbkFood,9.820583855
Per_Choice_318_rb.ept,CorrectFdbkFood,2.145582159
Per_Choice_318_rb.ept,CorrectFdbkFood,8.116271163
Per_Choice_318_rb.ept,CorrectFdbkFood,2.590341405
Per_Choice_318_rb.ept,CorrectFdbkFood,2.207807338
Per_Choice_318_rb.ept,IncorrectFdbk,19.88268856
Per_Choice_318_rb.ept,IncorrectFdbk,15.21225264
Per_Choice_318_rb.ept,IncorrectFdbk,13.1303959
Per_Choice_318_rb.ept,IncorrectFdbk,2.429592048
Per_Choice_318_rb.ept,IncorrectFdbk,15.04362868
Per_Choice_318_rb.ept,IncorrectFdbk,12.27005609
Per_Choice_318_rb.ept,IncorrectFdbk,0.348077904
Per_Choice_318_rb.ept,IncorrectFdbk,17.38844495
Per_Choice_318_rb.ept,IncorrectFdbk,14.30672431
Per_Choice_318_rb.ept,IncorrectFdbk,24.01616628
Per_Choice_318_rb.ept,IncorrectFdbk,4.126180291
Per_Choice_318_rb.ept,IncorrectFdbk,20.03070663
Per_Choice_318_rb.ept,IncorrectFdbk,-4.178021471
Per_Choice_318_rb.ept,IncorrectFdbk,3.361607947
Per_Choice_318_rb.ept,IncorrectFdbk,0.746765136
Per_Choice_318_rb.ept,IncorrectFdbk,7.858875015
Per_Choice_318_rb.ept,IncorrectFdbk,9.469962459
Per_Choice_318_rb.ept,IncorrectFdbk,21.87791586
Per_Choice_318_rb.ept,IncorrectFdbk,11.90961666
Per_Choice_318_rb.ept,IncorrectFdbk,7.328909226
Per_Choice_318_rb.ept,IncorrectFdbk,-2.266559532
Per_Choice_318_rb.ept,IncorrectFdbk,-9.372538262
Per_Choice_318_rb.ept,IncorrectFdbk,6.520664282
Per_Choice_318_rb.ept,IncorrectFdbk,-1.301347348
Per_Choice_319_rb.ept,CorrectFdbk,12.66879621
Per_Choice_319_rb.ept,CorrectFdbk,5.317604527
Per_Choice_319_rb.ept,CorrectFdbk,21.6001924
Per_Choice_319_rb.ept,CorrectFdbk,15.90332964
Per_Choice_319_rb.ept,CorrectFdbk,7.699984687
Per_Choice_319_rb.ept,CorrectFdbk,11.72364195
Per_Choice_319_rb.ept,CorrectFdbk,8.83431373
Per_Choice_319_rb.ept,CorrectFdbk,5.359474739
Per_Choice_319_rb.ept,CorrectFdbk,14.17341513
Per_Choice_319_rb.ept,CorrectFdbk,6.657533396
Per_Choice_319_rb.ept,CorrectFdbk,19.5963846
Per_Choice_319_rb.ept,CorrectFdbk,12.98575829
Per_Choice_319_rb.ept,CorrectFdbk,18.24153737
Per_Choice_319_rb.ept,CorrectFdbk,8.871320529
Per_Choice_319_rb.ept,CorrectFdbk,2.74918191
Per_Choice_319_rb.ept,CorrectFdbk,6.216578811
Per_Choice_319_rb.ept,CorrectFdbk,4.205580923
Per_Choice_319_rb.ept,CorrectFdbk,14.59394456
Per_Choice_319_rb.ept,CorrectFdbk,4.54464323
Per_Choice_319_rb.ept,CorrectFdbk,0.338212956
Per_Choice_319_rb.ept,CorrectFdbk,5.808184828
Per_Choice_319_rb.ept,CorrectFdbk,9.122431577
Per_Choice_319_rb.ept,CorrectFdbk,5.027145229
Per_Choice_319_rb.ept,CorrectFdbk,4.278644639
Per_Choice_319_rb.ept,CorrectFdbkFood,14.69892461
Per_Choice_319_rb.ept,CorrectFdbkFood,5.317604527
Per_Choice_319_rb.ept,CorrectFdbkFood,15.90332964
Per_Choice_319_rb.ept,CorrectFdbkFood,7.699984687
Per_Choice_319_rb.ept,CorrectFdbkFood,11.72364195
Per_Choice_319_rb.ept,CorrectFdbkFood,8.83431373
Per_Choice_319_rb.ept,CorrectFdbkFood,14.17341513
Per_Choice_319_rb.ept,CorrectFdbkFood,6.657533396
Per_Choice_319_rb.ept,CorrectFdbkFood,19.5963846
Per_Choice_319_rb.ept,CorrectFdbkFood,12.98575829
Per_Choice_319_rb.ept,CorrectFdbkFood,8.871320529
Per_Choice_319_rb.ept,CorrectFdbkFood,2.74918191
Per_Choice_319_rb.ept,CorrectFdbkFood,6.216578811
Per_Choice_319_rb.ept,CorrectFdbkFood,5.808184828
Per_Choice_319_rb.ept,CorrectFdbkFood,5.027145229
Per_Choice_319_rb.ept,IncorrectFdbk,13.31953673
Per_Choice_319_rb.ept,IncorrectFdbk,5.55388504
Per_Choice_319_rb.ept,IncorrectFdbk,5.811598745
Per_Choice_319_rb.ept,IncorrectFdbk,3.827392765
Per_Choice_319_rb.ept,IncorrectFdbk,4.527526763
Per_Choice_319_rb.ept,IncorrectFdbk,5.773591056
Per_Choice_319_rb.ept,IncorrectFdbk,4.836660022
Per_Choice_319_rb.ept,IncorrectFdbk,16.79413328
Per_Choice_319_rb.ept,IncorrectFdbk,0.689751371
Per_Choice_319_rb.ept,IncorrectFdbk,13.20331709
Per_Choice_319_rb.ept,IncorrectFdbk,10.23449795
Per_Choice_319_rb.ept,IncorrectFdbk,-2.917764319
Per_Choice_319_rb.ept,IncorrectFdbk,3.235283208
Per_Choice_319_rb.ept,IncorrectFdbk,7.381559558
Per_Choice_319_rb.ept,IncorrectFdbk,9.663224414
Per_Choice_319_rb.ept,IncorrectFdbk,15.24743007
Per_Choice_319_rb.ept,IncorrectFdbk,10.97511065
Per_Choice_319_rb.ept,IncorrectFdbk,11.80946327
Per_Choice_319_rb.ept,IncorrectFdbk,9.650079081
Per_Choice_319_rb.ept,IncorrectFdbk,9.922262458
Per_Choice_319_rb.ept,IncorrectFdbk,8.146708969
Per_Choice_319_rb.ept,IncorrectFdbk,3.712206618
Per_Choice_319_rb.ept,IncorrectFdbk,3.172834022
Per_Choice_320_rb.ept,CorrectFdbk,0.94677251
Per_Choice_320_rb.ept,CorrectFdbk,0.829798262
Per_Choice_320_rb.ept,CorrectFdbk,7.621808605
Per_Choice_320_rb.ept,CorrectFdbk,1.812776467
Per_Choice_320_rb.ept,CorrectFdbk,10.01569415
Per_Choice_320_rb.ept,CorrectFdbk,9.997440814
Per_Choice_320_rb.ept,CorrectFdbk,6.988484413
Per_Choice_320_rb.ept,CorrectFdbk,7.055498782
Per_Choice_320_rb.ept,CorrectFdbk,14.54155011
Per_Choice_320_rb.ept,CorrectFdbk,7.392668418
Per_Choice_320_rb.ept,CorrectFdbk,1.395424796
Per_Choice_320_rb.ept,CorrectFdbk,-5.466228471
Per_Choice_320_rb.ept,CorrectFdbk,-1.204175785
Per_Choice_320_rb.ept,CorrectFdbk,3.827863854
Per_Choice_320_rb.ept,CorrectFdbk,3.362518909
Per_Choice_320_rb.ept,CorrectFdbk,2.888001581
Per_Choice_320_rb.ept,CorrectFdbk,1.767928876
Per_Choice_320_rb.ept,CorrectFdbk,13.53366206
Per_Choice_320_rb.ept,CorrectFdbk,-0.403414838
Per_Choice_320_rb.ept,CorrectFdbk,2.044938998
Per_Choice_320_rb.ept,CorrectFdbkFood,0.829798262
Per_Choice_320_rb.ept,CorrectFdbkFood,1.812776467
Per_Choice_320_rb.ept,CorrectFdbkFood,10.01569415
Per_Choice_320_rb.ept,CorrectFdbkFood,9.997440814
Per_Choice_320_rb.ept,CorrectFdbkFood,6.988484413
Per_Choice_320_rb.ept,CorrectFdbkFood,7.055498782
Per_Choice_320_rb.ept,CorrectFdbkFood,14.54155011
Per_Choice_320_rb.ept,CorrectFdbkFood,7.392668418
Per_Choice_320_rb.ept,CorrectFdbkFood,1.395424796
Per_Choice_320_rb.ept,CorrectFdbkFood,-5.466228471
Per_Choice_320_rb.ept,CorrectFdbkFood,3.362518909
Per_Choice_320_rb.ept,CorrectFdbkFood,2.888001581
Per_Choice_320_rb.ept,CorrectFdbkFood,2.044655034
Per_Choice_320_rb.ept,IncorrectFdbk,-4.585131962
Per_Choice_320_rb.ept,IncorrectFdbk,0.607387628
Per_Choice_320_rb.ept,IncorrectFdbk,-3.358636263
Per_Choice_320_rb.ept,IncorrectFdbk,0.250003606
Per_Choice_320_rb.ept,IncorrectFdbk,5.00329786
Per_Choice_320_rb.ept,IncorrectFdbk,0.760610052
Per_Choice_320_rb.ept,IncorrectFdbk,0.972345757
Per_Choice_320_rb.ept,IncorrectFdbk,0.720310861
Per_Choice_320_rb.ept,IncorrectFdbk,4.012750341
Per_Choice_320_rb.ept,IncorrectFdbk,-5.425817982
Per_Choice_320_rb.ept,IncorrectFdbk,-5.701662073
Per_Choice_320_rb.ept,IncorrectFdbk,-3.015526959
Per_Choice_320_rb.ept,IncorrectFdbk,6.724831003
Per_Choice_320_rb.ept,IncorrectFdbk,5.184008791
Per_Choice_320_rb.ept,IncorrectFdbk,-0.027475005
Per_Choice_320_rb.ept,IncorrectFdbk,-4.099032835
Per_Choice_320_rb.ept,IncorrectFdbk,-2.543780796
Per_Choice_320_rb.ept,IncorrectFdbk,-0.446263294
Per_Choice_320_rb.ept,IncorrectFdbk,0.694631668
Per_Choice_321_rb.ept,CorrectFdbk,6.661352022
Per_Choice_321_rb.ept,CorrectFdbk,3.942794717
Per_Choice_321_rb.ept,CorrectFdbk,10.03922291
Per_Choice_321_rb.ept,CorrectFdbk,1.609222203
Per_Choice_321_rb.ept,CorrectFdbk,2.534714639
Per_Choice_321_rb.ept,CorrectFdbk,9.657186189
Per_Choice_321_rb.ept,CorrectFdbk,9.100044635
Per_Choice_321_rb.ept,CorrectFdbk,8.435560797
Per_Choice_321_rb.ept,CorrectFdbk,2.866641222
Per_Choice_321_rb.ept,CorrectFdbk,3.479996857
Per_Choice_321_rb.ept,CorrectFdbk,-1.744228005
Per_Choice_321_rb.ept,CorrectFdbk,2.302883385
Per_Choice_321_rb.ept,CorrectFdbk,2.795324275
Per_Choice_321_rb.ept,CorrectFdbk,1.486238179
Per_Choice_321_rb.ept,CorrectFdbk,4.001473653
Per_Choice_321_rb.ept,CorrectFdbk,0.812855703
Per_Choice_321_rb.ept,CorrectFdbk,3.203588104
Per_Choice_321_rb.ept,CorrectFdbk,-7.949976744
Per_Choice_321_rb.ept,CorrectFdbk,6.592637282
Per_Choice_321_rb.ept,CorrectFdbk,6.823747053
Per_Choice_321_rb.ept,CorrectFdbk,2.903759628
Per_Choice_321_rb.ept,CorrectFdbk,0.24360502
Per_Choice_321_rb.ept,CorrectFdbk,-2.018787745
Per_Choice_321_rb.ept,CorrectFdbkFood,6.661352022
Per_Choice_321_rb.ept,CorrectFdbkFood,3.942794717
Per_Choice_321_rb.ept,CorrectFdbkFood,10.03922291
Per_Choice_321_rb.ept,CorrectFdbkFood,1.609222203
Per_Choice_321_rb.ept,CorrectFdbkFood,9.657186189
Per_Choice_321_rb.ept,CorrectFdbkFood,9.100044635
Per_Choice_321_rb.ept,CorrectFdbkFood,8.488792639
Per_Choice_321_rb.ept,CorrectFdbkFood,2.866641222
Per_Choice_321_rb.ept,CorrectFdbkFood,-1.744228005
Per_Choice_321_rb.ept,CorrectFdbkFood,2.220675405
Per_Choice_321_rb.ept,CorrectFdbkFood,4.001473653
Per_Choice_321_rb.ept,CorrectFdbkFood,-7.949976744
Per_Choice_321_rb.ept,CorrectFdbkFood,6.592637282
Per_Choice_321_rb.ept,CorrectFdbkFood,2.903759628
Per_Choice_321_rb.ept,IncorrectFdbk,-1.189603077
Per_Choice_321_rb.ept,IncorrectFdbk,3.039517323
Per_Choice_321_rb.ept,IncorrectFdbk,10.67890404
Per_Choice_321_rb.ept,IncorrectFdbk,0.72344454
Per_Choice_321_rb.ept,IncorrectFdbk,4.188587399
Per_Choice_321_rb.ept,IncorrectFdbk,1.843690292
Per_Choice_321_rb.ept,IncorrectFdbk,6.122172388
Per_Choice_321_rb.ept,IncorrectFdbk,-1.818787382
Per_Choice_321_rb.ept,IncorrectFdbk,-0.4324893
Per_Choice_321_rb.ept,IncorrectFdbk,4.325693614
Per_Choice_321_rb.ept,IncorrectFdbk,-1.936664223
Per_Choice_321_rb.ept,IncorrectFdbk,2.335068743
Per_Choice_321_rb.ept,IncorrectFdbk,0.93507715
Per_Choice_321_rb.ept,IncorrectFdbk,4.18730707
Per_Choice_321_rb.ept,IncorrectFdbk,3.078842837
Per_Choice_321_rb.ept,IncorrectFdbk,3.993128569
Per_Choice_321_rb.ept,IncorrectFdbk,5.581762525
Per_Choice_321_rb.ept,IncorrectFdbk,5.798658915
Per_Choice_321_rb.ept,IncorrectFdbk,4.696923573
Per_Choice_321_rb.ept,IncorrectFdbk,-0.781058263
Per_Choice_321_rb.ept,IncorrectFdbk,0.833417058
Per_Choice_321_rb.ept,IncorrectFdbk,2.956397647
Per_Choice_321_rb.ept,IncorrectFdbk,1.513381923
Per_Choice_321_rb.ept,IncorrectFdbk,-1.523165648
Per_Choice_321_rb.ept,IncorrectFdbk,-2.625065338
Per_Choice_322_rb.ept,CorrectFdbk,10.31296608
Per_Choice_322_rb.ept,CorrectFdbk,8.104699743
Per_Choice_322_rb.ept,CorrectFdbk,11.23638465
Per_Choice_322_rb.ept,CorrectFdbk,7.599134962
Per_Choice_322_rb.ept,CorrectFdbk,0.557857275
Per_Choice_322_rb.ept,CorrectFdbk,4.702852039
Per_Choice_322_rb.ept,CorrectFdbk,4.128181843
Per_Choice_322_rb.ept,CorrectFdbk,10.40461678
Per_Choice_322_rb.ept,CorrectFdbk,9.525159778
Per_Choice_322_rb.ept,CorrectFdbk,13.73123681
Per_Choice_322_rb.ept,CorrectFdbk,5.329021224
Per_Choice_322_rb.ept,CorrectFdbk,7.373727403
Per_Choice_322_rb.ept,CorrectFdbk,4.013514804
Per_Choice_322_rb.ept,CorrectFdbk,6.237008963
Per_Choice_322_rb.ept,CorrectFdbk,9.276510431
Per_Choice_322_rb.ept,CorrectFdbk,4.815652586
Per_Choice_322_rb.ept,CorrectFdbk,0.076258552
Per_Choice_322_rb.ept,CorrectFdbk,5.793196327
Per_Choice_322_rb.ept,CorrectFdbk,7.86293866
Per_Choice_322_rb.ept,CorrectFdbk,8.300013071
Per_Choice_322_rb.ept,CorrectFdbk,3.909068351
Per_Choice_322_rb.ept,CorrectFdbk,8.920010912
Per_Choice_322_rb.ept,CorrectFdbk,5.919890213
Per_Choice_322_rb.ept,CorrectFdbk,-0.30696499
Per_Choice_322_rb.ept,CorrectFdbkFood,10.31296608
Per_Choice_322_rb.ept,CorrectFdbkFood,11.23638465
Per_Choice_322_rb.ept,CorrectFdbkFood,7.599134962
Per_Choice_322_rb.ept,CorrectFdbkFood,0.557857275
Per_Choice_322_rb.ept,CorrectFdbkFood,4.702852039
Per_Choice_322_rb.ept,CorrectFdbkFood,4.128181843
Per_Choice_322_rb.ept,CorrectFdbkFood,10.40461678
Per_Choice_322_rb.ept,CorrectFdbkFood,13.73123681
Per_Choice_322_rb.ept,CorrectFdbkFood,4.013514804
Per_Choice_322_rb.ept,CorrectFdbkFood,6.237008963
Per_Choice_322_rb.ept,CorrectFdbkFood,9.276510431
Per_Choice_322_rb.ept,CorrectFdbkFood,0.076258552
Per_Choice_322_rb.ept,CorrectFdbkFood,5.793196327
Per_Choice_322_rb.ept,CorrectFdbkFood,7.86293866
Per_Choice_322_rb.ept,CorrectFdbkFood,5.919890213
Per_Choice_322_rb.ept,CorrectFdbkFood,-0.30696499
Per_Choice_322_rb.ept,IncorrectFdbk,1.730475481
Per_Choice_322_rb.ept,IncorrectFdbk,0.072930039
Per_Choice_322_rb.ept,IncorrectFdbk,11.62139792
Per_Choice_322_rb.ept,IncorrectFdbk,3.041111527
Per_Choice_322_rb.ept,IncorrectFdbk,7.383660252
Per_Choice_322_rb.ept,IncorrectFdbk,0.646746905
Per_Choice_322_rb.ept,IncorrectFdbk,5.778729721
Per_Choice_322_rb.ept,IncorrectFdbk,6.610342214
Per_Choice_322_rb.ept,IncorrectFdbk,0.041205436
Per_Choice_322_rb.ept,IncorrectFdbk,3.809166106
Per_Choice_322_rb.ept,IncorrectFdbk,7.178666728
Per_Choice_322_rb.ept,IncorrectFdbk,1.132577827
Per_Choice_322_rb.ept,IncorrectFdbk,-2.224977966
Per_Choice_322_rb.ept,IncorrectFdbk,10.98291265
Per_Choice_322_rb.ept,IncorrectFdbk,7.449523061
Per_Choice_322_rb.ept,IncorrectFdbk,3.800527194
Per_Choice_322_rb.ept,IncorrectFdbk,8.36022456
Per_Choice_322_rb.ept,IncorrectFdbk,0.881650801
Per_Choice_322_rb.ept,IncorrectFdbk,9.405282697
Per_Choice_322_rb.ept,IncorrectFdbk,-3.094114025
Per_Choice_322_rb.ept,IncorrectFdbk,3.832035942
Per_Choice_322_rb.ept,IncorrectFdbk,7.834330801
Per_Choice_322_rb.ept,IncorrectFdbk,6.950536012
Per_Choice_322_rb.ept,IncorrectFdbk,8.232437889
Per_Choice_322_rb.ept,IncorrectFdbk,2.661012707
Per_Choice_323_rb.ept,CorrectFdbk,6.60438465
Per_Choice_323_rb.ept,CorrectFdbk,13.06626936
Per_Choice_323_rb.ept,CorrectFdbk,3.079865693
Per_Choice_323_rb.ept,CorrectFdbk,1.102849761
Per_Choice_323_rb.ept,CorrectFdbk,2.171067943
Per_Choice_323_rb.ept,CorrectFdbk,10.40264239
Per_Choice_323_rb.ept,CorrectFdbk,5.692368004
Per_Choice_323_rb.ept,CorrectFdbk,1.640710343
Per_Choice_323_rb.ept,CorrectFdbk,8.789705788
Per_Choice_323_rb.ept,CorrectFdbk,8.22477277
Per_Choice_323_rb.ept,CorrectFdbk,-0.125236014
Per_Choice_323_rb.ept,CorrectFdbk,4.613745668
Per_Choice_323_rb.ept,CorrectFdbk,-2.067878323
Per_Choice_323_rb.ept,CorrectFdbk,7.421837452
Per_Choice_323_rb.ept,CorrectFdbk,13.20920587
Per_Choice_323_rb.ept,CorrectFdbk,-0.434306798
Per_Choice_323_rb.ept,CorrectFdbk,3.791200319
Per_Choice_323_rb.ept,CorrectFdbk,9.474215013
Per_Choice_323_rb.ept,CorrectFdbk,-0.290999286
Per_Choice_323_rb.ept,CorrectFdbk,9.960317112
Per_Choice_323_rb.ept,CorrectFdbk,8.710367056
Per_Choice_323_rb.ept,CorrectFdbkFood,13.06625299
Per_Choice_323_rb.ept,CorrectFdbkFood,1.102849761
Per_Choice_323_rb.ept,CorrectFdbkFood,2.171067943
Per_Choice_323_rb.ept,CorrectFdbkFood,10.40264239
Per_Choice_323_rb.ept,CorrectFdbkFood,5.692368004
Per_Choice_323_rb.ept,CorrectFdbkFood,8.789693808
Per_Choice_323_rb.ept,CorrectFdbkFood,8.22477277
Per_Choice_323_rb.ept,CorrectFdbkFood,-0.125236014
Per_Choice_323_rb.ept,CorrectFdbkFood,4.613745668
Per_Choice_323_rb.ept,CorrectFdbkFood,-2.067878323
Per_Choice_323_rb.ept,CorrectFdbkFood,13.20920587
Per_Choice_323_rb.ept,CorrectFdbkFood,-0.434306798
Per_Choice_323_rb.ept,CorrectFdbkFood,3.791200319
Per_Choice_323_rb.ept,CorrectFdbkFood,9.474215013
Per_Choice_323_rb.ept,CorrectFdbkFood,9.960317112
Per_Choice_323_rb.ept,IncorrectFdbk,2.904543909
Per_Choice_323_rb.ept,IncorrectFdbk,7.830632406
Per_Choice_323_rb.ept,IncorrectFdbk,13.40098579
Per_Choice_323_rb.ept,IncorrectFdbk,7.459327933
Per_Choice_323_rb.ept,IncorrectFdbk,8.968916174
Per_Choice_323_rb.ept,IncorrectFdbk,-1.68911089
Per_Choice_323_rb.ept,IncorrectFdbk,-2.508175367
Per_Choice_323_rb.ept,IncorrectFdbk,4.633089978
Per_Choice_323_rb.ept,IncorrectFdbk,-3.280867816
Per_Choice_323_rb.ept,IncorrectFdbk,5.283941131
Per_Choice_323_rb.ept,IncorrectFdbk,5.185242322
Per_Choice_323_rb.ept,IncorrectFdbk,9.338760001
Per_Choice_323_rb.ept,IncorrectFdbk,5.459739967
Per_Choice_323_rb.ept,IncorrectFdbk,10.75275927
Per_Choice_323_rb.ept,IncorrectFdbk,9.045348626
Per_Choice_323_rb.ept,IncorrectFdbk,9.438486396
Per_Choice_323_rb.ept,IncorrectFdbk,4.76441445
Per_Choice_323_rb.ept,IncorrectFdbk,4.729921283
Per_Choice_323_rb.ept,IncorrectFdbk,7.081392689
Per_Choice_323_rb.ept,IncorrectFdbk,12.5554801
Per_Choice_324_rb.ept,CorrectFdbk,11.02797026
Per_Choice_324_rb.ept,CorrectFdbk,5.732946517
Per_Choice_324_rb.ept,CorrectFdbk,7.817634274
Per_Choice_324_rb.ept,CorrectFdbk,11.42775536
Per_Choice_324_rb.ept,CorrectFdbk,15.8521851
Per_Choice_324_rb.ept,CorrectFdbk,21.45549515
Per_Choice_324_rb.ept,CorrectFdbk,12.57260526
Per_Choice_324_rb.ept,CorrectFdbk,17.78132351
Per_Choice_324_rb.ept,CorrectFdbk,15.25089803
Per_Choice_324_rb.ept,CorrectFdbk,10.21229677
Per_Choice_324_rb.ept,CorrectFdbk,11.20073171
Per_Choice_324_rb.ept,CorrectFdbk,8.823667778
Per_Choice_324_rb.ept,CorrectFdbk,7.047976297
Per_Choice_324_rb.ept,CorrectFdbk,11.07188168
Per_Choice_324_rb.ept,CorrectFdbk,6.959973243
Per_Choice_324_rb.ept,CorrectFdbk,8.502929097
Per_Choice_324_rb.ept,CorrectFdbk,5.917502196
Per_Choice_324_rb.ept,CorrectFdbk,13.64199548
Per_Choice_324_rb.ept,CorrectFdbk,14.95188207
Per_Choice_324_rb.ept,CorrectFdbk,19.40234904
Per_Choice_324_rb.ept,CorrectFdbk,12.16088204
Per_Choice_324_rb.ept,CorrectFdbk,17.82727149
Per_Choice_324_rb.ept,CorrectFdbk,13.94012338
Per_Choice_324_rb.ept,CorrectFdbk,11.79457054
Per_Choice_324_rb.ept,CorrectFdbkFood,5.732946517
Per_Choice_324_rb.ept,CorrectFdbkFood,7.817634274
Per_Choice_324_rb.ept,CorrectFdbkFood,11.42775536
Per_Choice_324_rb.ept,CorrectFdbkFood,15.8521851
Per_Choice_324_rb.ept,CorrectFdbkFood,21.45549515
Per_Choice_324_rb.ept,CorrectFdbkFood,12.57260526
Per_Choice_324_rb.ept,CorrectFdbkFood,17.78132351
Per_Choice_324_rb.ept,CorrectFdbkFood,15.25089803
Per_Choice_324_rb.ept,CorrectFdbkFood,10.21229677
Per_Choice_324_rb.ept,CorrectFdbkFood,11.20073171
Per_Choice_324_rb.ept,CorrectFdbkFood,8.823667778
Per_Choice_324_rb.ept,CorrectFdbkFood,7.047976297
Per_Choice_324_rb.ept,CorrectFdbkFood,11.07188168
Per_Choice_324_rb.ept,CorrectFdbkFood,6.959973243
Per_Choice_324_rb.ept,CorrectFdbkFood,8.502929097
Per_Choice_324_rb.ept,CorrectFdbkFood,5.917502196
Per_Choice_324_rb.ept,CorrectFdbkFood,13.64199548
Per_Choice_324_rb.ept,CorrectFdbkFood,19.40234904
Per_Choice_324_rb.ept,CorrectFdbkFood,12.16088204
Per_Choice_324_rb.ept,CorrectFdbkFood,17.82727149
Per_Choice_324_rb.ept,CorrectFdbkFood,11.79457054
Per_Choice_324_rb.ept,IncorrectFdbk,1.496961874
Per_Choice_324_rb.ept,IncorrectFdbk,3.820310815
Per_Choice_324_rb.ept,IncorrectFdbk,4.405878752
Per_Choice_324_rb.ept,IncorrectFdbk,8.761658792
Per_Choice_324_rb.ept,IncorrectFdbk,9.866192778
Per_Choice_324_rb.ept,IncorrectFdbk,0.011359844
Per_Choice_324_rb.ept,IncorrectFdbk,17.94852918
Per_Choice_324_rb.ept,IncorrectFdbk,9.028979697
Per_Choice_324_rb.ept,IncorrectFdbk,9.818497361
Per_Choice_324_rb.ept,IncorrectFdbk,10.71943354
Per_Choice_324_rb.ept,IncorrectFdbk,10.39450032
Per_Choice_324_rb.ept,IncorrectFdbk,8.765348947
Per_Choice_324_rb.ept,IncorrectFdbk,15.39025691
Per_Choice_324_rb.ept,IncorrectFdbk,5.926993283
Per_Choice_324_rb.ept,IncorrectFdbk,12.42833734
Per_Choice_324_rb.ept,IncorrectFdbk,10.32470153
Per_Choice_324_rb.ept,IncorrectFdbk,11.18703988
Per_Choice_324_rb.ept,IncorrectFdbk,7.770030639
Per_Choice_324_rb.ept,IncorrectFdbk,10.11703622
Per_Choice_324_rb.ept,IncorrectFdbk,6.919080459
Per_Choice_324_rb.ept,IncorrectFdbk,18.32831229
Per_Choice_325_rb.ept,CorrectFdbk,9.263165801
Per_Choice_325_rb.ept,CorrectFdbk,11.08134994
Per_Choice_325_rb.ept,CorrectFdbk,2.471564799
Per_Choice_325_rb.ept,CorrectFdbk,7.338571375
Per_Choice_325_rb.ept,CorrectFdbk,2.217614791
Per_Choice_325_rb.ept,CorrectFdbk,-1.427253501
Per_Choice_325_rb.ept,CorrectFdbk,4.472814202
Per_Choice_325_rb.ept,CorrectFdbk,9.458200976
Per_Choice_325_rb.ept,CorrectFdbk,9.789888082
Per_Choice_325_rb.ept,CorrectFdbk,-1.425116312
Per_Choice_325_rb.ept,CorrectFdbk,10.86717551
Per_Choice_325_rb.ept,CorrectFdbk,4.559648114
Per_Choice_325_rb.ept,CorrectFdbk,15.2883643
Per_Choice_325_rb.ept,CorrectFdbk,6.733578838
Per_Choice_325_rb.ept,CorrectFdbk,8.07489892
Per_Choice_325_rb.ept,CorrectFdbk,6.009255296
Per_Choice_325_rb.ept,CorrectFdbk,-0.709899871
Per_Choice_325_rb.ept,CorrectFdbk,-0.20359697
Per_Choice_325_rb.ept,CorrectFdbk,-2.514319863
Per_Choice_325_rb.ept,CorrectFdbk,3.212712587
Per_Choice_325_rb.ept,CorrectFdbk,5.99628573
Per_Choice_325_rb.ept,CorrectFdbk,8.58676455
Per_Choice_325_rb.ept,CorrectFdbk,5.492551621
Per_Choice_325_rb.ept,CorrectFdbkFood,7.338571375
Per_Choice_325_rb.ept,CorrectFdbkFood,2.217614791
Per_Choice_325_rb.ept,CorrectFdbkFood,4.472814202
Per_Choice_325_rb.ept,CorrectFdbkFood,9.458200976
Per_Choice_325_rb.ept,CorrectFdbkFood,9.789888082
Per_Choice_325_rb.ept,CorrectFdbkFood,-1.425116312
Per_Choice_325_rb.ept,CorrectFdbkFood,4.559648306
Per_Choice_325_rb.ept,CorrectFdbkFood,15.2883643
Per_Choice_325_rb.ept,CorrectFdbkFood,6.733578838
Per_Choice_325_rb.ept,CorrectFdbkFood,8.07489892
Per_Choice_325_rb.ept,CorrectFdbkFood,-0.709899871
Per_Choice_325_rb.ept,CorrectFdbkFood,-2.514319863
Per_Choice_325_rb.ept,CorrectFdbkFood,8.58676455
Per_Choice_325_rb.ept,CorrectFdbkFood,5.873586376
Per_Choice_325_rb.ept,IncorrectFdbk,11.24884682
Per_Choice_325_rb.ept,IncorrectFdbk,-0.45941434
Per_Choice_325_rb.ept,IncorrectFdbk,10.42514146
Per_Choice_325_rb.ept,IncorrectFdbk,4.183164512
Per_Choice_325_rb.ept,IncorrectFdbk,0.8247792
Per_Choice_325_rb.ept,IncorrectFdbk,2.116178574
Per_Choice_325_rb.ept,IncorrectFdbk,0.656229526
Per_Choice_325_rb.ept,IncorrectFdbk,2.990271432
Per_Choice_325_rb.ept,IncorrectFdbk,0.729574765
Per_Choice_325_rb.ept,IncorrectFdbk,5.423726314
Per_Choice_325_rb.ept,IncorrectFdbk,1.348288188
Per_Choice_325_rb.ept,IncorrectFdbk,-1.377122989
Per_Choice_325_rb.ept,IncorrectFdbk,10.12159286
Per_Choice_325_rb.ept,IncorrectFdbk,-6.781088932
Per_Choice_325_rb.ept,IncorrectFdbk,14.1975384
Per_Choice_325_rb.ept,IncorrectFdbk,1.710344196
Per_Choice_325_rb.ept,IncorrectFdbk,8.427612932
Per_Choice_325_rb.ept,IncorrectFdbk,12.02816994
Per_Choice_325_rb.ept,IncorrectFdbk,2.944909749
Per_Choice_325_rb.ept,IncorrectFdbk,6.144705157
Per_Choice_325_rb.ept,IncorrectFdbk,6.971441025
Per_Choice_326_rb.ept,CorrectFdbk,10.18067662
Per_Choice_326_rb.ept,CorrectFdbk,8.441476017
Per_Choice_326_rb.ept,CorrectFdbk,-0.669623037
Per_Choice_326_rb.ept,CorrectFdbk,3.138035866
Per_Choice_326_rb.ept,CorrectFdbk,13.78934438
Per_Choice_326_rb.ept,CorrectFdbk,1.38075626
Per_Choice_326_rb.ept,CorrectFdbk,10.60542626
Per_Choice_326_rb.ept,CorrectFdbk,10.3663732
Per_Choice_326_rb.ept,CorrectFdbk,0.575010526
Per_Choice_326_rb.ept,CorrectFdbk,5.864713178
Per_Choice_326_rb.ept,CorrectFdbk,4.210913945
Per_Choice_326_rb.ept,CorrectFdbk,6.828797071
Per_Choice_326_rb.ept,CorrectFdbk,3.92232189
Per_Choice_326_rb.ept,CorrectFdbk,4.052282697
Per_Choice_326_rb.ept,CorrectFdbk,14.19092602
Per_Choice_326_rb.ept,CorrectFdbk,3.670792802
Per_Choice_326_rb.ept,CorrectFdbk,9.345199096
Per_Choice_326_rb.ept,CorrectFdbk,1.967051519
Per_Choice_326_rb.ept,CorrectFdbk,9.061877014
Per_Choice_326_rb.ept,CorrectFdbk,6.672143268
Per_Choice_326_rb.ept,CorrectFdbkFood,10.18067662
Per_Choice_326_rb.ept,CorrectFdbkFood,-0.669623037
Per_Choice_326_rb.ept,CorrectFdbkFood,3.138035866
Per_Choice_326_rb.ept,CorrectFdbkFood,13.78934438
Per_Choice_326_rb.ept,CorrectFdbkFood,1.38075626
Per_Choice_326_rb.ept,CorrectFdbkFood,10.60542626
Per_Choice_326_rb.ept,CorrectFdbkFood,10.3663732
Per_Choice_326_rb.ept,CorrectFdbkFood,5.864713178
Per_Choice_326_rb.ept,CorrectFdbkFood,3.92232189
Per_Choice_326_rb.ept,CorrectFdbkFood,14.19092602
Per_Choice_326_rb.ept,CorrectFdbkFood,3.670792802
Per_Choice_326_rb.ept,CorrectFdbkFood,1.967051519
Per_Choice_326_rb.ept,CorrectFdbkFood,9.061877014
Per_Choice_326_rb.ept,IncorrectFdbk,3.513922821
Per_Choice_326_rb.ept,IncorrectFdbk,2.106905849
Per_Choice_326_rb.ept,IncorrectFdbk,2.890153619
Per_Choice_326_rb.ept,IncorrectFdbk,-1.712623606
Per_Choice_326_rb.ept,IncorrectFdbk,2.032274528
Per_Choice_326_rb.ept,IncorrectFdbk,0.759443374
Per_Choice_326_rb.ept,IncorrectFdbk,-0.216967501
Per_Choice_326_rb.ept,IncorrectFdbk,-4.253008351
Per_Choice_326_rb.ept,IncorrectFdbk,8.084663849
Per_Choice_326_rb.ept,IncorrectFdbk,-0.748230232
Per_Choice_326_rb.ept,IncorrectFdbk,3.363087855
Per_Choice_326_rb.ept,IncorrectFdbk,-5.228053888
Per_Choice_326_rb.ept,IncorrectFdbk,5.145713178
Per_Choice_326_rb.ept,IncorrectFdbk,1.449396054
Per_Choice_326_rb.ept,IncorrectFdbk,6.69559271
Per_Choice_326_rb.ept,IncorrectFdbk,4.313369509
Per_Choice_326_rb.ept,IncorrectFdbk,0.055861942
Per_Choice_326_rb.ept,IncorrectFdbk,-0.055910976
Per_Choice_326_rb.ept,IncorrectFdbk,3.451537989
Per_Choice_326_rb.ept,IncorrectFdbk,-2.990302353
Per_Choice_326_rb.ept,IncorrectFdbk,8.597490768
Per_Choice_326_rb.ept,IncorrectFdbk,5.514247901
Per_Choice_326_rb.ept,IncorrectFdbk,2.814317566
Per_Choice_326_rb.ept,IncorrectFdbk,4.038918789
Per_Choice_326_rb.ept,IncorrectFdbk,-0.277146617
Per_Choice_327_rb.ept,CorrectFdbk,9.768734282
Per_Choice_327_rb.ept,CorrectFdbk,4.208431527
Per_Choice_327_rb.ept,CorrectFdbk,12.77498068
Per_Choice_327_rb.ept,CorrectFdbk,10.42275007
Per_Choice_327_rb.ept,CorrectFdbk,6.174275225
Per_Choice_327_rb.ept,CorrectFdbk,9.562461895
Per_Choice_327_rb.ept,CorrectFdbk,3.733345318
Per_Choice_327_rb.ept,CorrectFdbk,5.475196125
Per_Choice_327_rb.ept,CorrectFdbk,0.676412102
Per_Choice_327_rb.ept,CorrectFdbk,12.41751806
Per_Choice_327_rb.ept,CorrectFdbk,12.70159475
Per_Choice_327_rb.ept,CorrectFdbk,-0.575075803
Per_Choice_327_rb.ept,CorrectFdbk,7.154088429
Per_Choice_327_rb.ept,CorrectFdbk,16.26933668
Per_Choice_327_rb.ept,CorrectFdbk,15.79823756
Per_Choice_327_rb.ept,CorrectFdbk,3.846553341
Per_Choice_327_rb.ept,CorrectFdbk,10.16013099
Per_Choice_327_rb.ept,CorrectFdbk,9.708755134
Per_Choice_327_rb.ept,CorrectFdbk,3.307140633
Per_Choice_327_rb.ept,CorrectFdbkFood,13.06649376
Per_Choice_327_rb.ept,CorrectFdbkFood,6.174275225
Per_Choice_327_rb.ept,CorrectFdbkFood,9.562461895
Per_Choice_327_rb.ept,CorrectFdbkFood,3.733345318
Per_Choice_327_rb.ept,CorrectFdbkFood,0.676412102
Per_Choice_327_rb.ept,CorrectFdbkFood,12.41751806
Per_Choice_327_rb.ept,CorrectFdbkFood,12.70159475
Per_Choice_327_rb.ept,CorrectFdbkFood,7.154088429
Per_Choice_327_rb.ept,CorrectFdbkFood,16.26933668
Per_Choice_327_rb.ept,CorrectFdbkFood,3.846553341
Per_Choice_327_rb.ept,CorrectFdbkFood,3.307140633
Per_Choice_327_rb.ept,IncorrectFdbk,3.765632459
Per_Choice_327_rb.ept,IncorrectFdbk,-0.181878396
Per_Choice_327_rb.ept,IncorrectFdbk,9.919565145
Per_Choice_327_rb.ept,IncorrectFdbk,12.09192291
Per_Choice_327_rb.ept,IncorrectFdbk,6.669729002
Per_Choice_327_rb.ept,IncorrectFdbk,15.77675282
Per_Choice_327_rb.ept,IncorrectFdbk,6.31708893
Per_Choice_327_rb.ept,IncorrectFdbk,9.772491914
Per_Choice_327_rb.ept,IncorrectFdbk,9.000435311
Per_Choice_327_rb.ept,IncorrectFdbk,0.065667032
Per_Choice_327_rb.ept,IncorrectFdbk,11.06532853
Per_Choice_327_rb.ept,IncorrectFdbk,-0.358812461
Per_Choice_327_rb.ept,IncorrectFdbk,4.800118169
Per_Choice_327_rb.ept,IncorrectFdbk,-8.081739986
Per_Choice_327_rb.ept,IncorrectFdbk,1.659517367
Per_Choice_327_rb.ept,IncorrectFdbk,4.042524189
Per_Choice_327_rb.ept,IncorrectFdbk,7.506185677
Per_Choice_327_rb.ept,IncorrectFdbk,8.973587302
Per_Choice_327_rb.ept,IncorrectFdbk,12.10152889
Per_Choice_328_rb.ept,CorrectFdbk,0.374194374
Per_Choice_328_rb.ept,CorrectFdbk,9.169736981
Per_Choice_328_rb.ept,CorrectFdbk,5.156325097
Per_Choice_328_rb.ept,CorrectFdbk,8.055863753
Per_Choice_328_rb.ept,CorrectFdbk,19.0123104
Per_Choice_328_rb.ept,CorrectFdbk,5.512649554
Per_Choice_328_rb.ept,CorrectFdbk,-10.26572388
Per_Choice_328_rb.ept,CorrectFdbk,-1.722637874
Per_Choice_328_rb.ept,CorrectFdbk,-4.173889842
Per_Choice_328_rb.ept,CorrectFdbk,2.071175341
Per_Choice_328_rb.ept,CorrectFdbk,2.552095306
Per_Choice_328_rb.ept,CorrectFdbk,-2.439264624
Per_Choice_328_rb.ept,CorrectFdbk,-2.005604219
Per_Choice_328_rb.ept,CorrectFdbkFood,0.00778401
Per_Choice_328_rb.ept,CorrectFdbkFood,9.169741694
Per_Choice_328_rb.ept,CorrectFdbkFood,5.156330899
Per_Choice_328_rb.ept,CorrectFdbkFood,8.055863753
Per_Choice_328_rb.ept,CorrectFdbkFood,5.512852244
Per_Choice_328_rb.ept,CorrectFdbkFood,-1.722637874
Per_Choice_328_rb.ept,CorrectFdbkFood,2.071175341
Per_Choice_328_rb.ept,CorrectFdbkFood,-2.43914918
Per_Choice_328_rb.ept,CorrectFdbkFood,-2.005646279
Per_Choice_328_rb.ept,IncorrectFdbk,-2.33654485
Per_Choice_328_rb.ept,IncorrectFdbk,-2.963229204
Per_Choice_328_rb.ept,IncorrectFdbk,1.287527597
Per_Choice_328_rb.ept,IncorrectFdbk,3.344887365
Per_Choice_328_rb.ept,IncorrectFdbk,1.163808332
Per_Choice_328_rb.ept,IncorrectFdbk,1.192807459
Per_Choice_328_rb.ept,IncorrectFdbk,2.719867455
Per_Choice_328_rb.ept,IncorrectFdbk,3.130070047
Per_Choice_328_rb.ept,IncorrectFdbk,7.984513195
Per_Choice_329_rb.ept,CorrectFdbk,0.200169598
Per_Choice_329_rb.ept,CorrectFdbk,0.521255814
Per_Choice_329_rb.ept,CorrectFdbk,-2.672026947
Per_Choice_329_rb.ept,CorrectFdbk,4.564084703
Per_Choice_329_rb.ept,CorrectFdbk,0.237970768
Per_Choice_329_rb.ept,CorrectFdbkFood,0.200169598
Per_Choice_329_rb.ept,CorrectFdbkFood,0.521255814
Per_Choice_329_rb.ept,CorrectFdbkFood,4.564084703
Per_Choice_329_rb.ept,IncorrectFdbk,-0.539547804
Per_Choice_329_rb.ept,IncorrectFdbk,-5.640592088
Per_Choice_329_rb.ept,IncorrectFdbk,1.3403775
Per_Choice_329_rb.ept,IncorrectFdbk,-2.910738686
Per_Choice_329_rb.ept,IncorrectFdbk,1.433594258
Per_Choice_329_rb.ept,IncorrectFdbk,0.280627118
Per_Choice_329_rb.ept,IncorrectFdbk,-2.467221603
Per_Choice_329_rb.ept,IncorrectFdbk,-1.708824348
Per_Choice_330_rb.ept,CorrectFdbk,-1.050312888
Per_Choice_330_rb.ept,CorrectFdbk,10.03775272
Per_Choice_330_rb.ept,CorrectFdbk,5.093845658
Per_Choice_330_rb.ept,CorrectFdbk,11.99061171
Per_Choice_330_rb.ept,CorrectFdbk,3.248901373
Per_Choice_330_rb.ept,CorrectFdbk,5.271988066
Per_Choice_330_rb.ept,CorrectFdbk,5.309111229
Per_Choice_330_rb.ept,CorrectFdbk,0.156950225
Per_Choice_330_rb.ept,CorrectFdbk,7.067385305
Per_Choice_330_rb.ept,CorrectFdbk,0.599288686
Per_Choice_330_rb.ept,CorrectFdbk,4.362267122
Per_Choice_330_rb.ept,CorrectFdbk,9.803535204
Per_Choice_330_rb.ept,CorrectFdbk,6.12360451
Per_Choice_330_rb.ept,CorrectFdbk,8.941123238
Per_Choice_330_rb.ept,CorrectFdbk,7.078637586
Per_Choice_330_rb.ept,CorrectFdbk,4.630609663
Per_Choice_330_rb.ept,CorrectFdbk,3.46971873
Per_Choice_330_rb.ept,CorrectFdbkFood,10.03779958
Per_Choice_330_rb.ept,CorrectFdbkFood,5.093845658
Per_Choice_330_rb.ept,CorrectFdbkFood,11.99061171
Per_Choice_330_rb.ept,CorrectFdbkFood,3.248917909
Per_Choice_330_rb.ept,CorrectFdbkFood,5.271988066
Per_Choice_330_rb.ept,CorrectFdbkFood,0.156900902
Per_Choice_330_rb.ept,CorrectFdbkFood,4.362267122
Per_Choice_330_rb.ept,CorrectFdbkFood,9.803536041
Per_Choice_330_rb.ept,CorrectFdbkFood,6.123641662
Per_Choice_330_rb.ept,CorrectFdbkFood,8.05715117
Per_Choice_330_rb.ept,CorrectFdbkFood,4.630609663
Per_Choice_330_rb.ept,CorrectFdbkFood,3.469718231
Per_Choice_330_rb.ept,IncorrectFdbk,-3.297051782
Per_Choice_330_rb.ept,IncorrectFdbk,-0.454377121
Per_Choice_330_rb.ept,IncorrectFdbk,9.734207568
Per_Choice_330_rb.ept,IncorrectFdbk,1.958945253
Per_Choice_330_rb.ept,IncorrectFdbk,-2.93207036
Per_Choice_330_rb.ept,IncorrectFdbk,0.794068079
Per_Choice_330_rb.ept,IncorrectFdbk,6.567390903
Per_Choice_330_rb.ept,IncorrectFdbk,3.342858026
Per_Choice_330_rb.ept,IncorrectFdbk,5.815053969
Per_Choice_330_rb.ept,IncorrectFdbk,8.414830293
Per_Choice_330_rb.ept,IncorrectFdbk,7.388693916
Per_Choice_330_rb.ept,IncorrectFdbk,8.016178996
Per_Choice_330_rb.ept,IncorrectFdbk,3.548433507
Per_Choice_330_rb.ept,IncorrectFdbk,7.994882243
Per_Choice_330_rb.ept,IncorrectFdbk,0.860966209
Per_Choice_330_rb.ept,IncorrectFdbk,6.099019283
Per_Choice_330_rb.ept,IncorrectFdbk,3.721998463
Per_Choice_330_rb.ept,IncorrectFdbk,12.88362069
Per_Choice_330_rb.ept,IncorrectFdbk,5.458252842
Per_Choice_330_rb.ept,IncorrectFdbk,-0.374071625
Per_Choice_331_rb.ept,CorrectFdbk,7.338900495
Per_Choice_331_rb.ept,CorrectFdbk,10.8211148
Per_Choice_331_rb.ept,CorrectFdbk,4.325529347
Per_Choice_331_rb.ept,CorrectFdbk,-4.700116121
Per_Choice_331_rb.ept,CorrectFdbk,10.16179033
Per_Choice_331_rb.ept,CorrectFdbk,3.491685667
Per_Choice_331_rb.ept,CorrectFdbk,-8.757031746
Per_Choice_331_rb.ept,CorrectFdbk,8.914759384
Per_Choice_331_rb.ept,CorrectFdbk,6.669216834
Per_Choice_331_rb.ept,CorrectFdbk,1.503495017
Per_Choice_331_rb.ept,CorrectFdbk,3.629564392
Per_Choice_331_rb.ept,CorrectFdbk,-0.165739497
Per_Choice_331_rb.ept,CorrectFdbk,9.899791495
Per_Choice_331_rb.ept,CorrectFdbk,-11.56125429
Per_Choice_331_rb.ept,CorrectFdbk,3.242190638
Per_Choice_331_rb.ept,CorrectFdbk,5.269228084
Per_Choice_331_rb.ept,CorrectFdbk,13.13953297
Per_Choice_331_rb.ept,CorrectFdbk,4.866297224
Per_Choice_331_rb.ept,CorrectFdbk,8.144442493
Per_Choice_331_rb.ept,CorrectFdbk,12.52270323
Per_Choice_331_rb.ept,CorrectFdbk,7.802838064
Per_Choice_331_rb.ept,CorrectFdbk,-0.386403619
Per_Choice_331_rb.ept,CorrectFdbk,6.444718083
Per_Choice_331_rb.ept,CorrectFdbk,2.845129568
Per_Choice_331_rb.ept,CorrectFdbk,8.176950034
Per_Choice_331_rb.ept,CorrectFdbkFood,10.8211148
Per_Choice_331_rb.ept,CorrectFdbkFood,4.325529347
Per_Choice_331_rb.ept,CorrectFdbkFood,-4.700055262
Per_Choice_331_rb.ept,CorrectFdbkFood,10.16179033
Per_Choice_331_rb.ept,CorrectFdbkFood,-8.757031746
Per_Choice_331_rb.ept,CorrectFdbkFood,6.669216834
Per_Choice_331_rb.ept,CorrectFdbkFood,-0.165739497
Per_Choice_331_rb.ept,CorrectFdbkFood,-11.56125429
Per_Choice_331_rb.ept,CorrectFdbkFood,3.242190638
Per_Choice_331_rb.ept,CorrectFdbkFood,5.269293597
Per_Choice_331_rb.ept,CorrectFdbkFood,13.13893234
Per_Choice_331_rb.ept,CorrectFdbkFood,4.866297224
Per_Choice_331_rb.ept,CorrectFdbkFood,8.14441005
Per_Choice_331_rb.ept,CorrectFdbkFood,-0.386209377
Per_Choice_331_rb.ept,CorrectFdbkFood,6.376721387
Per_Choice_331_rb.ept,CorrectFdbkFood,2.845129568
Per_Choice_331_rb.ept,CorrectFdbkFood,8.177236469
Per_Choice_331_rb.ept,IncorrectFdbk,-10.25406608
Per_Choice_331_rb.ept,IncorrectFdbk,3.335413083
Per_Choice_331_rb.ept,IncorrectFdbk,7.281875069
Per_Choice_331_rb.ept,IncorrectFdbk,-11.13779136
Per_Choice_331_rb.ept,IncorrectFdbk,8.007094428
Per_Choice_331_rb.ept,IncorrectFdbk,4.29093171
Per_Choice_331_rb.ept,IncorrectFdbk,-3.159879204
Per_Choice_331_rb.ept,IncorrectFdbk,4.987296287
Per_Choice_331_rb.ept,IncorrectFdbk,2.634847176
Per_Choice_331_rb.ept,IncorrectFdbk,0.295423366
Per_Choice_331_rb.ept,IncorrectFdbk,-7.682292142
Per_Choice_331_rb.ept,IncorrectFdbk,-1.551196362
Per_Choice_331_rb.ept,IncorrectFdbk,4.657837648
Per_Choice_331_rb.ept,IncorrectFdbk,3.796170262
Per_Choice_331_rb.ept,IncorrectFdbk,4.729920602
Per_Choice_331_rb.ept,IncorrectFdbk,3.572172212
Per_Choice_331_rb.ept,IncorrectFdbk,11.42254789
Per_Choice_331_rb.ept,IncorrectFdbk,7.566982835
Per_Choice_331_rb.ept,IncorrectFdbk,4.558644595
Per_Choice_331_rb.ept,IncorrectFdbk,4.900485014
Per_Choice_331_rb.ept,IncorrectFdbk,-0.319961487
Per_Choice_331_rb.ept,IncorrectFdbk,1.866604907
Per_Choice_331_rb.ept,IncorrectFdbk,-8.101988887
Per_Choice_331_rb.ept,IncorrectFdbk,3.65904135
Per_Choice_332_rb.ept,CorrectFdbk,3.268665572
Per_Choice_332_rb.ept,CorrectFdbk,3.806035405
Per_Choice_332_rb.ept,CorrectFdbk,7.698587137
Per_Choice_332_rb.ept,CorrectFdbk,9.416045198
Per_Choice_332_rb.ept,CorrectFdbk,6.942839137
Per_Choice_332_rb.ept,CorrectFdbk,-0.951075348
Per_Choice_332_rb.ept,CorrectFdbk,2.583698573
Per_Choice_332_rb.ept,CorrectFdbk,2.181559822
Per_Choice_332_rb.ept,CorrectFdbk,2.546730917
Per_Choice_332_rb.ept,CorrectFdbk,1.591419063
Per_Choice_332_rb.ept,CorrectFdbk,2.460849693
Per_Choice_332_rb.ept,CorrectFdbk,5.562515961
Per_Choice_332_rb.ept,CorrectFdbk,1.876237697
Per_Choice_332_rb.ept,CorrectFdbk,13.03532044
Per_Choice_332_rb.ept,CorrectFdbk,0.134697268
Per_Choice_332_rb.ept,CorrectFdbk,1.528346253
Per_Choice_332_rb.ept,CorrectFdbk,5.115512572
Per_Choice_332_rb.ept,CorrectFdbk,4.577669251
Per_Choice_332_rb.ept,CorrectFdbk,0.869595038
Per_Choice_332_rb.ept,CorrectFdbk,1.296844033
Per_Choice_332_rb.ept,CorrectFdbk,9.506074491
Per_Choice_332_rb.ept,CorrectFdbk,5.978673045
Per_Choice_332_rb.ept,CorrectFdbk,-0.195752855
Per_Choice_332_rb.ept,CorrectFdbk,7.487888903
Per_Choice_332_rb.ept,CorrectFdbkFood,3.373681686
Per_Choice_332_rb.ept,CorrectFdbkFood,3.806035405
Per_Choice_332_rb.ept,CorrectFdbkFood,7.698587137
Per_Choice_332_rb.ept,CorrectFdbkFood,6.942839137
Per_Choice_332_rb.ept,CorrectFdbkFood,2.583697233
Per_Choice_332_rb.ept,CorrectFdbkFood,2.181559822
Per_Choice_332_rb.ept,CorrectFdbkFood,2.460849693
Per_Choice_332_rb.ept,CorrectFdbkFood,5.562419253
Per_Choice_332_rb.ept,CorrectFdbkFood,1.876237697
Per_Choice_332_rb.ept,CorrectFdbkFood,13.03532044
Per_Choice_332_rb.ept,CorrectFdbkFood,0.998194537
Per_Choice_332_rb.ept,CorrectFdbkFood,5.115512572
Per_Choice_332_rb.ept,CorrectFdbkFood,4.577669251
Per_Choice_332_rb.ept,CorrectFdbkFood,0.869595038
Per_Choice_332_rb.ept,CorrectFdbkFood,1.296844033
Per_Choice_332_rb.ept,CorrectFdbkFood,9.506074491
Per_Choice_332_rb.ept,CorrectFdbkFood,6.101482592
Per_Choice_332_rb.ept,CorrectFdbkFood,-0.195752855
Per_Choice_332_rb.ept,IncorrectFdbk,4.95050982
Per_Choice_332_rb.ept,IncorrectFdbk,0.143232732
Per_Choice_332_rb.ept,IncorrectFdbk,11.24065891
Per_Choice_332_rb.ept,IncorrectFdbk,-0.06269758
Per_Choice_332_rb.ept,IncorrectFdbk,-3.926141293
Per_Choice_332_rb.ept,IncorrectFdbk,1.869358483
Per_Choice_332_rb.ept,IncorrectFdbk,-8.085736769
Per_Choice_332_rb.ept,IncorrectFdbk,3.567569725
Per_Choice_332_rb.ept,IncorrectFdbk,2.482044252
Per_Choice_332_rb.ept,IncorrectFdbk,3.738249287
Per_Choice_332_rb.ept,IncorrectFdbk,4.949352183
Per_Choice_332_rb.ept,IncorrectFdbk,4.937456228
Per_Choice_332_rb.ept,IncorrectFdbk,6.038525444
Per_Choice_332_rb.ept,IncorrectFdbk,5.517775087
Per_Choice_332_rb.ept,IncorrectFdbk,-0.92688643
Per_Choice_332_rb.ept,IncorrectFdbk,11.27552093
Per_Choice_332_rb.ept,IncorrectFdbk,4.002445027
Per_Choice_332_rb.ept,IncorrectFdbk,3.973542677
Per_Choice_332_rb.ept,IncorrectFdbk,5.076657428
Per_Choice_332_rb.ept,IncorrectFdbk,8.134371946
Per_Choice_332_rb.ept,IncorrectFdbk,6.828131835
Per_Choice_333_rb.ept,CorrectFdbk,2.989796383
Per_Choice_333_rb.ept,CorrectFdbk,4.939082687
Per_Choice_333_rb.ept,CorrectFdbk,7.406573643
Per_Choice_333_rb.ept,CorrectFdbk,-3.375226663
Per_Choice_333_rb.ept,CorrectFdbk,-4.268721669
Per_Choice_333_rb.ept,CorrectFdbk,10.95256862
Per_Choice_333_rb.ept,CorrectFdbk,13.96057214
Per_Choice_333_rb.ept,CorrectFdbk,2.704150609
Per_Choice_333_rb.ept,CorrectFdbk,6.354095844
Per_Choice_333_rb.ept,CorrectFdbk,11.27288704
Per_Choice_333_rb.ept,CorrectFdbk,5.231360791
Per_Choice_333_rb.ept,CorrectFdbk,4.086525673
Per_Choice_333_rb.ept,CorrectFdbk,2.024655428
Per_Choice_333_rb.ept,CorrectFdbk,15.42912108
Per_Choice_333_rb.ept,CorrectFdbk,-2.411182769
Per_Choice_333_rb.ept,CorrectFdbk,14.1649557
Per_Choice_333_rb.ept,CorrectFdbk,11.02848976
Per_Choice_333_rb.ept,CorrectFdbk,-3.927611925
Per_Choice_333_rb.ept,CorrectFdbk,4.543898117
Per_Choice_333_rb.ept,CorrectFdbk,-4.713323524
Per_Choice_333_rb.ept,CorrectFdbk,15.76051384
Per_Choice_333_rb.ept,CorrectFdbk,9.430835128
Per_Choice_333_rb.ept,CorrectFdbk,5.888363838
Per_Choice_333_rb.ept,CorrectFdbkFood,4.939082687
Per_Choice_333_rb.ept,CorrectFdbkFood,7.406573643
Per_Choice_333_rb.ept,CorrectFdbkFood,-2.571453043
Per_Choice_333_rb.ept,CorrectFdbkFood,-4.317283499
Per_Choice_333_rb.ept,CorrectFdbkFood,10.95256862
Per_Choice_333_rb.ept,CorrectFdbkFood,13.96057214
Per_Choice_333_rb.ept,CorrectFdbkFood,6.354095844
Per_Choice_333_rb.ept,CorrectFdbkFood,11.27288704
Per_Choice_333_rb.ept,CorrectFdbkFood,15.42912108
Per_Choice_333_rb.ept,CorrectFdbkFood,-2.411182769
Per_Choice_333_rb.ept,CorrectFdbkFood,14.1649557
Per_Choice_333_rb.ept,CorrectFdbkFood,-3.927611925
Per_Choice_333_rb.ept,CorrectFdbkFood,5.115178295
Per_Choice_333_rb.ept,CorrectFdbkFood,-4.713324865
Per_Choice_333_rb.ept,CorrectFdbkFood,15.76051384
Per_Choice_333_rb.ept,IncorrectFdbk,4.197635448
Per_Choice_333_rb.ept,IncorrectFdbk,1.65474
Per_Choice_333_rb.ept,IncorrectFdbk,0.770397472
Per_Choice_333_rb.ept,IncorrectFdbk,-3.489347765
Per_Choice_333_rb.ept,IncorrectFdbk,6.454785875
Per_Choice_333_rb.ept,IncorrectFdbk,4.421529684
Per_Choice_333_rb.ept,IncorrectFdbk,8.152211704
Per_Choice_333_rb.ept,IncorrectFdbk,-8.243943386
Per_Choice_333_rb.ept,IncorrectFdbk,3.513575478
Per_Choice_333_rb.ept,IncorrectFdbk,8.843336572
Per_Choice_333_rb.ept,IncorrectFdbk,7.06328263
Per_Choice_333_rb.ept,IncorrectFdbk,8.593806647
Per_Choice_333_rb.ept,IncorrectFdbk,4.256375615
Per_Choice_333_rb.ept,IncorrectFdbk,0.502983583
Per_Choice_333_rb.ept,IncorrectFdbk,6.786198765
Per_Choice_333_rb.ept,IncorrectFdbk,7.684837209
Per_Choice_333_rb.ept,IncorrectFdbk,-1.601987818
Per_Choice_333_rb.ept,IncorrectFdbk,8.738087943
Per_Choice_333_rb.ept,IncorrectFdbk,12.07676426
Per_choice_231_rb.ept,CorrectFdbk,1.023454615
Per_choice_231_rb.ept,CorrectFdbk,13.44417608
Per_choice_231_rb.ept,CorrectFdbk,5.493595202
Per_choice_231_rb.ept,CorrectFdbk,5.151489586
Per_choice_231_rb.ept,CorrectFdbk,0.770282761
Per_choice_231_rb.ept,CorrectFdbk,6.17878381
Per_choice_231_rb.ept,CorrectFdbk,21.20018568
Per_choice_231_rb.ept,CorrectFdbk,5.188235801
Per_choice_231_rb.ept,CorrectFdbk,8.534317581
Per_choice_231_rb.ept,CorrectFdbk,-4.807840532
Per_choice_231_rb.ept,CorrectFdbk,-1.456219269
Per_choice_231_rb.ept,CorrectFdbk,-0.893651513
Per_choice_231_rb.ept,CorrectFdbk,3.772174195
Per_choice_231_rb.ept,CorrectFdbk,1.324976988
Per_choice_231_rb.ept,CorrectFdbk,4.573512437
Per_choice_231_rb.ept,CorrectFdbk,-0.281873016
Per_choice_231_rb.ept,CorrectFdbk,-0.580252842
Per_choice_231_rb.ept,CorrectFdbk,5.913876166
Per_choice_231_rb.ept,CorrectFdbk,6.640474714
Per_choice_231_rb.ept,CorrectFdbk,4.306136951
Per_choice_231_rb.ept,CorrectFdbk,5.455612386
Per_choice_231_rb.ept,CorrectFdbk,2.024111904
Per_choice_231_rb.ept,CorrectFdbkFood,4.575922124
Per_choice_231_rb.ept,CorrectFdbkFood,12.00434699
Per_choice_231_rb.ept,CorrectFdbkFood,4.305929815
Per_choice_231_rb.ept,CorrectFdbkFood,4.881258708
Per_choice_231_rb.ept,CorrectFdbkFood,7.181367362
Per_choice_231_rb.ept,CorrectFdbkFood,21.72180214
Per_choice_231_rb.ept,CorrectFdbkFood,5.524703624
Per_choice_231_rb.ept,CorrectFdbkFood,9.150782672
Per_choice_231_rb.ept,CorrectFdbkFood,-1.869101513
Per_choice_231_rb.ept,CorrectFdbkFood,0.47897315
Per_choice_231_rb.ept,CorrectFdbkFood,5.225260718
Per_choice_231_rb.ept,CorrectFdbkFood,-0.662367663
Per_choice_231_rb.ept,CorrectFdbkFood,-0.598215527
Per_choice_231_rb.ept,CorrectFdbkFood,6.272443339
Per_choice_231_rb.ept,CorrectFdbkFood,4.606661884
Per_choice_231_rb.ept,CorrectFdbkFood,2.096671343
Per_choice_231_rb.ept,IncorrectFdbk,6.63559717
Per_choice_231_rb.ept,IncorrectFdbk,4.554344247
Per_choice_231_rb.ept,IncorrectFdbk,0.474112964
Per_choice_231_rb.ept,IncorrectFdbk,-4.264878553
Per_choice_231_rb.ept,IncorrectFdbk,10.09753045
Per_choice_231_rb.ept,IncorrectFdbk,1.605534461
Per_choice_231_rb.ept,IncorrectFdbk,-8.830346477
Per_choice_231_rb.ept,IncorrectFdbk,-0.097224931
Per_choice_231_rb.ept,IncorrectFdbk,1.269110175
Per_choice_231_rb.ept,IncorrectFdbk,-1.530919689
Per_choice_231_rb.ept,IncorrectFdbk,5.165568696
Per_choice_231_rb.ept,IncorrectFdbk,1.032010101
Per_choice_231_rb.ept,IncorrectFdbk,9.732716355
Per_choice_231_rb.ept,IncorrectFdbk,7.827517154
Per_choice_231_rb.ept,IncorrectFdbk,-2.836377653
Per_choice_231_rb.ept,IncorrectFdbk,0.342431187
Per_choice_231_rb.ept,IncorrectFdbk,2.281651718
Per_choice_231_rb.ept,IncorrectFdbk,7.431868575
Per_choice_231_rb.ept,IncorrectFdbk,9.235336538
Per_choice_231_rb.ept,IncorrectFdbk,-4.88724128
Per_choice_231_rb.ept,IncorrectFdbk,15.36199